TimestepsSoFar,EpLenMean,meankl,EpRewMean,DiscEpRewMean,EpThisIter,TimeElapsed,surrgain,optimgain,entropy,ev_tdlam_before,Step_size,entloss,EpisodesSoFar
50000,500.0,0.007818278,-416.1683818808198,-416.1683818399906,100,11.634602785110474,0.00014340148,0.00014340148,0.4189424,,1.0,,100
100000,500.0,0.004669135,-416.41088759690524,-416.4108875763416,100,27.8603298664093,0.00033231324,0.00033231324,0.4189424,,1.0,,200
150000,500.0,0.006437874,-416.4045269560814,-416.40452699303626,100,41.670180559158325,0.0010510043,0.0010510043,0.4189424,,1.0,,300
200000,500.0,0.005021085,-416.4043909622729,-416.4043910008669,100,59.098103523254395,0.00090714387,0.00090714387,0.4189424,,1.0,,400
250000,500.0,0.00426146,-416.4429836420715,-416.44298360466956,100,72.06640887260437,0.0006204483,0.0006204483,0.4189424,,1.0,,500
300000,500.0,0.0067717615,-416.4210190787911,-416.4210190856457,100,85.86040616035461,0.0003775287,0.0003775287,0.4189424,,1.0,,600
350000,500.0,0.006930778,-416.4668990598619,-416.46689909160136,100,100.22947406768799,0.0003162155,0.0003162155,0.4189424,,1.0,,700
400000,500.0,0.005370177,-416.3138475109637,-416.3138474744558,100,114.86315035820007,0.00061922544,0.00061922544,0.4189424,,1.0,,800
450000,500.0,0.009025253,-415.8439243802428,-415.8439244556427,100,130.70985627174377,0.0015057919,0.0015057919,0.4189424,,1.0,,900
500000,500.0,0.006806023,-416.35241819500925,-416.3524182111025,100,147.85963702201843,0.00050533266,0.00050533266,0.4189424,,1.0,,1000
550000,500.0,0.00707743,-415.35499884933233,-415.3549988430739,100,162.07267570495605,0.0005872269,0.0005872269,0.4189424,,1.0,,1100
600000,500.0,0.00869633,-415.7166305348277,-415.71663051187994,100,176.40384435653687,0.000678945,0.000678945,0.4189424,,1.0,,1200
650000,500.0,0.009826916,-407.690474999249,-407.6904750174284,100,189.97447967529297,0.00046480529,0.00046480529,0.4189424,,1.0,,1300
700000,500.0,0.008871942,-413.55050190865995,-413.5505019360781,100,203.3763449192047,9.172363e-05,9.172363e-05,0.4189424,,1.0,,1400
750000,500.0,0.0073425453,-415.4556407800317,-415.45564079105856,100,218.43970775604248,0.0010488364,0.0010488364,0.4189424,,1.0,,1500
800000,500.0,0.005900365,-415.99097010746596,-415.99097011208534,100,231.65014028549194,0.00042733215,0.00042733215,0.4189424,,1.0,,1600
850000,500.0,0.007783258,-415.52975588038566,-415.529755923152,100,247.1458866596222,0.0002080069,0.0002080069,0.4189424,,1.0,,1700
900000,500.0,0.009745042,-411.9538311880827,-411.953831166029,100,262.8616740703583,0.0012456455,0.0012456455,0.4189424,,1.0,,1800
950000,500.0,0.009859086,-398.3404097551107,-398.34040972173216,100,277.7513918876648,0.0013925898,0.0013925898,0.4189424,,1.0,,1900
1000000,500.0,0.009905862,-387.0154455792904,-387.0154455602169,100,289.69789576530457,0.000595036,0.000595036,0.4189424,,1.0,,2000
1050000,500.0,0.009808318,-382.87795342013237,-382.8779534345865,100,304.89298582077026,0.0005962897,0.0005962897,0.4189424,,1.0,,2100
1100000,500.0,0.010020847,-376.9816123075783,-376.98161236345766,100,320.1396961212158,0.0011851633,0.0011851633,0.4189424,,1.0,,2200
1150000,500.0,0.009909763,-365.93633007273075,-365.93633008778096,100,336.3959538936615,0.00078015076,0.00078015076,0.4189424,,1.0,,2300
1199655,496.55,0.009997398,-352.55550339877607,-350.13379198610784,100,347.68325567245483,0.0013924524,0.0013924524,0.4189424,,1.0,,2400
1248795,491.4,0.00994681,-342.75690548822286,-336.9557994621992,100,362.94763374328613,0.001725299,0.001725299,0.4189424,,1.0,,2500
1298146,493.51,0.009930974,-347.791017754823,-343.03648850381376,100,377.79199147224426,0.00013787659,0.00013787659,0.4189424,,1.0,,2600
1345325,471.79,0.009958907,-326.4173446750641,-307.89209255576134,100,389.9295928478241,0.0008088788,0.0008088788,0.4189424,,1.0,,2700
1383830,385.05,0.00998219,-263.8118861183524,-200.65037226736547,100,403.03715562820435,0.0039343066,0.0039343066,0.4189424,,1.0,,2800
1416716,328.86,0.01001066,-225.82708899274468,-149.75868740499018,100,415.23267126083374,0.0072054137,0.0072054137,0.4189424,,1.0,,2900
1452909,361.93,0.010024215,-246.21972913324834,-181.3031623059511,100,427.50689363479614,0.0006552368,0.0006552368,0.4189424,,1.0,,3000
1488901,359.92,0.009995822,-247.04074977964163,-175.25064773380757,100,437.8364198207855,0.005409701,0.005409701,0.4189424,,1.0,,3100
1521600,326.99,0.010016853,-224.44732901886107,-148.41465855658055,100,448.71906423568726,0.012330792,0.012330792,0.4189424,,1.0,,3200
1556226,346.26,0.010006461,-235.92914140358567,-163.05554938673973,100,461.80685925483704,0.0044335313,0.0044335313,0.4189424,,1.0,,3300
1589296,330.7,0.009995728,-226.13963059037923,-147.01150511085987,100,473.4968159198761,0.016471224,0.016471224,0.4189424,,1.0,,3400
1619070,297.74,0.010007272,-204.9595754274726,-123.49311546444893,100,485.26216173171997,0.0045011933,0.0045011933,0.4189424,,1.0,,3500
1645497,264.27,0.01001115,-182.63849035069347,-96.19410390496255,100,496.5127511024475,0.0023231104,0.0023231104,0.4189424,,1.0,,3600
1673085,275.88,0.009922616,-190.94628394275904,-102.5516568350792,100,505.9811360836029,0.0045246487,0.0045246487,0.4189424,,1.0,,3700
1695197,221.12,0.010023517,-154.0369935077429,-68.1795825779438,100,515.2362740039825,0.0031837085,0.0031837085,0.4189424,,1.0,,3800
1717182,219.85,0.0098923715,-153.5930418640375,-68.1654739588499,100,525.4245820045471,0.00014574341,0.00014574341,0.4189424,,1.0,,3900
1743854,266.72,0.010004932,-184.33058400556445,-100.77097479462624,100,537.2809729576111,0.00588489,0.00588489,0.4189424,,1.0,,4000
1768508,246.54,0.009980787,-171.22505105808378,-86.07885533511639,100,548.7270052433014,0.0028345715,0.0028345715,0.4189424,,1.0,,4100
1791587,230.79,0.009986409,-161.15063856005668,-75.66497480750084,100,558.8729562759399,0.009651934,0.009651934,0.4189424,,1.0,,4200
1812594,210.07,0.009973743,-148.2352079820633,-62.35875878453255,100,567.4867012500763,0.00030534118,0.00030534118,0.4189424,,1.0,,4300
1831181,185.87,0.009990452,-130.85511074870826,-48.849843540787695,100,575.7428998947144,0.012477279,0.012477279,0.4189424,,1.0,,4400
1849011,178.3,0.009962599,-125.22487060159445,-44.337491255998614,100,584.7847187519073,0.0059425426,0.0059425426,0.4189424,,1.0,,4500
1865745,167.34,0.009904654,-117.19547795370221,-38.109000025987626,100,593.8789496421814,0.003239187,0.003239187,0.4189424,,1.0,,4600
1881691,159.46,0.010011373,-112.31047487094999,-36.20231661558151,100,601.3344922065735,0.00866089,0.00866089,0.4189424,,1.0,,4700
1897868,161.77,0.0099172685,-113.49283628329634,-36.45016843676567,100,609.2082347869873,0.0047211973,0.0047211973,0.4189424,,1.0,,4800
1912447,145.79,0.00987068,-102.38678663775325,-33.29497083365917,100,617.3846492767334,0.0015092627,0.0015092627,0.4189424,,1.0,,4900
1926508,140.61,0.01002044,-98.81554597705603,-27.60808084309101,100,625.3229002952576,0.005621511,0.005621511,0.4189424,,1.0,,5000
1939711,132.03,0.009856575,-92.04935117334128,-25.6436606746912,100,634.0855131149292,0.0017546655,0.0017546655,0.4189424,,1.0,,5100
1954109,143.98,0.009996759,-101.8976983551681,-30.620019573569298,100,641.6919751167297,0.0072386633,0.0072386633,0.4189424,,1.0,,5200
1967884,137.75,0.0098280795,-96.2823355858028,-26.79304467201233,100,648.5695044994354,0.0016944656,0.0016944656,0.4189424,,1.0,,5300
1981336,134.52,0.009934011,-94.19279095843434,-25.08064898133278,100,656.3054938316345,0.0038085089,0.0038085089,0.4189424,,1.0,,5400
1994754,134.18,0.009928309,-93.53867945313453,-27.210973379611968,100,663.9752440452576,0.0010607361,0.0010607361,0.4189424,,1.0,,5500
2008274,135.2,0.00999805,-94.7547226536274,-25.685105271339417,100,672.8948910236359,0.003880324,0.003880324,0.4189424,,1.0,,5600
2021475,132.01,0.010007342,-91.78231769084931,-25.036504993438722,100,681.3352365493774,0.010812451,0.010812451,0.4189424,,1.0,,5700
2035118,136.43,0.010018788,-95.48263517782092,-25.66016704916954,100,689.2384374141693,0.0027818945,0.0027818945,0.4189424,,1.0,,5800
2048178,130.6,0.009871367,-90.59295841768385,-23.442421560287475,100,696.0998015403748,0.0015846405,0.0015846405,0.4189424,,1.0,,5900
2062298,141.2,0.01001822,-98.66843853577971,-31.11604159653187,100,703.7102696895599,0.0044135596,0.0044135596,0.4189424,,1.0,,6000
2076775,144.77,0.009992463,-100.94588179320097,-30.6087131524086,100,710.8638412952423,0.0047061094,0.0047061094,0.4189424,,1.0,,6100
2091434,146.59,0.010021178,-102.16033842116595,-30.793462386727334,100,718.6333832740784,0.011361693,0.011361693,0.4189424,,1.0,,6200
2105770,143.36,0.010014646,-100.31149869129062,-28.305533118247986,100,726.6246380805969,0.0059979884,0.0059979884,0.4189424,,1.0,,6300
2120345,145.75,0.0099805845,-100.89745992526412,-30.014594885110856,100,735.2362883090973,0.008242692,0.008242692,0.4189424,,1.0,,6400
2134382,140.37,0.009975388,-97.71283573955297,-27.155251682400703,100,743.3903079032898,0.005560831,0.005560831,0.4189424,,1.0,,6500
2149402,150.2,0.010012307,-104.62702831372619,-31.421649235486985,100,751.5998451709747,0.004487603,0.004487603,0.4189424,,1.0,,6600
2163254,138.52,0.010007894,-95.97271079525352,-26.05128320157528,100,758.8275485038757,0.006010669,0.006010669,0.4189424,,1.0,,6700
2178310,150.56,0.009967272,-104.10723068639636,-32.28944996416569,100,767.3473320007324,0.003220434,0.003220434,0.4189424,,1.0,,6800
2191778,134.68,0.009864313,-93.25550822585821,-26.275556814074516,100,775.1625292301178,0.00100918,0.00100918,0.4189424,,1.0,,6900
2206855,150.77,0.009980146,-104.32574098512531,-32.61519955813885,100,783.7098612785339,5.024292e-05,5.024292e-05,0.4189424,,1.0,,7000
2221167,143.12,0.009999149,-99.6203148379922,-28.633685066103936,100,790.5445098876953,0.0047537205,0.0047537205,0.4189424,,1.0,,7100
2235671,145.04,0.009982187,-101.2528658528626,-28.902839785218237,100,798.531284570694,0.004177309,0.004177309,0.4189424,,1.0,,7200
2250413,147.42,0.009981639,-102.69960252106189,-29.75722519874573,100,805.7822556495667,0.0051235687,0.0051235687,0.4189424,,1.0,,7300
2264244,138.31,0.010016891,-96.06547902852297,-27.165498595237732,100,813.6296689510345,0.007450198,0.007450198,0.4189424,,1.0,,7400
2278507,142.63,0.009853501,-99.32101940482855,-28.973361397981645,100,821.2299251556396,0.003315586,0.003315586,0.4189424,,1.0,,7500
2293812,153.05,0.009998588,-106.69189354509115,-32.425080390572546,100,829.4726791381836,0.0040034615,0.0040034615,0.4189424,,1.0,,7600
2308381,145.69,0.010018591,-100.40190289631487,-29.999236834049224,100,837.5935051441193,0.0046367995,0.0046367995,0.4189424,,1.0,,7700
2322557,141.76,0.010003893,-97.7008145749569,-27.973962199687957,100,845.0695688724518,0.005013778,0.005013778,0.4189424,,1.0,,7800
2336906,143.49,0.010011267,-99.52075739040971,-29.79319642663002,100,853.0049934387207,0.01109959,0.01109959,0.4189424,,1.0,,7900
2351000,140.94,0.010028228,-97.16222181633115,-27.88058026790619,100,861.5210678577423,0.0056853527,0.0056853527,0.4189424,,1.0,,8000
2365198,141.98,0.009988421,-98.36893655821682,-28.549264998435973,100,870.7379877567291,0.0033264635,0.0033264635,0.4189424,,1.0,,8100
2378810,136.12,0.010015779,-93.89474980831146,-25.184114059209822,100,878.7840948104858,0.006355417,0.006355417,0.4189424,,1.0,,8200
2392611,138.01,0.00991458,-95.48817447632551,-27.05520644724369,100,886.6125090122223,0.0027177373,0.0027177373,0.4189424,,1.0,,8300
2407194,145.83,0.009979654,-100.69377934023738,-30.26784006178379,100,893.4973499774933,0.0031712304,0.0031712304,0.4189424,,1.0,,8400
2420758,135.64,0.010019953,-94.10557838171721,-26.37830522060394,100,900.8330836296082,0.0023763038,0.0023763038,0.4189424,,1.0,,8500
2434679,139.21,0.010001448,-96.42146961048246,-27.17545574247837,100,908.1043782234192,0.011917067,0.011917067,0.4189424,,1.0,,8600
2448694,140.15,0.009992761,-97.1023965215683,-26.850842381715776,100,915.6866526603699,0.0039844615,0.0039844615,0.4189424,,1.0,,8700
2462100,134.06,0.010013094,-93.37439357101917,-26.511021410822867,100,923.0387001037598,0.008207953,0.008207953,0.4189424,,1.0,,8800
2475167,130.67,0.009973358,-90.55533233985305,-24.02965190410614,100,930.9157335758209,0.003044163,0.003044163,0.4189424,,1.0,,8900
2489109,139.42,0.010033036,-96.4754490120709,-29.192608434557915,100,938.6328213214874,0.0048721116,0.0048721116,0.4189424,,1.0,,9000
2503013,139.04,0.010012101,-96.85572432219982,-26.781079576015472,100,946.0019414424896,0.0093022,0.0093022,0.4189424,,1.0,,9100
2516611,135.98,0.010017943,-94.36381947562099,-26.77735053539276,100,953.3465874195099,0.0029573028,0.0029573028,0.4189424,,1.0,,9200
2530223,136.12,0.0024889184,-94.55652979314327,-27.31717830300331,100,960.4759569168091,0.0001001123,0.0001001123,0.4189424,,0.5,,9300
2544697,144.74,0.00994321,-100.43270482212306,-29.819403532743454,100,968.0179064273834,0.002306173,0.002306173,0.4189424,,1.0,,9400
2559452,147.55,0.0099748485,-102.20419842153788,-29.603904313445092,100,974.853105545044,0.0074078823,0.0074078823,0.4189424,,1.0,,9500
2574107,146.55,0.0100092115,-101.65031567916274,-29.8771637570858,100,982.8099322319031,0.0051099486,0.0051099486,0.4189424,,1.0,,9600
2588413,143.06,0.010018304,-99.13119322121143,-27.463477216362953,100,990.3583686351776,0.005454049,0.005454049,0.4189424,,1.0,,9700
2602571,141.58,0.009963083,-97.48958498418331,-27.714182564020156,100,997.881833076477,0.0042021605,0.0042021605,0.4189424,,1.0,,9800
2618334,157.63,0.009981182,-108.35785064712167,-34.613249531388284,100,1006.1600210666656,0.003075077,0.003075077,0.4189424,,1.0,,9900
2632665,143.31,0.010001326,-98.73516927629709,-28.227708649635314,100,1013.8612022399902,0.005628389,0.005628389,0.4189424,,1.0,,10000
2647045,143.8,0.009965976,-99.10321481183172,-29.706780059933664,100,1022.192631483078,0.0030828088,0.0030828088,0.4189424,,1.0,,10100
2660484,134.39,0.0100119,-92.41953827947378,-24.88847518205643,100,1030.3446040153503,0.0068949987,0.0068949987,0.4189424,,1.0,,10200
2673823,133.39,0.009930685,-92.27399732992053,-25.10247170627117,100,1039.1091749668121,0.0032190478,0.0032190478,0.4189424,,1.0,,10300
2688341,145.18,0.009980669,-99.8706721559167,-28.899927693605424,100,1047.045955657959,0.0012306739,0.0012306739,0.4189424,,1.0,,10400
2702298,139.57,0.010010811,-96.01865059629083,-28.6797421759367,100,1053.7872631549835,0.0066328724,0.0066328724,0.4189424,,1.0,,10500
2715831,135.33,0.010001736,-92.73851404830813,-24.11761946737766,100,1061.1782839298248,0.0040017986,0.0040017986,0.4189424,,1.0,,10600
2729079,132.48,0.009973394,-91.79544784218074,-25.253301109075547,100,1069.132476091385,0.004386431,0.004386431,0.4189424,,1.0,,10700
2742434,133.55,0.009913519,-92.79289544150234,-25.373556561470032,100,1076.7912797927856,0.0036022046,0.0036022046,0.4189424,,1.0,,10800
2754649,122.15,0.010028465,-84.54608193174005,-20.692900505661964,100,1084.2233953475952,0.00802468,0.00802468,0.4189424,,1.0,,10900
2767033,123.84,0.009881346,-85.35627975687385,-21.521669471859934,100,1091.3062217235565,0.0005340358,0.0005340358,0.4189424,,1.0,,11000
2780225,131.92,0.009843472,-91.48001817986369,-25.132482067346572,100,1098.7649381160736,0.00083283114,0.00083283114,0.4189424,,1.0,,11100
2792821,125.96,0.0100434,-87.30137569233776,-22.104212841391565,100,1106.3137741088867,0.0013758374,0.0013758374,0.4189424,,1.0,,11200
2805504,126.83,0.009816287,-87.3845191130042,-22.900073568820954,100,1114.026516199112,0.0041224463,0.0041224463,0.4189424,,1.0,,11300
2817685,121.81,0.009942357,-84.20059066817164,-21.109947595000268,100,1121.0765039920807,0.0054787183,0.0054787183,0.4189424,,1.0,,11400
2829338,116.53,0.010019939,-79.88220249563456,-18.40855185687542,100,1128.0193557739258,0.0022509717,0.0022509717,0.4189424,,1.0,,11500
2840651,113.13,0.010018611,-78.10329282030463,-17.339130578041075,100,1135.164370059967,0.0020837109,0.0020837109,0.4189424,,1.0,,11600
2852594,119.43,0.009917805,-82.16510241419077,-19.853287955522536,100,1143.201601266861,0.007994471,0.007994471,0.4189424,,1.0,,11700
2864100,115.06,0.010023004,-79.701036336869,-17.145432279706,100,1151.0581045150757,0.0011833893,0.0011833893,0.4189424,,1.0,,11800
2875569,114.69,0.010012649,-79.05308625802398,-19.71089202582836,100,1158.8435781002045,0.0065657534,0.0065657534,0.4189424,,1.0,,11900
2886474,109.05,0.010039638,-75.1885381220281,-16.625624720454216,100,1165.3374679088593,0.006076566,0.006076566,0.4189424,,1.0,,12000
2897631,111.57,0.009992583,-77.41745552271604,-17.093516243696214,100,1172.1787893772125,0.0009375012,0.0009375012,0.4189424,,1.0,,12100
2909149,115.18,0.009981953,-80.12360392585397,-17.988427988886833,100,1179.4311146736145,0.009515986,0.009515986,0.4189424,,1.0,,12200
2920552,114.03,0.009990542,-79.15434264451265,-18.128359382152556,100,1186.7901973724365,0.003348253,0.003348253,0.4189424,,1.0,,12300
2932133,115.81,0.010021621,-80.57720122098922,-18.484365634918213,100,1195.0802958011627,0.015339011,0.015339011,0.4189424,,1.0,,12400
2943103,109.7,0.009916116,-75.83910366758704,-16.34772058069706,100,1202.1686708927155,0.0021734107,0.0021734107,0.4189424,,1.0,,12500
2954153,110.5,0.009888396,-76.79832618266344,-16.105587263703345,100,1208.8402481079102,0.0031212072,0.0031212072,0.4189424,,1.0,,12600
2966044,118.91,0.009934711,-82.14210626900196,-19.110903710722923,100,1215.5379967689514,0.006617512,0.006617512,0.4189424,,1.0,,12700
2978433,123.89,0.01002085,-85.87449702873826,-21.409568725824357,100,1222.7002143859863,0.0013589893,0.0013589893,0.4189424,,1.0,,12800
2990937,125.04,0.009979249,-85.84269385233522,-21.107584830522537,100,1230.7651448249817,0.004975763,0.004975763,0.4189424,,1.0,,12900
3003043,121.06,0.009915199,-84.00250550076366,-19.497903319001196,100,1238.4866180419922,0.0056151953,0.0056151953,0.4189424,,1.0,,13000
3015357,123.14,0.009898432,-85.82924975022674,-21.932189851999283,100,1246.8991425037384,0.0044493238,0.0044493238,0.4189424,,1.0,,13100
3028983,136.26,0.010011505,-95.03264617964625,-27.127736707925795,100,1254.9276037216187,0.0043055504,0.0043055504,0.4189424,,1.0,,13200
3042053,130.7,0.0099921385,-90.98824514761567,-24.47019670844078,100,1261.7176427841187,0.0029465095,0.0029465095,0.4189424,,1.0,,13300
3054892,128.39,0.010011734,-88.96740583971143,-23.691394340991973,100,1268.8747885227203,0.0008478241,0.0008478241,0.4189424,,1.0,,13400
3067991,130.99,0.0100229075,-91.25702807068825,-23.805923775434493,100,1276.10870885849,0.0072792964,0.0072792964,0.4189424,,1.0,,13500
3081206,132.15,0.009998546,-92.12231726393104,-25.218099058270454,100,1284.237186908722,0.015718853,0.015718853,0.4189424,,1.0,,13600
3093786,125.8,0.009984436,-88.12369454190134,-22.10341951906681,100,1291.7240397930145,0.005366458,0.005366458,0.4189424,,1.0,,13700
3106649,128.63,0.010022083,-89.64530363023282,-22.79308705508709,100,1299.3457276821136,0.0089711845,0.0089711845,0.4189424,,1.0,,13800
3119457,128.08,0.010013055,-89.50944287836552,-23.86853342592716,100,1307.6151571273804,0.0022800483,0.0022800483,0.4189424,,1.0,,13900
3132638,131.81,0.0100177415,-92.14864672482014,-25.36178047478199,100,1315.5614235401154,0.0075728954,0.0075728954,0.4189424,,1.0,,14000
3146053,134.15,0.010000533,-93.29982657715678,-23.912232097387314,100,1323.405117034912,0.0030918652,0.0030918652,0.4189424,,1.0,,14100
3159488,134.35,0.009913949,-93.1136295440793,-25.501483311653136,100,1330.7165987491608,0.0035263263,0.0035263263,0.4189424,,1.0,,14200
3172911,134.23,0.009962602,-93.37362480118871,-26.383948494195938,100,1338.7756040096283,0.0065186964,0.0065186964,0.4189424,,1.0,,14300
3185954,130.43,0.009855858,-90.84623937308788,-23.2828678637743,100,1345.4182014465332,0.0046216957,0.0046216957,0.4189424,,1.0,,14400
3198524,125.7,0.009928346,-87.55473848149181,-21.29434007525444,100,1353.4527497291565,0.0018725091,0.0018725091,0.4189424,,1.0,,14500
3210627,121.03,0.010012312,-83.89318196058274,-21.403773906230928,100,1360.6060321331024,0.0007096991,0.0007096991,0.4189424,,1.0,,14600
3222861,122.34,0.01001626,-84.59627777874469,-21.375895814299582,100,1367.592043876648,0.01619456,0.01619456,0.4189424,,1.0,,14700
3235212,123.51,0.010021324,-86.05791585117578,-22.170200979709627,100,1374.8521826267242,0.0022947951,0.0022947951,0.4189424,,1.0,,14800
3247321,121.09,0.009991498,-83.71433960050345,-22.070314875245096,100,1382.762125492096,0.010580855,0.010580855,0.4189424,,1.0,,14900
3259173,118.52,0.009867104,-82.1747626516223,-19.919594497680663,100,1390.1250400543213,0.001820913,0.001820913,0.4189424,,1.0,,15000
3270722,115.49,0.0100031905,-80.30915805250406,-18.296979765295983,100,1396.687573671341,0.009515313,0.009515313,0.4189424,,1.0,,15100
3282373,116.51,0.010027967,-80.89369250923396,-20.09186268031597,100,1403.6970868110657,0.0035541975,0.0035541975,0.4189424,,1.0,,15200
3294286,119.13,0.009999622,-83.14618646919727,-20.487480516433717,100,1411.0356438159943,0.0044799945,0.0044799945,0.4189424,,1.0,,15300
3306352,120.66,0.010016323,-83.62070383504033,-20.54821930885315,100,1418.8012301921844,0.0029198215,0.0029198215,0.4189424,,1.0,,15400
3318393,120.41,0.009928669,-83.12798143297434,-18.888923951387405,100,1425.6066858768463,8.4804684e-05,8.4804684e-05,0.4189424,,1.0,,15500
3330532,121.39,0.009906425,-83.6808107765019,-20.704072422385217,100,1432.9855561256409,0.002663523,0.002663523,0.4189424,,1.0,,15600
3343447,129.15,0.010013489,-89.52302223831416,-24.509034230709076,100,1440.6643116474152,0.0035243395,0.0035243395,0.4189424,,1.0,,15700
3356590,131.43,0.01002498,-90.66925052508712,-23.966081941723825,100,1448.083237171173,0.0031129285,0.0031129285,0.4189424,,1.0,,15800
3369462,128.72,0.009903368,-88.77183014407754,-24.04224108338356,100,1455.1499173641205,0.00058831053,0.00058831053,0.4189424,,1.0,,15900
3383777,143.15,0.009934587,-99.2397105807066,-28.191071804761886,100,1462.7069282531738,0.0027373314,0.0027373314,0.4189424,,1.0,,16000
3396747,129.7,0.010026644,-89.40768371269107,-23.747072830200196,100,1469.589433670044,0.0026040457,0.0026040457,0.4189424,,1.0,,16100
3410047,133.0,0.009929371,-91.80722184583544,-22.76455081164837,100,1477.0955533981323,0.0029496264,0.0029496264,0.4189424,,1.0,,16200
3422074,120.27,0.010025405,-83.21864766791462,-20.009887790679933,100,1484.7929139137268,0.012584772,0.012584772,0.4189424,,1.0,,16300
3434503,124.29,0.009866769,-85.66055563762784,-20.861640310287477,100,1492.8788647651672,0.003358629,0.003358629,0.4189424,,1.0,,16400
3446286,117.83,0.010072356,-81.1210376815498,-20.390287849903107,100,1500.170821428299,0.0024181176,0.0024181176,0.4189424,,1.0,,16500
3458149,118.63,0.009936643,-81.3384392952919,-20.85154598414898,100,1507.915231704712,0.0013892774,0.0013892774,0.4189424,,1.0,,16600
3469720,115.71,0.009921816,-79.4771490573883,-18.67847615599632,100,1515.6846868991852,0.0043296632,0.0043296632,0.4189424,,1.0,,16700
3480753,110.33,0.010012936,-75.88072999507189,-16.544664135575296,100,1522.9198021888733,0.008645212,0.008645212,0.4189424,,1.0,,16800
3491791,110.38,0.009979881,-76.23752137318253,-17.2621545368433,100,1530.7439365386963,0.005222258,0.005222258,0.4189424,,1.0,,16900
3502682,108.91,0.010015909,-74.93964902684093,-15.826470128297807,100,1538.2897255420685,0.0043011354,0.0043011354,0.4189424,,1.0,,17000
3513480,107.98,0.009963141,-74.8753973789513,-15.553905205130578,100,1545.9218072891235,0.0036195007,0.0036195007,0.4189424,,1.0,,17100
3524575,110.95,0.009951466,-76.95479845345021,-18.291118179559707,100,1553.8017444610596,0.00548927,0.00548927,0.4189424,,1.0,,17200
3535208,106.33,0.009928014,-73.70559977412223,-15.046918057799338,100,1561.8826570510864,0.0046684467,0.0046684467,0.4189424,,1.0,,17300
3546252,110.44,0.010027197,-76.33618349030614,-17.84500291466713,100,1569.821848154068,0.0025045697,0.0025045697,0.4189424,,1.0,,17400
3557316,110.64,0.009997727,-76.79373300045728,-17.320292417407035,100,1577.7953705787659,0.007040101,0.007040101,0.4189424,,1.0,,17500
3568671,113.55,0.010013128,-78.6265656274557,-17.259097177386284,100,1585.467589855194,0.004939064,0.004939064,0.4189424,,1.0,,17600
3579979,113.08,0.009866123,-78.15967375859618,-17.733098782896995,100,1593.4490003585815,0.00018829833,0.00018829833,0.4189424,,1.0,,17700
3591793,118.14,0.009991267,-81.51315237700939,-19.761070244908332,100,1601.2326385974884,0.007963489,0.007963489,0.4189424,,1.0,,17800
3603442,116.49,0.009843305,-81.21742597863079,-18.8355951410532,100,1609.0646178722382,0.00043751494,0.00043751494,0.4189424,,1.0,,17900
3615948,125.06,0.009756841,-87.17989467337728,-22.28912362575531,100,1617.377606868744,0.0036856043,0.0036856043,0.4189424,,1.0,,18000
3628735,127.87,0.0098901,-89.7436519509554,-23.04480660021305,100,1625.4974038600922,0.003924222,0.003924222,0.4189424,,1.0,,18100
3641528,127.93,0.0099439,-89.26980240747332,-23.213608754277228,100,1633.4361333847046,0.00424411,0.00424411,0.4189424,,1.0,,18200
3654307,127.79,0.009981953,-88.7518564467132,-23.224699326753615,100,1641.303052186966,0.0016818676,0.0016818676,0.4189424,,1.0,,18300
3667041,127.34,0.0099564,-88.45145210653544,-22.657351793050765,100,1649.37735080719,0.0010676304,0.0010676304,0.4189424,,1.0,,18400
3680445,134.04,0.009933765,-92.90048629403114,-24.048433304429054,100,1657.465547800064,0.0023898608,0.0023898608,0.4189424,,1.0,,18500
3693504,130.59,0.009881416,-91.06573909968138,-24.813715549111365,100,1666.0323538780212,0.0016967249,0.0016967249,0.4189424,,1.0,,18600
3705817,123.13,0.010019539,-85.48709880650044,-22.534789464473725,100,1673.9769086837769,0.005432394,0.005432394,0.4189424,,1.0,,18700
3718365,125.48,0.010017063,-87.78979915425181,-21.273802721500395,100,1681.9642746448517,0.008385688,0.008385688,0.4189424,,1.0,,18800
3730755,123.9,0.010028761,-85.86294618815184,-20.17854454278946,100,1689.955682516098,0.002253863,0.002253863,0.4189424,,1.0,,18900
3742773,120.18,0.010021795,-83.34938561528921,-19.15344665825367,100,1697.7179226875305,0.0037443775,0.0037443775,0.4189424,,1.0,,19000
3754781,120.08,0.00994714,-83.51715595126151,-19.453676959872247,100,1705.3133635520935,0.0050856075,0.0050856075,0.4189424,,1.0,,19100
3766230,114.49,0.009938989,-79.47101030692458,-18.75035383105278,100,1712.960322380066,0.0037778162,0.0037778162,0.4189424,,1.0,,19200
3777404,111.74,0.010003081,-77.74929458796979,-16.381309456825257,100,1720.6067423820496,0.007426621,0.007426621,0.4189424,,1.0,,19300
3789366,119.62,0.009916965,-83.11854746684432,-19.703753923773764,100,1728.290862083435,0.0010742077,0.0010742077,0.4189424,,1.0,,19400
3800549,111.83,0.009820631,-77.71798728689551,-18.18460215806961,100,1736.2211093902588,0.0043218364,0.0043218364,0.4189424,,1.0,,19500
3811301,107.52,0.009857527,-74.81297110140324,-16.50367754518986,100,1743.9239246845245,0.0044205394,0.0044205394,0.4189424,,1.0,,19600
3822851,115.5,0.0099822795,-80.15318874225021,-18.198172444701196,100,1751.8831889629364,0.0064676306,0.0064676306,0.4189424,,1.0,,19700
3833884,110.33,0.009920874,-76.2546196398139,-17.25616001367569,100,1759.699413061142,0.0052825026,0.0052825026,0.4189424,,1.0,,19800
3844862,109.78,0.00993564,-76.43236051112413,-16.788187195062637,100,1767.1167588233948,0.0013632275,0.0013632275,0.4189424,,1.0,,19900
3855494,106.32,0.009877772,-73.45599751546979,-15.815287932157517,100,1774.741350889206,0.0035075904,0.0035075904,0.4189424,,1.0,,20000
3866693,111.99,0.009988261,-78.17376574173569,-17.875609916448592,100,1782.5559566020966,0.006753899,0.006753899,0.4189424,,1.0,,20100
3877490,107.97,0.009879576,-74.70132426068187,-16.23636506140232,100,1790.4098861217499,0.003679626,0.003679626,0.4189424,,1.0,,20200
3888387,108.97,0.010038122,-76.09558119475841,-16.573798171281815,100,1797.771591424942,0.00594102,0.00594102,0.4189424,,1.0,,20300
3898858,104.71,0.010028972,-72.00216342642904,-15.593456185460091,100,1805.3552775382996,0.004592655,0.004592655,0.4189424,,1.0,,20400
3909494,106.36,0.009983021,-73.58936433300376,-17.17889160335064,100,1812.790117740631,0.016228948,0.016228948,0.4189424,,1.0,,20500
3920298,108.04,0.010024835,-75.10342206910252,-16.33142456114292,100,1820.3565127849579,0.0039185644,0.0039185644,0.4189424,,1.0,,20600
3930744,104.46,0.010022898,-72.61370820373297,-15.594974143505096,100,1827.6538565158844,0.004284808,0.004284808,0.4189424,,1.0,,20700
3941278,105.34,0.0100055095,-72.5821871137619,-15.75075107872486,100,1834.8846743106842,0.012386577,0.012386577,0.4189424,,1.0,,20800
3952290,110.12,0.010032343,-76.39362120032311,-17.14668463766575,100,1842.189358472824,0.009519957,0.009519957,0.4189424,,1.0,,20900
3963109,108.19,0.009814722,-74.53441518366337,-16.80669481754303,100,1850.2291469573975,8.6681976e-05,8.6681976e-05,0.4189424,,1.0,,21000
3973745,106.36,0.009877515,-73.33608761236071,-15.583490604758262,100,1857.4905843734741,0.004561839,0.004561839,0.4189424,,1.0,,21100
3984386,106.41,0.010010245,-73.67269690468908,-16.42992447912693,100,1864.6608197689056,0.0070498902,0.0070498902,0.4189424,,1.0,,21200
3995085,106.99,0.009982337,-73.9522567115724,-16.420753190517427,100,1871.463018655777,0.003627467,0.003627467,0.4189424,,1.0,,21300
4005902,108.17,0.010021041,-74.95297900468111,-15.62430668950081,100,1878.6782808303833,0.004584746,0.004584746,0.4189424,,1.0,,21400
4016721,108.19,0.0100250095,-74.59917209088802,-16.314199140071867,100,1885.647854089737,0.0070632324,0.0070632324,0.4189424,,1.0,,21500
4027533,108.12,0.01000375,-74.72286142870784,-17.263226264715193,100,1892.5102107524872,0.006370821,0.006370821,0.4189424,,1.0,,21600
4038258,107.25,0.009894915,-74.070264262259,-15.792019217014312,100,1899.8074941635132,0.0034507995,0.0034507995,0.4189424,,1.0,,21700
4049105,108.47,0.009876286,-74.86200785338879,-15.256886770129205,100,1906.93723154068,0.0040098713,0.0040098713,0.4189424,,1.0,,21800
4059995,108.9,0.010022334,-74.99286454826593,-16.187781919836997,100,1914.0312821865082,0.008929648,0.008929648,0.4189424,,1.0,,21900
4070664,106.69,0.009823267,-73.43343183085322,-16.145180210471153,100,1920.8029255867004,0.005303539,0.005303539,0.4189424,,1.0,,22000
4081175,105.11,0.009857055,-72.56577570766211,-15.599982410073281,100,1927.3935680389404,0.007236386,0.007236386,0.4189424,,1.0,,22100
4091268,100.93,0.009972144,-69.56125319212676,-13.888334972262383,100,1933.9496896266937,0.0036593818,0.0036593818,0.4189424,,1.0,,22200
4101600,103.32,0.010024243,-71.20248554259538,-13.305351306796075,100,1940.6814603805542,0.0071319896,0.0071319896,0.4189424,,1.0,,22300
4111651,100.51,0.009923867,-69.07112879738212,-14.198299959301949,100,1947.5046491622925,0.004408042,0.004408042,0.4189424,,1.0,,22400
4121555,99.04,0.010029224,-68.1952246916294,-14.713588605523109,100,1954.2274978160858,0.0032542443,0.0032542443,0.4189424,,1.0,,22500
4131511,99.56,0.010026696,-68.33262069121002,-13.967549199461937,100,1960.9442143440247,0.0036970507,0.0036970507,0.4189424,,1.0,,22600
4141571,100.6,0.009901576,-69.05991136506199,-13.770279044508934,100,1967.5150582790375,0.0028223842,0.0028223842,0.4189424,,1.0,,22700
4151967,103.96,0.009856047,-71.65480726152659,-15.125808133482932,100,1974.3568630218506,0.0039249836,0.0039249836,0.4189424,,1.0,,22800
4162660,106.93,0.0100180935,-73.8480537097156,-15.89178760588169,100,1981.2200531959534,0.0035140803,0.0035140803,0.4189424,,1.0,,22900
4173292,106.32,0.009909252,-73.09824172198772,-16.388849670886994,100,1988.3523445129395,0.003224635,0.003224635,0.4189424,,1.0,,23000
4183597,103.05,0.010016522,-71.38138715952635,-15.426306458115578,100,1994.9592390060425,0.0057712514,0.0057712514,0.4189424,,1.0,,23100
4193751,101.54,0.010005381,-70.57133688211441,-14.443006043434144,100,2001.1270501613617,0.0059797633,0.0059797633,0.4189424,,1.0,,23200
4204360,106.09,0.009914038,-73.3442174358666,-16.41251397550106,100,2007.7855308055878,0.0018349778,0.0018349778,0.4189424,,1.0,,23300
4214612,102.52,0.009890253,-70.66015103831887,-15.291416518688202,100,2014.379962682724,0.0053068553,0.0053068553,0.4189424,,1.0,,23400
4224598,99.86,0.00994486,-69.00165943041443,-13.732704983949661,100,2021.6068387031555,0.0058634426,0.0058634426,0.4189424,,1.0,,23500
4234622,100.24,0.009999155,-68.63450943917036,-14.18948112487793,100,2028.8900537490845,0.0026150849,0.0026150849,0.4189424,,1.0,,23600
4244341,97.19,0.010007488,-66.91771532475948,-12.910864322781563,100,2035.971143245697,0.0040959944,0.0040959944,0.4189424,,1.0,,23700
4254085,97.44,0.00987611,-67.15573967799544,-13.36621950864792,100,2042.8234241008759,0.0040864185,0.0040864185,0.4189424,,1.0,,23800
4264413,103.28,0.009885316,-70.7323539596796,-14.625328099131584,100,2049.623945713043,0.0019981037,0.0019981037,0.4189424,,1.0,,23900
4275096,106.83,0.00994206,-74.11257619395852,-16.50005968093872,100,2056.9227249622345,0.0057827956,0.0057827956,0.4189424,,1.0,,24000
4285335,102.39,0.010024045,-70.60959947660565,-14.642211565971374,100,2063.5762445926666,0.0038441003,0.0038441003,0.4189424,,1.0,,24100
4295541,102.06,0.010029035,-71.21321649238467,-14.45514299094677,100,2076.146812438965,0.0056582456,0.0056582456,0.4189424,,1.0,,24200
4306371,108.3,0.009872235,-74.97277525275946,-16.771028687953947,100,2083.7268192768097,0.005154603,0.005154603,0.4189424,,1.0,,24300
4316524,101.53,0.010032876,-69.70561860457063,-14.5765318775177,100,2091.1087398529053,0.008239038,0.008239038,0.4189424,,1.0,,24400
4326737,102.13,0.009941586,-70.35723836809397,-14.142480732798576,100,2098.227478504181,0.0047187563,0.0047187563,0.4189424,,1.0,,24500
4337466,107.29,0.00986943,-74.01753625035286,-14.89905731022358,100,2105.5948667526245,0.0027420148,0.0027420148,0.4189424,,1.0,,24600
4348058,105.92,0.009989126,-72.88246516868472,-15.307532325387001,100,2112.8227458000183,0.0051145144,0.0051145144,0.4189424,,1.0,,24700
4358717,106.59,0.0099527305,-72.94838912665844,-16.210979855656625,100,2120.3540229797363,0.0023549756,0.0023549756,0.4189424,,1.0,,24800
4369318,106.01,0.009959451,-72.87638720333577,-15.746485078930855,100,2127.911480665207,0.0009850598,0.0009850598,0.4189424,,1.0,,24900
4379914,105.96,0.010015903,-72.92133384123444,-15.984694244861602,100,2135.421118736267,0.0034937654,0.0034937654,0.4189424,,1.0,,25000
4390309,103.95,0.010010489,-71.81453915953637,-14.21753451704979,100,2142.6945099830627,0.007753274,0.007753274,0.4189424,,1.0,,25100
4400941,106.32,0.01001053,-73.0565796251595,-15.842661568522454,100,2150.230905532837,0.0059884093,0.0059884093,0.4189424,,1.0,,25200
4411475,105.34,0.009846945,-73.03986178934574,-15.388639764785767,100,2157.6237506866455,0.002516385,0.002516385,0.4189424,,1.0,,25300
4421532,100.57,0.010005737,-69.36405877694487,-14.97636894106865,100,2165.128905773163,0.0011078699,0.0011078699,0.4189424,,1.0,,25400
4431642,101.1,0.009985771,-69.45236673235894,-14.086516771912574,100,2172.760856628418,0.0050747036,0.0050747036,0.4189424,,1.0,,25500
4441838,101.96,0.010010693,-70.1460538263619,-15.229514427781105,100,2180.1812312602997,0.00903784,0.00903784,0.4189424,,1.0,,25600
4452309,104.71,0.009955561,-72.22952275022864,-14.964061703681946,100,2187.712907075882,0.004793236,0.004793236,0.4189424,,1.0,,25700
4462881,105.72,0.010023613,-72.77414933994413,-15.568135555386544,100,2195.0798466205597,0.0033872388,0.0033872388,0.4189424,,1.0,,25800
4473177,102.96,0.009996973,-71.28177441596985,-14.795308431386948,100,2202.179386138916,0.0018757312,0.0018757312,0.4189424,,1.0,,25900
4483970,107.93,0.009959254,-74.49146526992321,-15.902220416069031,100,2208.864827632904,0.006313722,0.006313722,0.4189424,,1.0,,26000
4494723,107.53,0.010013114,-74.14866998463869,-16.810786936879158,100,2215.3343091011047,0.01709854,0.01709854,0.4189424,,1.0,,26100
4505877,111.54,0.010025915,-77.10015974789857,-16.864339084625243,100,2222.7144691944122,0.0039620507,0.0039620507,0.4189424,,1.0,,26200
4516932,110.55,0.009875461,-76.60234460711479,-16.869841160178183,100,2230.1132776737213,0.0010506641,0.0010506641,0.4189424,,1.0,,26300
4528417,114.85,0.009962642,-79.22036322355271,-17.563055813908576,100,2237.4264085292816,0.007355461,0.007355461,0.4189424,,1.0,,26400
4539480,110.63,0.009967933,-76.39289433658124,-16.694179894924165,100,2244.490748643875,0.0014841715,0.0014841715,0.4189424,,1.0,,26500
4550580,111.0,0.009996848,-76.8395462229848,-17.335782853960993,100,2251.989233493805,0.0023208472,0.0023208472,0.4189424,,1.0,,26600
4561678,110.98,0.010012741,-76.59719352692366,-17.724741485118866,100,2259.441133737564,0.0023314967,0.0023314967,0.4189424,,1.0,,26700
4572365,106.87,0.009811644,-73.71370436966419,-16.302226575016974,100,2267.473928451538,0.0021346174,0.0021346174,0.4189424,,1.0,,26800
4583381,110.16,0.009977678,-76.14456528678537,-17.038605630397797,100,2275.002081155777,0.0043397537,0.0043397537,0.4189424,,1.0,,26900
4594643,112.62,0.0100279,-77.92563562199473,-18.487595201730727,100,2282.5339810848236,0.003644884,0.003644884,0.4189424,,1.0,,27000
4605826,111.83,0.010009015,-77.04976665392518,-17.94180024981499,100,2290.34654378891,0.0047046547,0.0047046547,0.4189424,,1.0,,27100
4616976,111.5,0.010024576,-76.56380622684955,-18.00732590675354,100,2297.8785696029663,0.004882829,0.004882829,0.4189424,,1.0,,27200
4628116,111.4,0.010024599,-77.58702823877334,-16.532679998874663,100,2305.638767719269,0.0036048486,0.0036048486,0.4189424,,1.0,,27300
4639281,111.65,0.009857598,-77.15051682963967,-18.82628925740719,100,2313.527132511139,0.0013355969,0.0013355969,0.4189424,,1.0,,27400
4650862,115.81,0.0100089405,-80.50121623769402,-19.44580872297287,100,2321.354152202606,0.0023400504,0.0023400504,0.4189424,,1.0,,27500
4662039,111.77,0.00986779,-77.11175800815225,-18.08881080031395,100,2328.486439228058,0.0027316797,0.0027316797,0.4189424,,1.0,,27600
4674275,122.36,0.009897865,-84.74735792934895,-20.457128586769105,100,2336.1001312732697,0.0026961376,0.0026961376,0.4189424,,1.0,,27700
4686582,123.07,0.009938753,-84.6571141588688,-20.82663947582245,100,2343.415985584259,0.0020885922,0.0020885922,0.4189424,,1.0,,27800
4700004,134.22,0.009999203,-92.69603017434478,-25.091660401821137,100,2350.992184638977,0.0040013758,0.0040013758,0.4189424,,1.0,,27900
4712704,127.0,0.009935637,-87.57208255290985,-23.337404438853262,100,2358.5243809223175,0.0034068658,0.0034068658,0.4189424,,1.0,,28000
4725791,130.87,0.010007226,-90.98247122570872,-24.590087346434593,100,2366.6405408382416,0.012372744,0.012372744,0.4189424,,1.0,,28100
4738723,129.32,0.00989365,-89.69058120623231,-23.155110459923744,100,2374.1813735961914,0.0016094379,0.0016094379,0.4189424,,1.0,,28200
4751041,123.18,0.010003389,-85.10148487433791,-20.653987982869147,100,2381.2549555301666,0.009137274,0.009137274,0.4189424,,1.0,,28300
4763299,122.58,0.009868053,-84.65688996493816,-20.937011994719505,100,2388.317327976227,0.0053825397,0.0053825397,0.4189424,,1.0,,28400
4776539,132.4,0.009876085,-92.32882122591138,-24.19943113207817,100,2396.004042863846,0.00446091,0.00446091,0.4189424,,1.0,,28500
4790163,136.24,0.009963255,-94.65532555758953,-27.82201929926872,100,2403.817001104355,0.004820259,0.004820259,0.4189424,,1.0,,28600
4804441,142.78,0.0100161685,-99.17134658142925,-29.142676271796226,100,2411.9000930786133,0.007773344,0.007773344,0.4189424,,1.0,,28700
4818532,140.91,0.010010622,-98.25984183311462,-29.67262843430042,100,2420.2908980846405,0.007778852,0.007778852,0.4189424,,1.0,,28800
4832712,141.8,0.009868316,-97.92759246975183,-28.000482990145684,100,2427.8873369693756,0.00240104,0.00240104,0.4189424,,1.0,,28900
4846268,135.56,0.0100190705,-94.51891154676676,-25.004554953575134,100,2435.8956546783447,0.0050136987,0.0050136987,0.4189424,,1.0,,29000
4859963,136.95,0.010000812,-94.86774604052306,-25.760058463215827,100,2443.5115513801575,0.002919265,0.002919265,0.4189424,,1.0,,29100
4873344,133.81,0.010014369,-92.46525489091873,-26.796504716277123,100,2450.5425024032593,0.0059874756,0.0059874756,0.4189424,,1.0,,29200
4887293,139.49,0.010020243,-96.90653476849198,-26.045031234622,100,2457.1300389766693,0.0041899094,0.0041899094,0.4189424,,1.0,,29300
4901172,138.79,0.009887519,-96.00977723583578,-27.642105685472487,100,2464.465423345566,0.0048630475,0.0048630475,0.4189424,,1.0,,29400
4914464,132.92,0.010015887,-92.8481319911778,-26.288325104117394,100,2471.531988620758,0.0010632648,0.0010632648,0.4189424,,1.0,,29500
4927718,132.54,0.010015588,-92.1217003712058,-24.015014272928237,100,2479.3257999420166,0.0049361107,0.0049361107,0.4189424,,1.0,,29600
4940473,127.55,0.009923592,-87.6985289235413,-22.340510004758833,100,2486.9554331302643,0.010872913,0.010872913,0.4189424,,1.0,,29700
4952951,124.78,0.010015724,-86.07891958326101,-21.67025032222271,100,2494.818054676056,0.0043637953,0.0043637953,0.4189424,,1.0,,29800
4965845,128.94,0.009887722,-88.95212167724966,-22.401944926381113,100,2501.5338006019592,0.0006061438,0.0006061438,0.4189424,,1.0,,29900
4977558,117.13,0.009976074,-81.424168227911,-18.790195571780206,100,2508.912573337555,0.0048750257,0.0048750257,0.4189424,,1.0,,30000
4989417,118.59,0.0098694265,-82.40723300114274,-18.476535643935204,100,2516.0456795692444,0.0012158239,0.0012158239,0.4189424,,1.0,,30100
5000835,114.18,0.009962547,-78.86488078311086,-18.658709815740586,100,2523.5896809101105,0.00572995,0.00572995,0.4189424,,1.0,,30200
5011794,109.59,0.009848565,-76.22757689476013,-16.86771525502205,100,2530.57883477211,0.0032763989,0.0032763989,0.4189424,,1.0,,30300
5023117,113.23,0.009834964,-79.04228803783656,-19.99189304828644,100,2537.661535024643,0.00082409667,0.00082409667,0.4189424,,1.0,,30400
5034436,113.19,0.010001693,-78.21110339060425,-17.651094073057173,100,2544.5186302661896,0.009104002,0.009104002,0.4189424,,1.0,,30500
5045338,109.02,0.009980651,-75.19484906449914,-16.05775817155838,100,2551.4582481384277,0.0059463475,0.0059463475,0.4189424,,1.0,,30600
5056724,113.86,0.009979024,-78.96842101573944,-16.934378608465195,100,2558.4102787971497,0.0011190185,0.0011190185,0.4189424,,1.0,,30700
5067773,110.49,0.010023401,-76.50098763555289,-16.201558299660682,100,2565.947532892227,0.0023049195,0.0023049195,0.4189424,,1.0,,30800
5078663,108.9,0.009989046,-74.8870965859294,-16.790200184583664,100,2572.6657495498657,0.005966814,0.005966814,0.4189424,,1.0,,30900
5089969,113.06,0.010023156,-78.57464923962951,-17.84891654789448,100,2579.853145122528,0.0029972482,0.0029972482,0.4189424,,1.0,,31000
5101379,114.1,0.010014461,-78.76562587067485,-19.59997856736183,100,2587.3744480609894,0.0025166285,0.0025166285,0.4189424,,1.0,,31100
5112480,111.01,0.010016595,-76.79583505168557,-17.723460848331452,100,2594.7477374076843,0.010841227,0.010841227,0.4189424,,1.0,,31200
5123473,109.93,0.010000476,-75.8461473172903,-16.465225454568863,100,2602.1880564689636,0.007222716,0.007222716,0.4189424,,1.0,,31300
5134485,110.12,0.010011576,-76.01117229312658,-16.51227748453617,100,2609.832088947296,0.005148901,0.005148901,0.4189424,,1.0,,31400
5145835,113.5,0.009907491,-78.24762924969197,-18.014183496832846,100,2617.4633135795593,0.0021330817,0.0021330817,0.4189424,,1.0,,31500
5157234,113.99,0.0099929925,-78.94905373498797,-17.80973462820053,100,2625.0756936073303,0.0018569275,0.0018569275,0.4189424,,1.0,,31600
5168288,110.54,0.009937875,-76.60926612824201,-16.719443914294242,100,2633.086025238037,0.0015293479,0.0015293479,0.4189424,,1.0,,31700
5179357,110.69,0.010009635,-76.35687795311213,-17.22595154225826,100,2640.85684466362,0.009660856,0.009660856,0.4189424,,1.0,,31800
5190436,110.79,0.009927151,-76.28886741384864,-17.47440980374813,100,2648.700265645981,0.0029577527,0.0029577527,0.4189424,,1.0,,31900
5201253,108.17,0.009848743,-74.53207907572389,-16.370068599581717,100,2656.194727420807,0.0006227611,0.0006227611,0.4189424,,1.0,,32000
5211920,106.67,0.010022389,-73.19005473345518,-16.223412888646127,100,2663.8056724071503,0.0056608515,0.0056608515,0.4189424,,1.0,,32100
5222460,105.4,0.009990758,-72.76574804216624,-15.71146932899952,100,2671.2699794769287,0.006111078,0.006111078,0.4189424,,1.0,,32200
5233129,106.69,0.009911795,-73.51970924049616,-15.574020672440529,100,2678.6761672496796,0.0063511073,0.0063511073,0.4189424,,1.0,,32300
5243191,100.62,0.01001915,-69.37279475271701,-15.152528997063637,100,2686.485529899597,0.0047747,0.0047747,0.4189424,,1.0,,32400
5253460,102.69,0.0100306235,-70.54791216224432,-15.163591433763504,100,2693.606201171875,0.0028819304,0.0028819304,0.4189424,,1.0,,32500
5263990,105.3,0.010024816,-71.89505826413631,-15.706403077840806,100,2701.159241437912,0.005022299,0.005022299,0.4189424,,1.0,,32600
5274185,101.95,0.009978897,-69.89401943549514,-14.979249177575111,100,2708.532238960266,0.001665496,0.001665496,0.4189424,,1.0,,32700
5284337,101.52,0.009858406,-69.59947835177184,-14.539560509324074,100,2716.1577525138855,0.0018422016,0.0018422016,0.4189424,,1.0,,32800
5294439,101.02,0.009862227,-69.28553028300405,-14.408107835054398,100,2723.593880176544,0.0012849048,0.0012849048,0.4189424,,1.0,,32900
5304787,103.48,0.010029124,-71.29014666616916,-15.12320782661438,100,2731.1854162216187,0.00782667,0.00782667,0.4189424,,1.0,,33000
5315016,102.29,0.010013151,-70.48633672088384,-14.729125604629516,100,2738.619806289673,0.0056559253,0.0056559253,0.4189424,,1.0,,33100
5325463,104.47,0.009823434,-71.85800912514328,-15.682360679507255,100,2745.874216079712,0.0026189063,0.0026189063,0.4189424,,1.0,,33200
5335608,101.45,0.01001224,-69.77675856113434,-14.295194434523582,100,2753.106457233429,0.0076025953,0.0076025953,0.4189424,,1.0,,33300
5345662,100.54,0.009938895,-69.06741838276386,-14.29300175011158,100,2760.5872027873993,0.010382097,0.010382097,0.4189424,,1.0,,33400
5355575,99.13,0.009934043,-67.93141340255737,-13.560492435097695,100,2767.6561090946198,0.0025209892,0.0025209892,0.4189424,,1.0,,33500
5365623,100.48,0.009997247,-69.16384921550751,-15.069431126117706,100,2774.8558626174927,0.005404458,0.005404458,0.4189424,,1.0,,33600
5375735,101.12,0.009993544,-69.25309125617146,-14.60990239083767,100,2782.3025538921356,0.0065351357,0.0065351357,0.4189424,,1.0,,33700
5386042,103.07,0.010023048,-70.89301718845964,-16.10106614589691,100,2789.887362718582,0.007218959,0.007218959,0.4189424,,1.0,,33800
5396085,100.43,0.010022719,-69.32727666586638,-14.797329604029656,100,2797.305539369583,0.0073349555,0.0073349555,0.4189424,,1.0,,33900
5406195,101.1,0.010037089,-69.03642610639334,-15.144734433293342,100,2805.075677394867,0.0036333138,0.0036333138,0.4189424,,1.0,,34000
5416660,104.65,0.009899501,-71.77192273199559,-15.141525343060493,100,2812.566794157028,0.0022451049,0.0022451049,0.4189424,,1.0,,34100
5426827,101.67,0.010017144,-69.7300842934847,-15.111078379750252,100,2820.065442085266,0.012922018,0.012922018,0.4189424,,1.0,,34200
5436799,99.72,0.009800263,-68.46849149629473,-13.118821059465409,100,2827.4746930599213,0.005475413,0.005475413,0.4189424,,1.0,,34300
5447001,102.02,0.009961271,-70.38071565806865,-14.814168612957001,100,2834.853679418564,0.008423275,0.008423275,0.4189424,,1.0,,34400
5457134,101.33,0.009961559,-69.93313708871602,-15.092012652158736,100,2842.20827960968,0.008031864,0.008031864,0.4189424,,1.0,,34500
5467252,101.18,0.009908512,-69.63212079510093,-14.233035594820976,100,2849.773020505905,0.005756877,0.005756877,0.4189424,,1.0,,34600
5477160,99.08,0.010013581,-68.25120605349541,-14.033870274424553,100,2857.2099442481995,0.006613934,0.006613934,0.4189424,,1.0,,34700
5487217,100.57,0.010010211,-69.37957341328263,-14.097839929461479,100,2864.6838722229004,0.0055765547,0.0055765547,0.4189424,,1.0,,34800
5497641,104.24,0.00992193,-71.97188673466444,-14.945936791300774,100,2872.528847694397,0.006697493,0.006697493,0.4189424,,1.0,,34900
5507917,102.76,0.00999203,-70.35883980825544,-15.038160216808318,100,2880.348346233368,0.004353375,0.004353375,0.4189424,,1.0,,35000
5517729,98.12,0.009954182,-67.16284671038389,-14.450638679265976,100,2887.8638260364532,0.006525108,0.006525108,0.4189424,,1.0,,35100
5527641,99.12,0.0100200195,-68.2721648530662,-13.494665061235429,100,2895.3293426036835,0.0027966802,0.0027966802,0.4189424,,1.0,,35200
5537406,97.65,0.010004602,-67.20727910712361,-12.638704589605332,100,2902.719554424286,0.002769906,0.002769906,0.4189424,,1.0,,35300
5547058,96.52,0.01002629,-66.33077620476485,-12.832144196033477,100,2910.129539489746,0.0024141693,0.0024141693,0.4189424,,1.0,,35400
5556929,98.71,0.010030626,-67.95171547189355,-13.499145257472993,100,2917.7698435783386,0.002405824,0.002405824,0.4189424,,1.0,,35500
5566850,99.21,0.00978665,-67.94906254976988,-14.356321769952775,100,2924.783705472946,0.004852543,0.004852543,0.4189424,,1.0,,35600
5576608,97.58,0.0099770725,-67.54401205956935,-14.326739761829376,100,2932.7350804805756,0.004487334,0.004487334,0.4189424,,1.0,,35700
5586132,95.24,0.010004707,-65.86732795730234,-12.837599048018456,100,2939.467517852783,0.0038852312,0.0038852312,0.4189424,,1.0,,35800
5596103,99.71,0.0099805165,-68.32599434778095,-13.499188253283501,100,2946.787129878998,0.0026538018,0.0026538018,0.4189424,,1.0,,35900
5605885,97.82,0.009999524,-67.43666150167584,-12.749934293627739,100,2954.139881849289,0.0105204545,0.0105204545,0.4189424,,1.0,,36000
5616011,101.26,0.010007705,-69.84996732667088,-14.20894959628582,100,2961.3447201251984,0.005218734,0.005218734,0.4189424,,1.0,,36100
5625771,97.6,0.009955677,-67.11888901636004,-13.823705143928528,100,2968.2455394268036,0.012789347,0.012789347,0.4189424,,1.0,,36200
5635463,96.92,0.010012952,-66.22371195197105,-13.284561527967453,100,2975.5590677261353,0.0029839312,0.0029839312,0.4189424,,1.0,,36300
5645060,95.97,0.009928764,-66.06088013872504,-13.447532618641853,100,2982.1986167430878,0.0045191627,0.0045191627,0.4189424,,1.0,,36400
5654960,99.0,0.010019549,-67.90161689847707,-13.741984516382217,100,2989.3319590091705,0.012398194,0.012398194,0.4189424,,1.0,,36500
5664745,97.85,0.009964185,-67.01987832963466,-13.377248697280884,100,2996.642345428467,0.0061949296,0.0061949296,0.4189424,,1.0,,36600
5674453,97.08,0.010004584,-66.83850422412156,-13.254544761180878,100,3003.8554997444153,0.0035154643,0.0035154643,0.4189424,,1.0,,36700
5684237,97.84,0.009880398,-67.35466366276145,-13.411777098178863,100,3010.513079404831,0.0012295686,0.0012295686,0.4189424,,1.0,,36800
5693787,95.5,0.009842153,-65.26595574781298,-13.523585560321807,100,3017.168286561966,0.0018048389,0.0018048389,0.4189424,,1.0,,36900
5703656,98.69,0.009939431,-68.00971169427038,-13.43965899169445,100,3024.532210111618,0.003540384,0.003540384,0.4189424,,1.0,,37000
5713403,97.47,0.009915055,-66.93293197214604,-14.003848720788955,100,3032.17747092247,0.0015223145,0.0015223145,0.4189424,,1.0,,37100
5723261,98.58,0.010010505,-67.95525504633784,-13.315372351408005,100,3039.3337841033936,0.0063189836,0.0063189836,0.4189424,,1.0,,37200
5733288,100.27,0.0099010635,-68.85119803518057,-13.269758125543595,100,3046.1690945625305,0.0049417648,0.0049417648,0.4189424,,1.0,,37300
5743247,99.59,0.009920743,-68.10728952467441,-13.72588341832161,100,3053.0349106788635,0.0031032623,0.0031032623,0.4189424,,1.0,,37400
5753244,99.97,0.009800634,-69.12032871440053,-13.390054631233216,100,3059.47705411911,0.0019892713,0.0019892713,0.4189424,,1.0,,37500
5763181,99.37,0.009860934,-68.22020629689098,-13.876950781941414,100,3066.845967769623,0.0064651356,0.0064651356,0.4189424,,1.0,,37600
5773454,102.73,0.009924129,-70.62081806525588,-15.01772724568844,100,3074.5320858955383,0.004781552,0.004781552,0.4189424,,1.0,,37700
5783541,100.87,0.009965926,-69.42792539805174,-13.830535535812379,100,3082.0771901607513,0.010076604,0.010076604,0.4189424,,1.0,,37800
5793562,100.21,0.009972053,-68.83533948719501,-14.09432952940464,100,3088.6244189739227,0.0026329802,0.0026329802,0.4189424,,1.0,,37900
5804000,104.38,0.009998705,-71.76243824675679,-14.519098879694939,100,3095.978191137314,0.007189457,0.007189457,0.4189424,,1.0,,38000
5814670,106.7,0.009866473,-73.89897448331118,-17.012259850502016,100,3103.0348329544067,0.0050038267,0.0050038267,0.4189424,,1.0,,38100
5824921,102.51,0.0098745525,-70.62645268410444,-13.835617249011994,100,3110.395083665848,0.006498147,0.006498147,0.4189424,,1.0,,38200
5835118,101.97,0.00987194,-70.23060565516353,-14.738691895604134,100,3117.5116641521454,0.00084344513,0.00084344513,0.4189424,,1.0,,38300
5845608,104.9,0.010010171,-72.13989666253329,-15.599861964583397,100,3124.8197724819183,0.008951671,0.008951671,0.4189424,,1.0,,38400
5855713,101.05,0.0098916525,-69.48564292475581,-14.865418459773064,100,3132.2963013648987,0.0020239179,0.0020239179,0.4189424,,1.0,,38500
5865559,98.46,0.010023937,-67.91217639386655,-13.011470838785172,100,3139.7116487026215,0.0065813926,0.0065813926,0.4189424,,1.0,,38600
5875717,101.58,0.010022262,-70.3662232105434,-14.119733827710151,100,3146.62371301651,0.008140368,0.008140368,0.4189424,,1.0,,38700
5885664,99.47,0.009916604,-68.52392768740654,-13.304502718448639,100,3153.619076728821,0.0033425074,0.0033425074,0.4189424,,1.0,,38800
5895591,99.27,0.009989491,-68.19259436354041,-13.285047286748886,100,3160.9732756614685,0.0009933191,0.0009933191,0.4189424,,1.0,,38900
5905589,99.98,0.009993181,-69.12351647138595,-12.89817409813404,100,3167.9664492607117,0.010170163,0.010170163,0.4189424,,1.0,,39000
5915892,103.03,0.010029151,-70.77876343414188,-15.159733901023865,100,3174.867141008377,0.0070809163,0.0070809163,0.4189424,,1.0,,39100
5925783,98.91,0.010006968,-68.024213386029,-13.196769714951515,100,3181.7165825366974,0.007458975,0.007458975,0.4189424,,1.0,,39200
5935781,99.98,0.009997069,-69.13928940698504,-14.266390961408614,100,3188.591623067856,0.0042404328,0.0042404328,0.4189424,,1.0,,39300
5945945,101.64,0.010009648,-70.40183580055833,-13.809975256919861,100,3195.265565395355,0.0012985058,0.0012985058,0.4189424,,1.0,,39400
5956502,105.57,0.009932791,-73.22145990237594,-14.334429113864898,100,3202.8398785591125,0.0008522681,0.0008522681,0.4189424,,1.0,,39500
5966608,101.06,0.009874472,-69.8805950178206,-15.1762036216259,100,3210.0022835731506,0.0033150965,0.0033150965,0.4189424,,1.0,,39600
5976610,100.02,0.009983827,-69.28152136459947,-14.023505036830903,100,3216.5739076137543,0.0026017746,0.0026017746,0.4189424,,1.0,,39700
5986740,101.3,0.010024092,-69.80166014418006,-14.672885384559631,100,3223.7338149547577,0.0057155676,0.0057155676,0.4189424,,1.0,,39800
5996886,101.46,0.010022283,-69.87060019031168,-15.111867468953132,100,3230.9429671764374,0.005312759,0.005312759,0.4189424,,1.0,,39900
6006906,100.2,0.009975605,-69.25561270162463,-14.28749320745468,100,3238.333415031433,0.005043751,0.005043751,0.4189424,,1.0,,40000
6017195,102.89,0.0099557405,-70.79916543796658,-14.355017070770264,100,3245.827168941498,0.0032775786,0.0032775786,0.4189424,,1.0,,40100
6027620,104.25,0.010002513,-72.10089349016548,-16.056815933585167,100,3253.261372566223,0.0045740223,0.0045740223,0.4189424,,1.0,,40200
6037872,102.52,0.01001959,-70.90944181472064,-15.152449588775635,100,3261.3288898468018,0.009860772,0.009860772,0.4189424,,1.0,,40300
6047838,99.66,0.009978983,-68.82466161444783,-14.266557173132897,100,3268.3287427425385,0.0039279945,0.0039279945,0.4189424,,1.0,,40400
6057950,101.12,0.009993634,-70.10172344192863,-14.921982849240303,100,3276.2098190784454,0.006822505,0.006822505,0.4189424,,1.0,,40500
6067905,99.55,0.009848456,-68.77299705490469,-13.51481081187725,100,3284.132212638855,0.0011497986,0.0011497986,0.4189424,,1.0,,40600
6078506,106.01,0.010028326,-73.37978299915791,-15.957897015213966,100,3291.900812625885,0.005605875,0.005605875,0.4189424,,1.0,,40700
6088980,104.74,0.009880196,-72.88927097275854,-15.545600930452347,100,3299.2936511039734,0.00047217894,0.00047217894,0.4189424,,1.0,,40800
6098780,98.0,0.009936545,-67.95772047132253,-13.585624767541885,100,3307.0600283145905,0.0023447988,0.0023447988,0.4189424,,1.0,,40900
6109034,102.54,0.0100285495,-70.88555001467466,-14.3899087870121,100,3314.6074624061584,0.0059856367,0.0059856367,0.4189424,,1.0,,41000
6119026,99.92,0.009979719,-68.92867850914598,-13.301689299941064,100,3322.083626270294,0.0031709766,0.0031709766,0.4189424,,1.0,,41100
6129224,101.98,0.0099321045,-70.49383003249764,-14.355094403624534,100,3329.7851009368896,0.0035882057,0.0035882057,0.4189424,,1.0,,41200
6139289,100.65,0.010013558,-69.39905780822039,-14.30071924328804,100,3337.378274202347,0.0054396447,0.0054396447,0.4189424,,1.0,,41300
6149463,101.74,0.009921072,-69.88850951179862,-14.054509726166724,100,3345.096662044525,0.0073034847,0.0073034847,0.4189424,,1.0,,41400
6159709,102.46,0.010021832,-70.95482999458909,-14.172505959868431,100,3352.8341619968414,0.0051651536,0.0051651536,0.4189424,,1.0,,41500
6169871,101.62,0.010030533,-69.95706985130906,-14.23355110526085,100,3360.527185678482,0.010299914,0.010299914,0.4189424,,1.0,,41600
6180293,104.22,0.009973814,-72.25228450536729,-15.76665552675724,100,3367.829181432724,0.00825095,0.00825095,0.4189424,,1.0,,41700
6190509,102.16,0.010001077,-70.57623855397105,-14.545260343551636,100,3375.2104573249817,0.008286357,0.008286357,0.4189424,,1.0,,41800
6200388,98.79,0.00999222,-67.80681708425283,-14.456324490904809,100,3382.556796312332,0.011107146,0.011107146,0.4189424,,1.0,,41900
6210453,100.65,0.00994609,-69.52836145967245,-13.954858937859536,100,3390.3009531497955,0.005649022,0.005649022,0.4189424,,1.0,,42000
6220413,99.6,0.010019623,-68.98876866787673,-12.649795035123825,100,3397.8279280662537,0.008666227,0.008666227,0.4189424,,1.0,,42100
6230912,104.99,0.009862441,-72.69314699232578,-15.418503116965294,100,3405.4631321430206,0.0045188316,0.0045188316,0.4189424,,1.0,,42200
6240832,99.2,0.009766311,-68.2011873011291,-13.84711169719696,100,3412.3930592536926,0.0040625315,0.0040625315,0.4189424,,1.0,,42300
6250826,99.94,0.010019749,-68.52001716569066,-13.016559981107712,100,3419.1727821826935,0.0011721314,0.0011721314,0.4189424,,1.0,,42400
6261343,105.17,0.010001542,-72.29633598700165,-15.278372749090195,100,3425.8424587249756,0.0008922424,0.0008922424,0.4189424,,1.0,,42500
6271202,98.59,0.00992385,-68.08000571653247,-13.662621935009957,100,3432.1826469898224,0.0076668016,0.0076668016,0.4189424,,1.0,,42600
6281240,100.38,0.0099329585,-69.4435125285387,-14.953713647127152,100,3438.6244008541107,0.0005483379,0.0005483379,0.4189424,,1.0,,42700
6291602,103.62,0.010031893,-71.59322421580553,-15.134151265025139,100,3445.6624166965485,0.002729789,0.002729789,0.4189424,,1.0,,42800
6301473,98.71,0.009900564,-68.38691455572844,-14.803629118204118,100,3452.579616546631,0.004086959,0.004086959,0.4189424,,1.0,,42900
6311942,104.69,0.009886079,-72.10669647976756,-15.277320370078087,100,3459.384919166565,0.0030600543,0.0030600543,0.4189424,,1.0,,43000
6322397,104.55,0.010019018,-71.88100053355097,-14.982019112110137,100,3466.612611055374,0.009100999,0.009100999,0.4189424,,1.0,,43100
6332512,101.15,0.009995595,-69.96189778402447,-15.110948083400727,100,3473.2279019355774,0.006169116,0.006169116,0.4189424,,1.0,,43200
6342949,104.37,0.009889101,-72.03536266863347,-15.097537877559661,100,3479.7850868701935,0.00483643,0.00483643,0.4189424,,1.0,,43300
6353197,102.48,0.00995973,-70.48128658235073,-15.527009546756744,100,3485.8909821510315,0.005124304,0.005124304,0.4189424,,1.0,,43400
6363887,106.9,0.0100263925,-73.72127535507083,-15.769330795407296,100,3492.5146503448486,0.00503302,0.00503302,0.4189424,,1.0,,43500
6374667,107.8,0.010010736,-74.0335209825635,-15.853727822899819,100,3498.87002325058,0.0037922019,0.0037922019,0.4189424,,1.0,,43600
6385553,108.86,0.009836354,-75.15422394484281,-16.57837422013283,100,3505.3944325447083,0.0039355345,0.0039355345,0.4189424,,1.0,,43700
6396465,109.12,0.009922439,-75.38233464002609,-16.40617345571518,100,3512.9106822013855,0.003062487,0.003062487,0.4189424,,1.0,,43800
6407602,111.37,0.0098748915,-76.53605185627937,-17.60382506966591,100,3520.1867895126343,0.00488387,0.00488387,0.4189424,,1.0,,43900
6418464,108.62,0.01000102,-74.67924580231309,-16.524486244916915,100,3527.4924602508545,0.003786615,0.003786615,0.4189424,,1.0,,44000
6429399,109.35,0.009907472,-75.9544051772356,-15.974542083740234,100,3534.6268289089203,0.010199109,0.010199109,0.4189424,,1.0,,44100
6440411,110.12,0.009883377,-75.91062059909105,-16.659226529598236,100,3541.604531288147,0.0047703916,0.0047703916,0.4189424,,1.0,,44200
6451118,107.07,0.009995439,-74.12383580222726,-16.479701615571976,100,3548.441042661667,0.0047024977,0.0047024977,0.4189424,,1.0,,44300
6461935,108.17,0.010032453,-74.39389611646533,-16.432105577588082,100,3555.1523678302765,0.0063396394,0.0063396394,0.4189424,,1.0,,44400
6472745,108.1,0.009999276,-74.58702402561903,-15.873893684148788,100,3562.1479239463806,0.0068328143,0.0068328143,0.4189424,,1.0,,44500
6483184,104.39,0.010020897,-71.83840356379747,-14.610880893468856,100,3569.1021208763123,0.0036230402,0.0036230402,0.4189424,,1.0,,44600
6494010,108.26,0.00989901,-74.77975498080254,-17.209020609259607,100,3576.0580818653107,0.0020167148,0.0020167148,0.4189424,,1.0,,44700
6504588,105.78,0.010023041,-72.67762658387423,-15.375284299254417,100,3583.2092616558075,0.0011999579,0.0011999579,0.4189424,,1.0,,44800
6515303,107.15,0.009845253,-73.84479738608003,-15.771400297284126,100,3590.2492570877075,0.0013863558,0.0013863558,0.4189424,,1.0,,44900
6526202,108.99,0.0024699192,-74.8194938647747,-15.6728628718853,100,3597.4727790355682,4.7802125e-05,4.7802125e-05,0.4189424,,0.5,,45000
6537040,108.38,0.010013719,-74.91976361766457,-16.43664176762104,100,3604.950900554657,0.0034476242,0.0034476242,0.4189424,,1.0,,45100
6547844,108.04,0.010004672,-74.38738802537323,-16.321204560399057,100,3612.3587896823883,0.0052114027,0.0052114027,0.4189424,,1.0,,45200
6558941,110.97,0.009994235,-76.5692003044486,-17.964739187955857,100,3619.7687497138977,0.0024855146,0.0024855146,0.4189424,,1.0,,45300
6570193,112.52,0.009900463,-78.02038132324815,-17.96035789132118,100,3627.1707537174225,0.00663387,0.00663387,0.4189424,,1.0,,45400
6581651,114.58,0.009969082,-79.12836977005004,-18.582944967746734,100,3634.398251056671,0.006516108,0.006516108,0.4189424,,1.0,,45500
6592658,110.07,0.009954391,-75.53201877698302,-16.19807617485523,100,3641.531851530075,0.0022190106,0.0022190106,0.4189424,,1.0,,45600
6603906,112.48,0.010013681,-77.68303255259991,-18.2037728536129,100,3648.6646070480347,0.006003553,0.006003553,0.4189424,,1.0,,45700
6614951,110.45,0.009964827,-76.25567387595773,-17.81592403411865,100,3655.6269748210907,0.005375217,0.005375217,0.4189424,,1.0,,45800
6626206,112.55,0.010022538,-77.76686105787753,-18.502524008750914,100,3662.8627948760986,0.004213797,0.004213797,0.4189424,,1.0,,45900
6637789,115.83,0.00988672,-80.19910135626793,-18.99507777273655,100,3669.868420124054,0.005008606,0.005008606,0.4189424,,1.0,,46000
6649246,114.57,0.0100205215,-79.242945279181,-18.027271274924278,100,3676.941748380661,0.0032781963,0.0032781963,0.4189424,,1.0,,46100
6660818,115.72,0.01000919,-80.0344010899961,-18.52267371237278,100,3683.3517112731934,0.0039225025,0.0039225025,0.4189424,,1.0,,46200
6672464,116.46,0.010029579,-79.88423192292451,-19.118958062529565,100,3690.7581644058228,0.0019642364,0.0019642364,0.4189424,,1.0,,46300
6684665,122.01,0.010017447,-84.21849890500307,-20.890353924632073,100,3697.9538826942444,0.008092077,0.008092077,0.4189424,,1.0,,46400
6696768,121.03,0.009867341,-83.43755384236574,-19.72874018251896,100,3707.6409294605255,0.003939029,0.003939029,0.4189424,,1.0,,46500
6708951,121.83,0.009986975,-84.12139489233493,-21.08101417183876,100,3717.5465972423553,0.0028286243,0.0028286243,0.4189424,,1.0,,46600
6721222,122.71,0.0099736815,-84.87947566881776,-21.715678644180297,100,3727.3542137145996,0.003390585,0.003390585,0.4189424,,1.0,,46700
6734384,131.62,0.00997186,-91.65559724226594,-24.883456288576127,100,3736.8786931037903,0.0032388053,0.0032388053,0.4189424,,1.0,,46800
6746397,120.13,0.009971849,-83.36073937416077,-20.150867639184,100,3744.5691261291504,0.0037008973,0.0037008973,0.4189424,,1.0,,46900
6759453,130.56,0.009973789,-89.73778352379799,-22.421958863139153,100,3752.065760612488,0.007436307,0.007436307,0.4189424,,1.0,,47000
6771870,124.17,0.010022349,-85.40087248697877,-21.035443125367166,100,3759.507444858551,0.0052575106,0.0052575106,0.4189424,,1.0,,47100
6784405,125.35,0.00994628,-86.22103021219372,-21.72655673623085,100,3768.0641095638275,0.0008955388,0.0008955388,0.4189424,,1.0,,47200
6796242,118.37,0.010015106,-82.08386060625315,-19.531391699910163,100,3777.088346719742,0.006177741,0.006177741,0.4189424,,1.0,,47300
6808097,118.55,0.009981879,-81.42736751511693,-19.26846010684967,100,3786.384417295456,0.0038102465,0.0038102465,0.4189424,,1.0,,47400
6819877,117.8,0.0100114485,-81.11074984177947,-19.138445916175844,100,3795.931411743164,0.0032153088,0.0032153088,0.4189424,,1.0,,47500
6832188,123.11,0.00997243,-85.25520020619035,-21.876531162261962,100,3805.2024919986725,0.0044350964,0.0044350964,0.4189424,,1.0,,47600
6844079,118.91,0.009934027,-82.05492963194847,-20.487337589859962,100,3815.3694298267365,0.0078546805,0.0078546805,0.4189424,,1.0,,47700
6856562,124.83,0.009931274,-85.97788361489773,-22.54412989795208,100,3825.3619821071625,0.0023510193,0.0023510193,0.4189424,,1.0,,47800
6869413,128.51,0.0098875845,-88.81349821045995,-21.82659040391445,100,3836.0947830677032,0.0028452075,0.0028452075,0.4189424,,1.0,,47900
6882746,133.33,0.009957523,-91.53611656159163,-24.668899393677712,100,3847.205501317978,0.0061131488,0.0061131488,0.4189424,,1.0,,48000
6896213,134.67,0.009848514,-92.34167827755213,-24.88232841491699,100,3858.3541193008423,0.0014783661,0.0014783661,0.4189424,,1.0,,48100
6908980,127.67,0.010015911,-87.8731548705697,-22.205846477150917,100,3868.783371925354,0.006370636,0.006370636,0.4189424,,1.0,,48200
6922206,132.26,0.010008126,-90.27586804628372,-23.23099795281887,100,3879.2476165294647,0.003295316,0.003295316,0.4189424,,1.0,,48300
6935202,129.96,0.010008066,-88.98622662007809,-21.975113602876664,100,3889.5879275798798,0.0042218342,0.0042218342,0.4189424,,1.0,,48400
6948227,130.25,0.009890973,-89.91682201862335,-23.175679750442505,100,3899.4944298267365,0.0027665454,0.0027665454,0.4189424,,1.0,,48500
6961952,137.25,0.010012061,-94.78825385853648,-26.033431444764137,100,3910.454619884491,0.019187054,0.019187054,0.4189424,,1.0,,48600
6975478,135.26,0.009954744,-92.81587004557252,-25.2213285022974,100,3920.251298904419,0.008207232,0.008207232,0.4189424,,1.0,,48700
6990109,146.31,0.010007365,-100.23829422056674,-30.211987538933755,100,3930.4312081336975,0.0047337096,0.0047337096,0.4189424,,1.0,,48800
7004180,140.71,0.010020907,-97.57467457845807,-29.247194514274597,100,3940.941368818283,0.0057330625,0.0057330625,0.4189424,,1.0,,48900
7018203,140.23,0.010020102,-96.25784509047865,-27.97835815668106,100,3950.913779258728,0.0038987354,0.0038987354,0.4189424,,1.0,,49000
7032306,141.03,0.0099210935,-97.50304230049252,-25.87009645819664,100,3962.0247197151184,0.0043669115,0.0043669115,0.4189424,,1.0,,49100
7045633,133.27,0.009900203,-91.68492533415557,-24.981345359683036,100,3973.1825354099274,0.0016075973,0.0016075973,0.4189424,,1.0,,49200
7058229,125.96,0.009983894,-86.50686858370901,-23.167341542840003,100,3983.9507036209106,0.00864399,0.00864399,0.4189424,,1.0,,49300
7070682,124.53,0.0098901475,-85.88049560382962,-21.20662566125393,100,3994.989346265793,0.0037808008,0.0037808008,0.4189424,,1.0,,49400
7083721,130.39,0.010018806,-90.40136816501618,-23.2798985093832,100,4005.9527559280396,0.009876079,0.009876079,0.4189424,,1.0,,49500
7096987,132.66,0.009980933,-91.25457722127437,-24.37064296901226,100,4016.0487844944,0.0032583699,0.0032583699,0.4189424,,1.0,,49600
7110422,134.35,0.009963769,-92.13509547889232,-24.92233820617199,100,4026.3464076519012,0.008267642,0.008267642,0.4189424,,1.0,,49700
7124344,139.22,0.010014421,-96.13866947382688,-27.18477682232857,100,4036.218376159668,0.002186726,0.002186726,0.4189424,,1.0,,49800
7137836,134.92,0.009996963,-92.70583383828402,-25.228522045612337,100,4045.7269127368927,0.0005645096,0.0005645096,0.4189424,,1.0,,49900
7152285,144.49,0.010039283,-99.05226942256093,-29.223580275177955,100,4058.092751264572,0.0018658356,0.0018658356,0.4189424,,1.0,,50000
