IterType,AvgEpLen,AvgRet,MinNormIw,MinVanillaIw,J,BatchSize,VarRet,MaxNormIw,AvgDiscRet,VanillaAvgRet,ESSRenyi,AvgVanillaIw,VarJ,eRenyi2,ESSClassic,EpsThisIter,VarVanillaIw,MaxVanillaIw,Bound,VarNormIw,VarDiscRet,Delta,AvgNormIw
1,500.0,-1425.44948405,4.3128e-07,4.95572e-05,-1174.74,100,133464.220469,0.0317348,-1425.44948405,-1425.44948405,49.6448766626,1.14907,130.627,2.01431,51.3618457274,100,1.26298,3.64656,-1458.54,9.56536e-05,133464.220469,0.5,0.01
1,500.0,-1209.06420183,0.000640356,0.0553747,-1150.77,100,56541.9048199,0.0223467,-1209.06420183,-1209.06420183,82.8290815248,0.864748,88.4035,1.20731,78.2896338812,100,0.209463,1.93243,-1368.85,2.8011e-05,56541.9048199,0.5,0.01
1,500.0,-1137.07916884,0.00151198,0.159713,-1107.32,100,20314.4336956,0.0269729,-1137.07916884,-1137.07916884,85.3642212458,1.05632,177.422,1.17145,82.1809494985,100,0.24438,2.84919,-1319.48,2.19017e-05,20314.4336956,0.5,0.01
1,500.0,-1147.11126274,0.0012291,0.125614,-1128.97,100,16051.9934974,0.0208121,-1147.11126274,-1147.11126274,93.6706228879,1.022,88.3433,1.06757,92.2420133592,100,0.088734,2.127,-1324.09,8.49546e-06,16051.9934974,0.5,0.01
1,500.0,-1119.49211585,0.000233496,0.0282697,-1026.37,100,6570.01200069,0.165122,-1119.49211585,-1119.49211585,45.3374356739,1.21072,414.047,2.20568,22.4456481316,100,5.11593,19.9916,-1211.71,0.000349011,6570.01200069,0.5,0.01
1,500.0,-1127.83169621,0.00029766,0.0274853,-1057.48,100,40641.1678282,0.0527974,-1127.83169621,-1127.83169621,66.1268120689,0.923378,296.62,1.51225,57.8563426473,100,0.627343,4.8752,-1298.63,7.35776e-05,40641.1678282,0.5,0.01
1,500.0,-1127.12849432,0.000889313,0.0856053,-1078.89,100,55044.5869417,0.0453832,-1127.12849432,-1127.12849432,77.769169318,0.962601,334.952,1.28586,71.9482978557,100,0.364918,4.36859,-1301.36,3.93825e-05,55044.5869417,0.5,0.01
1,500.0,-1061.5042932,9.24506e-07,9.30717e-05,-901.479,100,50046.0326858,0.0525428,-1061.5042932,-1061.5042932,42.6291346069,1.00672,348.675,2.34581,35.1520466752,100,1.88854,5.28958,-1201.79,0.000186342,50046.0326858,0.5,0.01
1,500.0,-1072.949324,9.11124e-14,9.30893e-12,-830.975,100,100477.597722,0.0616924,-1072.949324,-1072.949324,35.0097830811,1.0217,370.938,2.85634,33.0694325306,100,2.13406,6.30309,-1162.41,0.000204439,100477.597722,0.5,0.01
1,500.0,-871.962134308,0.00147709,0.164078,-815.604,100,73681.4952606,0.126422,-871.962134308,-871.962134308,72.6513292939,1.11082,368.044,1.37644,38.0650892213,100,2.02795,14.0431,-1045.76,0.000164351,73681.4952606,0.5,0.01
1,500.0,-869.956730412,0.000184496,0.0197401,-774.147,100,94122.9070894,0.0227771,-869.956730412,-869.956730412,71.8081194647,1.06995,238.692,1.3926,74.5372423901,100,0.395024,2.43704,-1005.86,3.45062e-05,94122.9070894,0.5,0.01
1,500.0,-811.892432817,0.000869287,0.0865321,-750.122,100,75611.2100876,0.0312156,-811.892432817,-811.892432817,73.7853262987,0.995437,232.146,1.35528,72.4658144023,100,0.380304,3.10732,-978.475,3.83799e-05,75611.2100876,0.5,0.01
1,500.0,-795.445899001,0.000393915,0.0380016,-723.745,100,105573.015757,0.027467,-795.445899001,-795.445899001,72.225348106,0.964714,234.548,1.38456,67.6385167074,100,0.449776,2.64978,-954.612,4.8328e-05,105573.015757,0.5,0.01
1,500.0,-710.04562472,0.000509621,0.0512761,-663.085,100,61637.5948967,0.0324883,-710.04562472,-710.04562472,80.9927750953,1.00616,137.788,1.23468,79.6117769793,100,0.261881,3.26885,-880.979,2.58682e-05,61637.5948967,0.5,0.01
1,500.0,-704.02745837,0.000905097,0.0874509,-673.199,100,57909.4444311,0.0217478,-704.02745837,-704.02745837,87.3004531011,0.966205,161.328,1.14547,85.2873486869,100,0.162671,2.10128,-883.145,1.74249e-05,57909.4444311,0.5,0.01
1,500.0,-681.710779459,0.00147045,0.142075,-660.279,100,27374.7088537,0.0184184,-681.710779459,-681.710779459,90.3721039768,0.966201,129.621,1.10654,88.5082834611,100,0.122434,1.77959,-866.485,1.3115e-05,27374.7088537,0.5,0.01
1,500.0,-682.266744064,0.00259106,0.258966,-657.494,100,55368.8330245,0.0216089,-682.266744064,-682.266744064,90.4399658751,0.999463,146.631,1.10571,88.879610681,100,0.126246,2.15973,-863.708,1.26381e-05,55368.8330245,0.5,0.01
1,500.0,-705.613276737,0.000830678,0.0842377,-666.427,100,74754.2435022,0.0245977,-705.613276737,-705.613276737,84.8771566068,1.01408,161.28,1.17817,83.624878033,100,0.203405,2.49441,-879.302,1.97794e-05,74754.2435022,0.5,0.01
1,500.0,-648.447700749,0.00337185,0.323753,-631.15,100,8193.01285059,0.030524,-648.447700749,-648.447700749,84.5351663679,0.960166,79.8209,1.18294,82.4447103614,100,0.198291,2.93081,-740.941,2.15085e-05,8193.01285059,0.5,0.01
1,500.0,-622.878246827,0.0017739,0.180435,-613.045,100,4140.03755205,0.0215042,-622.878246827,-622.878246827,89.8880970018,1.01716,65.2977,1.11249,89.3154163265,100,0.125019,2.18733,-701.364,1.20835e-05,4140.03755205,0.5,0.01
1,500.0,-647.7281999,0.00193771,0.178867,-623.88,100,41952.0919594,0.0199336,-647.7281999,-647.7281999,89.7344702584,0.923085,127.553,1.1144,86.8836591239,100,0.129934,1.84005,-831.027,1.52489e-05,41952.0919594,0.5,0.01
1,500.0,-620.320764743,0.000142606,0.012742,-577.514,100,7665.41963575,0.0904821,-620.320764743,-620.320764743,99.9996066109,0.893515,100.143,1.0,28.2629946861,100,2.04689,8.08472,-689.471,0.000256383,7665.41963575,0.5,0.01
1,500.0,-606.493442655,0.000324934,0.0321313,-591.431,100,2725.15770541,0.0232652,-606.493442655,-606.493442655,82.5013850042,0.988856,55.6399,1.2121,78.0585063508,100,0.277636,2.30059,-669.855,2.83929e-05,2725.15770541,0.5,0.01
1,500.0,-600.719830414,0.000314154,0.0306746,-582.448,100,5020.49552196,0.0240906,-600.719830414,-600.719830414,84.6868278319,0.976418,64.0731,1.18082,78.4541270684,100,0.264475,2.35225,-691.367,2.77404e-05,5020.49552196,0.5,0.01
1,500.0,-597.215469319,0.00295409,0.311854,-586.723,100,24362.3388159,0.014259,-597.215469319,-597.215469319,94.9708281359,1.05567,109.622,1.05295,95.4598964903,100,0.0535386,1.50528,-787.972,4.80409e-06,24362.3388159,0.5,0.01
1,500.0,-611.459610505,0.000886019,0.082161,-582.68,100,16131.467802,0.0199566,-611.459610505,-611.459610505,88.2119313658,0.927305,61.9084,1.13363,84.0008894518,100,0.165433,1.85059,-716.545,1.92387e-05,16131.467802,0.5,0.01
1,500.0,-578.817599419,0.000113916,0.0125133,-546.23,100,3589.11569525,0.26111,-578.817599419,-578.817599419,59.6461436849,1.09847,185.017,1.67655,13.1658038156,100,8.03869,28.6821,-646.546,0.000666205,3589.11569525,0.5,0.01
1,500.0,-577.109853913,0.00109414,0.106371,-561.687,100,3579.34447388,0.0300486,-577.109853913,-577.109853913,80.3000715258,0.972187,74.7336,1.24533,78.1710517814,100,0.266595,2.92129,-644.45,2.82066e-05,3579.34447388,0.5,0.01
1,500.0,-570.035212631,0.000642255,0.062169,-551.543,100,2494.56525846,0.0279393,-570.035212631,-570.035212631,77.3905088546,0.967979,59.2223,1.29215,73.157509873,100,0.347265,2.70446,-630.804,3.7062e-05,2494.56525846,0.5,0.01
1,500.0,-552.37106174,0.00125023,0.133587,-536.322,100,3547.67627796,0.034648,-552.37106174,-552.37106174,81.1726488128,1.06851,64.1473,1.23194,75.1711397314,100,0.380913,3.70217,-617.399,3.33634e-05,3547.67627796,0.5,0.01
1,500.0,-546.171860334,5.30822e-08,4.04184e-06,-516.401,100,2369.56469174,0.101919,-546.171860334,-546.171860334,99.9997377403,0.76143,66.7783,1.0,23.690710816,100,1.88636,7.76039,-584.224,0.00032536,2369.56469174,0.5,0.01
1,500.0,-537.170950444,0.00135446,0.131008,-524.745,100,3165.20407014,0.0320472,-537.170950444,-537.170950444,83.2853180156,0.967238,67.801,1.20069,79.4685011157,100,0.24415,3.09973,-598.515,2.6097e-05,3165.20407014,0.5,0.01
1,500.0,-547.566957816,0.00113057,0.109038,-532.363,100,2820.63737662,0.0333882,-547.566957816,-547.566957816,81.6796273856,0.964449,51.8435,1.2243,73.7010988676,100,0.335264,3.22013,-609.765,3.60436e-05,2820.63737662,0.5,0.01
1,500.0,-536.78801587,0.00447292,0.451182,-531.432,100,2710.38322681,0.0165733,-536.78801587,-536.78801587,93.3233267599,1.0087,47.8353,1.07154,93.3746292363,100,0.0729234,1.67175,-608.972,7.16713e-06,2710.38322681,0.5,0.01
1,500.0,-540.973066394,7.69329e-06,0.000752216,-509.808,100,2947.35480828,0.0460013,-540.973066394,-540.973066394,59.7201273994,0.977755,77.1209,1.67448,52.4376617939,100,0.87588,4.4978,-600.53,9.16188e-05,2947.35480828,0.5,0.01
1,500.0,-502.163302394,0.00151238,0.154724,-492.808,100,1865.65013964,0.0344893,-502.163302394,-502.163302394,84.1948984681,1.02305,51.3651,1.18772,80.8079081625,100,0.25109,3.52844,-557.443,2.39902e-05,1865.65013964,0.5,0.01
1,500.0,-509.112448766,0.00310532,0.290853,-500.918,100,2090.46375478,0.0216758,-509.112448766,-509.112448766,88.2147606628,0.93663,47.5907,1.1336,85.9092735084,100,0.145343,2.03022,-568.049,1.65675e-05,2090.46375478,0.5,0.01
1,500.0,-500.637161836,0.00155944,0.163562,-487.481,100,2608.94894948,0.0342012,-500.637161836,-500.637161836,79.7573528943,1.04886,64.4321,1.2538,77.0319432852,100,0.331322,3.58721,-560.47,3.01175e-05,2608.94894948,0.5,0.01
1,500.0,-499.535020098,0.00376552,0.380886,-495.714,100,2932.4330318,0.0139262,-499.535020098,-499.535020098,94.9583681657,1.01151,51.4441,1.05309,95.8095578246,100,0.0452019,1.40864,-566.396,4.41791e-06,2932.4330318,0.5,0.01
1,500.0,-501.924132585,0.000520129,0.0493894,-492.479,100,2243.76636534,0.0223417,-501.924132585,-501.924132585,87.4800491012,0.949561,48.1662,1.14312,82.99694661,100,0.186584,2.12148,-565.979,2.06933e-05,2243.76636534,0.5,0.01
1,500.0,-496.315439208,0.00177152,0.173587,-492.247,100,2077.63164825,0.0151292,-496.315439208,-496.315439208,93.8592756688,0.979874,45.986,1.06542,93.0002959656,100,0.0729965,1.48247,-555.032,7.60258e-06,2077.63164825,0.5,0.01
1,500.0,-497.11720407,0.0043244,0.421382,-492.942,100,2290.70288334,0.016414,-497.11720407,-497.11720407,93.9226338709,0.974427,44.4317,1.06471,93.6760107459,100,0.0647479,1.59943,-557.797,6.8191e-06,2290.70288334,0.5,0.01
1,500.0,-496.747707185,0.00344329,0.344907,-491.965,100,1893.6845823,0.0218113,-496.747707185,-496.747707185,91.7793320004,1.00168,45.0847,1.08957,90.2616086877,100,0.109347,2.1848,-556.415,1.0898e-05,1893.6845823,0.5,0.01
1,500.0,-484.235545913,0.00256055,0.256749,-479.714,100,1790.61738223,0.0176928,-484.235545913,-484.235545913,93.1788536655,1.00271,41.9841,1.0732,93.5085156205,100,0.0705036,1.77408,-543.854,7.01227e-06,1790.61738223,0.5,0.01
1,500.0,-490.667615087,0.000884334,0.0826277,-483.997,100,1746.34239541,0.0179422,-490.667615087,-490.667615087,89.5264333036,0.934349,41.2382,1.11699,86.0583648959,100,0.142858,1.67642,-547.332,1.63639e-05,1746.34239541,0.5,0.01
1,500.0,-490.360761141,0.00134891,0.130357,-481.205,100,2407.97333073,0.0203794,-490.360761141,-490.360761141,86.1280800518,0.966394,48.7104,1.16106,82.9502151308,100,0.193899,1.96945,-549.666,2.07619e-05,2407.97333073,0.5,0.01
1,500.0,-483.464366656,,,-455.153,100,2024.19106435,1.0,-483.464366656,-483.464366656,99.9999046327,3.99788e-12,,1.0,1.0,100,1.5983e-21,3.99788e-10,-521.234,0.01,2024.19106435,0.5,0.01
,500.0,-483.464366656,nan,2.50133e+09,nan,200,2024.19106435,nan,-1344.34922931,-483.464366656,1774.36986296,inf,nan,0.112716,nan,100,nan,inf,nan,nan,197296.167521,0.5,nan
1,500.0,-484.541217433,0.000622262,0.122024,-477.627,200,2197.40014948,0.0114209,-484.541217433,-484.541217433,175.212854194,0.980489,46.509,1.14147,172.220957186,100,0.155846,2.23961,-527.549,4.05275e-06,2197.40014948,0.5,0.005
2,500.0,-478.89805335,0.01,1.0,-478.898,200,1880.36393235,0.01,-478.89805335,-478.89805335,200.0,1.0,43.1458,1.0,100.0,100,,1.0,-537.292,3.50449e-18,1880.36393235,0.5,0.01
1,500.0,-480.568712064,0.00111333,0.219137,-474.62,200,2582.9942947,0.00925345,-480.568712064,-480.568712064,179.397686198,0.984147,46.847,1.11484,176.432855935,100,0.130025,1.82135,-521.626,3.35618e-06,2582.9942947,0.5,0.005
2,500.0,-476.540969588,0.01,1.0,-476.541,200,2010.35752921,0.01,-476.540969588,-476.540969588,200.0,1.0,44.6123,1.0,100.0,100,,1.0,-538.473,3.50449e-18,2010.35752921,0.5,0.01
1,500.0,-479.264513398,0.000881752,0.174554,-470.978,200,2123.84448134,0.0100009,-479.264513398,-479.264513398,171.973524803,0.989811,42.1505,1.16297,173.773179138,100,0.148609,1.97979,-518.204,3.7921e-06,2123.84448134,0.5,0.005
2,500.0,-484.931335819,0.01,1.0,-484.931,200,2494.00087557,0.01,-484.931335819,-484.931335819,200.0,1.0,49.6896,1.0,100.0,100,,1.0,-545.801,3.50449e-18,2494.00087557,0.5,0.01
1,500.0,-479.261161016,0.00202279,0.409133,-480.214,200,2094.00302471,0.00840953,-479.261161016,-479.261161016,191.819781136,1.01131,47.3816,1.04265,189.497095061,100,0.0569709,1.70093,-525.54,1.3926e-06,2094.00302471,0.5,0.005
2,500.0,-489.055173327,0.01,1.0,-489.055,200,2241.28938997,0.01,-489.055173327,-489.055173327,200.0,1.0,47.1049,1.0,100.0,100,,1.0,-550.921,3.50449e-18,2241.28938997,0.5,0.01
1,500.0,-470.935657465,0.000410453,0.0786833,-472.914,200,1652.87958209,0.0106563,-470.935657465,-470.935657465,170.693372234,0.958493,47.5991,1.17169,170.016327259,100,0.162835,2.0428,-520.266,4.43108e-06,1652.87958209,0.5,0.005
2,500.0,-480.586256964,0.01,1.0,-480.586,200,2053.63640132,0.01,-480.586256964,-480.586256964,200.0,1.0,45.0899,1.0,100.0,100,,1.0,-541.772,3.50449e-18,2053.63640132,0.5,0.01
1,500.0,-480.70663317,0.00079803,0.1593,-477.387,200,2837.15523082,0.00815853,-480.70663317,-480.70663317,184.827241578,0.998084,48.1372,1.08209,182.826655408,100,0.0940427,1.62858,-524.92,2.3601e-06,2837.15523082,0.5,0.005
2,500.0,-470.356387742,0.01,1.0,-470.356,200,1594.53188428,0.01,-470.356387742,-470.356387742,200.0,1.0,39.7314,1.0,100.0,100,,1.0,-528.42,3.50449e-18,1594.53188428,0.5,0.01
1,500.0,-471.491449152,0.00183653,0.374805,-467.665,200,1850.93546634,0.0110563,-471.491449152,-471.491449152,185.36635597,1.02042,43.0034,1.07894,185.579153558,100,0.0813192,2.25642,-513.789,1.95244e-06,1850.93546634,0.5,0.005
2,500.0,-476.170889424,0.01,1.0,-476.171,200,2067.52464909,0.01,-476.170889424,-476.170889424,200.0,1.0,45.2421,1.0,100.0,100,,1.0,-535.82,3.50449e-18,2067.52464909,0.5,0.01
1,500.0,-465.248342483,0.000536942,0.104358,-465.05,200,1544.49253826,0.0108208,-465.248342483,-465.248342483,175.509808264,0.971785,43.5449,1.13954,171.262403935,100,0.159259,2.1031,-510.075,4.21604e-06,1544.49253826,0.5,0.005
2,500.0,-465.861145278,0.01,1.0,-465.861,200,1555.15812231,0.01,-465.861145278,-465.861145278,200.0,1.0,39.2378,1.0,100.0,100,,1.0,-527.872,3.50449e-18,1555.15812231,0.5,0.01
1,500.0,-476.555805988,0.001294,0.259476,-466.592,200,2956.76225054,0.0120314,-476.555805988,-476.555805988,181.610714862,1.00261,45.6573,1.10126,181.705521561,100,0.101718,2.41257,-516.942,2.5297e-06,2956.76225054,0.5,0.005
2,500.0,-464.207939569,0.01,1.0,-464.208,200,1653.00213202,0.01,-464.207939569,-464.207939569,200.0,1.0,40.4533,1.0,100.0,100,,1.0,-521.51,3.50449e-18,1653.00213202,0.5,0.01
1,500.0,-473.348565715,0.00107554,0.21712,-465.065,200,2030.61007001,0.0125642,-473.348565715,-473.348565715,183.856435802,1.00935,45.6065,1.08781,183.995156324,100,0.0890642,2.53634,-509.619,2.18555e-06,2030.61007001,0.5,0.005
2,500.0,-471.370255651,0.01,1.0,-471.37,200,2379.89433004,0.01,-471.370255651,-471.370255651,200.0,1.0,48.5396,1.0,100.0,100,,1.0,-541.487,3.50449e-18,2379.89433004,0.5,0.01
1,500.0,-468.554886449,0.000598734,0.122046,-464.648,200,1947.75873329,0.00792787,-468.554886449,-468.554886449,181.626561457,1.0192,42.5712,1.10116,179.48351015,100,0.119337,1.61602,-516.676,2.87207e-06,1947.75873329,0.5,0.005
2,500.0,-465.643694084,0.01,1.0,-465.644,200,2090.18525454,0.01,-465.643694084,-465.643694084,200.0,1.0,45.4894,1.0,100.0,100,,1.0,-534.857,3.50449e-18,2090.18525454,0.5,0.01
1,500.0,-454.541622288,0.000795442,0.158289,-454.489,200,1862.71855697,0.0109633,-454.541622288,-454.541622288,177.667154503,0.994973,45.7714,1.1257,174.592576016,100,0.144789,2.18163,-506.416,3.65639e-06,1862.71855697,0.5,0.005
2,500.0,-467.871506665,0.01,1.0,-467.871,200,1864.74992572,0.01,-467.871506665,-467.871506665,200.0,1.0,42.9663,1.0,100.0,100,,1.0,-527.697,3.50449e-18,1864.74992572,0.5,0.01
1,500.0,-462.553289816,0.000991192,0.190408,-460.617,200,2019.70945118,0.0245705,-462.553289816,-462.553289816,176.641748467,0.960498,44.8203,1.13224,168.199304164,100,0.1753,4.71999,-505.63,4.75038e-06,2019.70945118,0.5,0.005
2,500.0,-468.630264525,0.01,1.0,-468.63,200,1967.26379331,0.01,-468.630264525,-468.630264525,200.0,1.0,44.1315,1.0,100.0,100,,1.0,-529.087,3.50449e-18,1967.26379331,0.5,0.01
1,500.0,-464.275663928,0.000696267,0.133095,-460.648,200,1725.47487017,0.0159983,-464.275663928,-464.275663928,175.299265021,0.955774,46.6194,1.14091,166.094643595,100,0.187413,3.05815,-506.31,5.12896e-06,1725.47487017,0.5,0.005
2,500.0,-468.362436209,0.01,1.0,-468.362,200,1794.65856198,0.01,-468.362436209,-468.362436209,200.0,1.0,42.1511,1.0,100.0,100,,1.0,-531.451,3.50449e-18,1794.65856198,0.5,0.01
1,500.0,-470.597259763,0.00146661,0.290516,-467.32,200,1787.01860221,0.0111576,-470.597259763,-470.597259763,190.234109556,0.990435,41.4435,1.05134,189.610960279,100,0.0540184,2.21018,-513.061,1.37667e-06,1787.01860221,0.5,0.005
2,500.0,-457.200292312,0.01,1.0,-457.2,200,1882.59874723,0.01,-457.200292312,-457.200292312,200.0,1.0,43.1714,1.0,100.0,100,,1.0,-522.408,3.50449e-18,1882.59874723,0.5,0.01
1,500.0,-464.936537175,0.0016567,0.343516,-455.496,200,1822.99567802,0.0300528,-464.936537175,-464.936537175,174.942438245,1.03675,51.5243,1.14323,159.416719758,100,0.275003,6.23144,-504.796,6.39633e-06,1822.99567802,0.5,0.005
2,500.0,-460.620067705,0.01,1.0,-460.62,200,1790.22163968,0.01,-460.620067705,-460.620067705,200.0,1.0,42.0989,1.0,100.0,100,,1.0,-516.696,3.50449e-18,1790.22163968,0.5,0.01
1,500.0,-467.501713143,0.000935283,0.190048,-460.536,200,1701.91150362,0.0144253,-467.501713143,-467.501713143,182.668661475,1.01599,43.9903,1.09488,178.999226065,100,0.121714,2.93119,-504.43,2.94782e-06,1701.91150362,0.5,0.005
2,500.0,-464.662296454,0.01,1.0,-464.662,200,1434.24707117,0.01,-464.662296454,-464.662296454,200.0,1.0,37.6816,1.0,100.0,100,,1.0,-519.724,3.50449e-18,1434.24707117,0.5,0.01
1,500.0,-465.298885572,0.00295839,0.594301,-464.183,200,1970.5367328,0.00730246,-465.298885572,-465.298885572,196.679595983,1.00443,41.8381,1.01688,196.528419639,100,0.017911,1.46696,-511.978,4.43833e-07,1970.5367328,0.5,0.005
2,500.0,-464.849156602,0.01,1.0,-464.849,200,1655.22477016,0.01,-464.849156602,-464.849156602,200.0,1.0,40.4805,1.0,100.0,100,,1.0,-523.552,3.50449e-18,1655.22477016,0.5,0.01
1,500.0,-468.031835368,0.00130213,0.259866,-463.266,200,1778.83360575,0.00845126,-468.031835368,-468.031835368,185.778334984,0.997854,39.878,1.07655,185.331904628,100,0.079202,1.68663,-507.757,1.98857e-06,1778.83360575,0.5,0.005
2,500.0,-460.733206754,0.01,1.0,-460.733,200,1248.78577746,0.01,-460.733206754,-460.733206754,200.0,1.0,35.161,1.0,100.0,100,,1.0,-516.543,3.50449e-18,1248.78577746,0.5,0.01
1,500.0,-459.134549069,0.00096893,0.188688,-456.96,200,1382.15040199,0.00850889,-459.134549069,-459.134549069,185.408186721,0.973694,37.2205,1.0787,184.446876406,100,0.0803466,1.65701,-498.001,2.11867e-06,1382.15040199,0.5,0.005
2,500.0,-462.104981685,0.01,1.0,-462.105,200,1528.78073946,0.01,-462.104981685,-462.104981685,200.0,1.0,38.9036,1.0,100.0,100,,1.0,-523.669,3.50449e-18,1528.78073946,0.5,0.01
1,500.0,-455.601020509,0.00144792,0.298633,-454.842,200,1502.52277279,0.00893783,-455.601020509,-455.601020509,183.774187075,1.03125,37.9107,1.08829,184.461380694,100,0.0900341,1.84342,-500.255,2.11652e-06,1502.52277279,0.5,0.005
2,500.0,-464.009406661,0.01,1.0,-464.009,200,1899.73846378,0.01,-464.009406661,-464.009406661,200.0,1.0,43.3675,1.0,100.0,100,,1.0,-526.351,3.50449e-18,1899.73846378,0.5,0.01
1,500.0,-459.559839718,0.00228486,0.444247,-459.87,200,1580.87674403,0.00927627,-459.559839718,-459.559839718,192.502515397,0.972155,41.0018,1.03895,192.585872668,100,0.0365664,1.80359,-504.802,9.67278e-07,1580.87674403,0.5,0.005
2,500.0,-456.271846677,0.01,1.0,-456.272,200,1631.56577504,0.01,-456.271846677,-456.271846677,200.0,1.0,40.1902,1.0,100.0,100,,1.0,-516.223,3.50449e-18,1631.56577504,0.5,0.01
1,500.0,-457.923748125,0.00185646,0.381475,-454.723,200,1420.09168213,0.00919522,-457.923748125,-457.923748125,188.991885406,1.02743,41.6123,1.05825,188.113472178,100,0.0670367,1.88948,-498.332,1.58764e-06,1420.09168213,0.5,0.005
2,500.0,-453.768655206,0.01,1.0,-453.769,200,1609.01488496,0.01,-453.768655206,-453.768655206,200.0,1.0,39.9115,1.0,100.0,100,,1.0,-512.73,3.50449e-18,1609.01488496,0.5,0.01
1,500.0,-460.633278668,0.00096155,0.1886,-454.052,200,2147.77185771,0.00799145,-460.633278668,-460.633278668,187.600312376,0.980707,42.6597,1.0661,185.745891314,100,0.0741778,1.56745,-503.554,1.92813e-06,2147.77185771,0.5,0.005
2,500.0,-451.108462648,0.01,1.0,-451.108,200,1820.35111775,0.01,-451.108462648,-451.108462648,200.0,1.0,42.4517,1.0,100.0,100,,1.0,-508.068,3.50449e-18,1820.35111775,0.5,0.01
1,500.0,-454.152374148,0.0018308,0.370808,-447.831,200,1528.81261349,0.0289565,-454.152374148,-454.152374148,177.475509235,1.01269,38.9579,1.12692,160.348494289,100,0.254874,5.8648,-491.695,6.21314e-06,1528.81261349,0.5,0.005
2,500.0,-452.768003625,0.01,1.0,-452.768,200,1441.7836205,0.01,-452.768003625,-452.768003625,200.0,1.0,37.7805,1.0,100.0,100,,1.0,-508.031,3.50449e-18,1441.7836205,0.5,0.01
1,500.0,-454.447304339,0.00239473,0.483422,-451.613,200,1603.80215368,0.0126902,-454.447304339,-454.447304339,191.010758036,1.00935,38.8554,1.04706,187.20298719,100,0.0699929,2.56176,-496.167,1.71757e-06,1603.80215368,0.5,0.005
2,500.0,-453.247480682,0.01,1.0,-453.247,200,1210.77030265,0.01,-453.247480682,-453.247480682,200.0,1.0,34.6217,1.0,100.0,100,,1.0,-510.042,3.50449e-18,1210.77030265,0.5,0.01
1,500.0,-459.929646467,0.00131215,0.261675,-453.595,200,1743.84502017,0.00982231,-459.929646467,-459.929646467,186.735276741,0.997127,38.7662,1.07103,184.868899118,100,0.0817868,1.95882,-498.557,2.05647e-06,1743.84502017,0.5,0.005
2,500.0,-456.065585796,0.01,1.0,-456.066,200,1511.87618164,0.01,-456.065585796,-456.065585796,200.0,1.0,38.688,1.0,100.0,100,,1.0,-513.499,3.50449e-18,1511.87618164,0.5,0.01
1,500.0,-456.447545876,0.00268381,0.537706,-455.125,200,1366.83604816,0.00714367,-456.447545876,-456.447545876,194.631456735,1.00176,37.6565,1.02758,195.202503207,100,0.0247873,1.43125,-497.507,6.17509e-07,1366.83604816,0.5,0.005
2,500.0,-458.772991868,0.01,1.0,-458.773,200,1943.15311815,0.01,-458.772991868,-458.772991868,200.0,1.0,43.8603,1.0,100.0,100,,1.0,-519.731,3.50449e-18,1943.15311815,0.5,0.01
1,500.0,-454.748446608,0.00124011,0.247358,-453.252,200,1536.56393765,0.00800951,-454.748446608,-454.748446608,184.32664674,0.997327,42.2755,1.08503,182.923609162,100,0.0933208,1.59762,-498.151,2.34555e-06,1536.56393765,0.5,0.005
2,500.0,-446.02917048,0.01,1.0,-446.029,200,1261.99395939,0.01,-446.02917048,-446.02917048,200.0,1.0,35.3465,1.0,100.0,100,,1.0,-500.94,3.50449e-18,1261.99395939,0.5,0.01
1,500.0,-450.316935818,0.00168342,0.339631,-445.472,200,1704.67617433,0.0110494,-450.316935818,-450.316935818,188.179302046,1.00875,38.4497,1.06282,188.279014966,100,0.0636662,2.22922,-488.608,1.56415e-06,1704.67617433,0.5,0.005
2,500.0,-453.385310714,0.01,1.0,-453.385,200,1714.77599386,0.01,-453.385310714,-453.385310714,200.0,1.0,41.2023,1.0,100.0,100,,1.0,-510.78,3.50449e-18,1714.77599386,0.5,0.01
1,500.0,-450.586816515,0.0010944,0.215077,-448.54,200,2115.22236404,0.00909505,-450.586816515,-450.586816515,185.411997904,0.982629,43.12,1.07868,187.117222226,100,0.0668116,1.78741,-492.349,1.72987e-06,2115.22236404,0.5,0.005
2,500.0,-455.506187255,0.01,1.0,-455.506,200,1777.0467993,0.01,-455.506187255,-455.506187255,200.0,1.0,41.9437,1.0,100.0,100,,1.0,-516.255,3.50449e-18,1777.0467993,0.5,0.01
1,500.0,-450.308343291,0.00306685,0.627835,-451.424,200,1661.5078104,0.00739174,-450.308343291,-450.308343291,193.570657111,1.02358,40.5989,1.03321,194.029935873,100,0.0323991,1.51321,-495.087,7.73084e-07,1661.5078104,0.5,0.005
2,500.0,-455.225951456,0.01,1.0,-455.226,200,1745.14056414,0.01,-455.225951456,-455.225951456,200.0,1.0,41.5655,1.0,100.0,100,,1.0,-510.521,3.50449e-18,1745.14056414,0.5,0.01
1,500.0,-443.101496131,0.00165573,0.32367,-446.313,200,1742.22651103,0.0106663,-443.101496131,-443.101496131,188.047476529,0.977422,43.7867,1.06356,186.601094171,100,0.0689441,2.0851,-491.102,1.80415e-06,1742.22651103,0.5,0.005
2,500.0,-447.278143179,0.01,1.0,-447.278,200,1607.55630431,0.01,-447.278143179,-447.278143179,200.0,1.0,39.8934,1.0,100.0,100,,1.0,-505.271,3.50449e-18,1607.55630431,0.5,0.01
1,500.0,-450.927540185,3.20251e-05,0.00905376,-424.318,200,1639.0821972,0.256123,-450.927540185,-450.927540185,88.5891541701,1.41354,249.036,2.25761,14.1987698125,100,26.278,72.408,-485.932,0.000328787,1639.0821972,0.5,0.005
2,500.0,-453.941775606,0.01,1.0,-453.942,200,2070.67084104,0.01,-453.941775606,-453.941775606,200.0,1.0,45.2765,1.0,100.0,100,,1.0,-520.328,3.50449e-18,2070.67084104,0.5,0.01
1,500.0,-449.685663467,0.00210965,0.417433,-450.275,200,1989.72305093,0.00736324,-449.685663467,-449.685663467,193.561299776,0.989341,43.8434,1.03326,192.197873093,100,0.0399335,1.45695,-497.991,1.01996e-06,1989.72305093,0.5,0.005
2,500.0,-442.87031269,0.01,1.0,-442.87,200,1765.2265784,0.01,-442.87031269,-442.87031269,200.0,1.0,41.804,1.0,100.0,100,,1.0,-505.241,3.50449e-18,1765.2265784,0.5,0.01
1,500.0,-447.098533886,0.00191072,0.389468,-439.562,200,1990.65901008,0.0188253,-447.098533886,-447.098533886,175.178039345,1.01917,49.0505,1.1417,168.78128986,100,0.193089,3.83722,-486.686,4.64737e-06,1990.65901008,0.5,0.005
2,500.0,-441.550617104,0.01,1.0,-441.551,200,1432.48740176,0.01,-441.550617104,-441.550617104,200.0,1.0,37.6585,1.0,100.0,100,,1.0,-496.92,3.50449e-18,1432.48740176,0.5,0.01
1,500.0,-441.927113073,0.00400315,0.808836,-440.886,200,1771.40074438,0.0102935,-441.927113073,-441.927113073,195.677697777,1.01025,39.9503,1.02209,195.026882533,100,0.0261555,2.07979,-481.574,6.40687e-07,1771.40074438,0.5,0.005
2,500.0,-442.307870552,0.01,1.0,-442.308,200,1711.74596993,0.01,-442.307870552,-442.307870552,200.0,1.0,41.1659,1.0,100.0,100,,1.0,-499.589,3.50449e-18,1711.74596993,0.5,0.01
1,500.0,-454.840867175,0.00172483,0.350347,-445.152,200,2351.33039708,0.00842994,-454.840867175,-454.840867175,183.95285552,1.0156,45.5644,1.08724,185.814428091,100,0.0791387,1.71229,-488.885,1.91816e-06,2351.33039708,0.5,0.005
2,500.0,-444.529493749,0.01,1.0,-444.529,200,1938.80836864,0.01,-444.529493749,-444.529493749,200.0,1.0,43.8112,1.0,100.0,100,,1.0,-502.175,3.50449e-18,1938.80836864,0.5,0.01
1,500.0,-444.824501838,,,-433.558,200,1943.58392075,0.359496,-444.824501838,-444.824501838,199.999976158,0.0751204,79.4224,1.0,5.28413024557,100,0.208988,5.4011,-476.594,0.000925859,1943.58392075,0.5,0.005
2,500.0,-444.443427534,0.01,1.0,-444.443,200,2249.35154475,0.01,-444.443427534,-444.443427534,200.0,1.0,47.1896,1.0,100.0,100,,1.0,-500.233,3.50449e-18,2249.35154475,0.5,0.01
1,500.0,-443.930208913,0.000180354,0.0359474,-437.723,200,2199.80768242,0.00988836,-443.930208913,-443.930208913,172.661502085,0.996577,47.0002,1.15834,173.940071672,100,0.149545,1.9709,-485.076,3.76436e-06,2199.80768242,0.5,0.005
2,500.0,-442.715578391,0.01,1.0,-442.716,200,1788.7936342,0.01,-442.715578391,-442.715578391,200.0,1.0,42.0821,1.0,100.0,100,,1.0,-500.572,3.50449e-18,1788.7936342,0.5,0.01
1,500.0,-438.038955056,0.000942267,0.17601,-435.646,200,1711.41913429,0.0136948,-438.038955056,-438.038955056,175.630923751,0.933971,44.8949,1.13875,171.680694475,100,0.144612,2.55811,-479.93,4.14455e-06,1711.41913429,0.5,0.005
2,500.0,-435.509956418,0.01,1.0,-435.51,200,1780.07246074,0.01,-435.509956418,-435.509956418,200.0,1.0,41.9794,1.0,100.0,100,,1.0,-490.548,3.50449e-18,1780.07246074,0.5,0.01
1,500.0,-445.459249905,0.0010264,0.202204,-436.583,200,1927.86095719,0.00826735,-445.459249905,-445.459249905,184.208191115,0.985013,41.2806,1.08573,183.172256828,100,0.0895829,1.62869,-478.292,2.30824e-06,1927.86095719,0.5,0.005
2,500.0,-440.889475034,0.01,1.0,-440.889,200,1936.39065786,0.01,-440.889475034,-440.889475034,200.0,1.0,43.7839,1.0,100.0,100,,1.0,-500.72,3.50449e-18,1936.39065786,0.5,0.01
1,500.0,-437.797496939,0.00204312,0.418077,-437.656,200,1612.98046256,0.00797108,-437.797496939,-437.797496939,192.042621764,1.02313,40.8944,1.04144,191.619868824,100,0.04601,1.6311,-480.83,1.09882e-06,1612.98046256,0.5,0.005
2,500.0,-449.147338989,0.01,1.0,-449.147,200,2076.92207818,0.01,-449.147338989,-449.147338989,200.0,1.0,45.3448,1.0,100.0,100,,1.0,-507.328,3.50449e-18,2076.92207818,0.5,0.01
1,500.0,-439.328603126,0.00141341,0.289316,-443.218,200,1556.78324014,0.00720134,-439.328603126,-439.328603126,195.196258311,1.02347,42.7808,1.02461,195.062241066,100,0.0266491,1.47406,-485.537,6.36028e-07,1556.78324014,0.5,0.005
2,500.0,-439.428313697,0.01,1.0,-439.428,200,1433.05008834,0.01,-439.428313697,-439.428313697,200.0,1.0,37.6659,1.0,100.0,100,,1.0,-495.629,3.50449e-18,1433.05008834,0.5,0.01
1,500.0,-437.768096617,0.00240668,0.476893,-437.12,200,1398.84214698,0.00726703,-437.768096617,-437.768096617,192.846528462,0.990769,36.8576,1.03709,192.245151205,100,0.039796,1.43999,-478.173,1.01352e-06,1398.84214698,0.5,0.005
2,500.0,-442.666032023,0.01,1.0,-442.666,200,2204.29994375,0.01,-442.666032023,-442.666032023,200.0,1.0,46.7146,1.0,100.0,100,,1.0,-500.39,3.50449e-18,2204.29994375,0.5,0.01
1,500.0,-437.563004869,0.000519035,0.0955723,-434.008,200,1427.68918562,0.0117682,-437.563004869,-437.563004869,172.110356433,0.920672,43.6017,1.16205,169.219489468,100,0.154957,2.16693,-478.008,4.57028e-06,1427.68918562,0.5,0.005
2,500.0,-432.759459276,0.01,1.0,-432.759,200,1346.24990049,0.01,-432.759459276,-432.759459276,200.0,1.0,36.5074,1.0,100.0,100,,1.0,-485.817,3.50449e-18,1346.24990049,0.5,0.01
1,500.0,-438.791725037,0.00136428,0.273452,-433.017,200,1996.98725003,0.0101277,-438.791725037,-438.791725037,187.507177978,1.00219,40.5272,1.06663,187.664865717,100,0.0663493,2.02998,-474.314,1.6515e-06,1996.98725003,0.5,0.005
2,500.0,-428.701533333,0.01,1.0,-428.702,200,1120.75698639,0.01,-428.701533333,-428.701533333,200.0,1.0,33.3099,1.0,100.0,100,,1.0,-482.344,3.50449e-18,1120.75698639,0.5,0.01
1,500.0,-434.939691007,0.00302288,0.608349,-430.56,200,1300.52181028,0.00867441,-434.939691007,-434.939691007,193.66830427,1.00624,34.0248,1.03269,193.459957097,100,0.0344008,1.74571,-469.106,8.49382e-07,1300.52181028,0.5,0.005
2,500.0,-437.140088531,0.01,1.0,-437.14,200,1253.58938941,0.01,-437.140088531,-437.140088531,200.0,1.0,35.2286,1.0,100.0,100,,1.0,-493.456,3.50449e-18,1253.58938941,0.5,0.01
1,500.0,-440.796456873,0.00251668,0.509316,-437.383,200,1455.88941107,0.00678308,-440.796456873,-440.796456873,191.764222997,1.01188,36.2538,1.04295,192.9664015,100,0.0375092,1.37273,-478.05,9.15838e-07,1455.88941107,0.5,0.005
2,500.0,-435.839140818,0.01,1.0,-435.839,200,1430.50696603,0.01,-435.839140818,-435.839140818,200.0,1.0,37.6325,1.0,100.0,100,,1.0,-489.97,3.50449e-18,1430.50696603,0.5,0.01
1,500.0,-438.645442276,0.00155103,0.317928,-434.897,200,1511.72262577,0.00827429,-438.645442276,-438.645442276,187.835719698,1.0249,39.9613,1.06476,189.354023885,100,0.0593529,1.69606,-476.327,1.41261e-06,1511.72262577,0.5,0.005
2,500.0,-437.457977205,0.01,1.0,-437.458,200,1550.66292644,0.01,-437.457977205,-437.457977205,200.0,1.0,39.1811,1.0,100.0,100,,1.0,-495.113,3.50449e-18,1550.66292644,0.5,0.01
1,500.0,-433.702103279,0.00154808,0.31365,-433.069,200,1313.15317832,0.00886232,-433.702103279,-433.702103279,187.810066768,1.01303,38.3143,1.06491,187.944352554,100,0.0661579,1.79556,-475.337,1.61168e-06,1313.15317832,0.5,0.005
2,500.0,-436.250760485,0.01,1.0,-436.251,200,1566.30958946,0.01,-436.250760485,-436.250760485,200.0,1.0,39.3782,1.0,100.0,100,,1.0,-494.429,3.50449e-18,1566.30958946,0.5,0.01
1,500.0,-424.989597066,0.000995576,0.196751,-428.392,200,1389.0700223,0.00826524,-424.989597066,-424.989597066,188.868146469,0.988125,40.2576,1.05894,189.860205906,100,0.0524078,1.63342,-470.725,1.34187e-06,1389.0700223,0.5,0.005
2,500.0,-435.123184737,0.01,1.0,-435.123,200,1750.03424377,0.01,-435.123184737,-435.123184737,200.0,1.0,41.6237,1.0,100.0,100,,1.0,-488.543,3.50449e-18,1750.03424377,0.5,0.01
1,500.0,-436.774842166,0.00200844,0.390638,-433.679,200,2091.91202467,0.00798433,-436.774842166,-436.774842166,189.257120373,0.97249,43.6137,1.05676,188.28667696,100,0.0591296,1.55294,-477.468,1.56306e-06,2091.91202467,0.5,0.005
2,500.0,-438.92272342,0.01,1.0,-438.923,200,2410.83648182,0.01,-438.92272342,-438.92272342,200.0,1.0,48.8541,1.0,100.0,100,,1.0,-515.709,3.50449e-18,2410.83648182,0.5,0.01
1,500.0,-431.864386056,0.00295186,0.596811,-433.485,200,1837.20440418,0.0122156,-431.864386056,-431.864386056,192.612111273,1.01091,44.8496,1.03836,190.980261239,100,0.0485068,2.46977,-488.813,1.18665e-06,1837.20440418,0.5,0.005
2,500.0,-436.912352364,0.01,1.0,-436.912,200,1446.57367986,0.01,-436.912352364,-436.912352364,200.0,1.0,37.8432,1.0,100.0,100,,1.0,-491.168,3.50449e-18,1446.57367986,0.5,0.01
1,500.0,-431.742275155,0.00118222,0.242972,-431.395,200,1670.25407416,0.0077533,-431.742275155,-431.742275155,185.421567532,1.02761,38.0328,1.07862,187.362227969,100,0.0715855,1.59348,-473.276,1.69475e-06,1670.25407416,0.5,0.005
2,500.0,-435.408573052,0.01,1.0,-435.409,200,1599.24787152,0.01,-435.408573052,-435.408573052,200.0,1.0,39.7901,1.0,100.0,100,,1.0,-490.179,3.50449e-18,1599.24787152,0.5,0.01
1,500.0,-436.282391181,0.00149127,0.296235,-432.718,200,1887.80272775,0.00823102,-436.282391181,-436.282391181,185.852752058,0.993234,41.5839,1.07612,186.96713098,100,0.0691122,1.63507,-474.309,1.75142e-06,1887.80272775,0.5,0.005
2,500.0,-431.770454979,0.01,1.0,-431.77,200,1195.52323954,0.01,-431.770454979,-431.770454979,200.0,1.0,34.403,1.0,100.0,100,,1.0,-487.209,3.50449e-18,1195.52323954,0.5,0.01
1,500.0,-433.831747815,0.0020938,0.416645,-431.634,200,1671.83218093,0.00790522,-433.831747815,-433.831747815,194.331550121,0.994947,37.6535,1.02917,194.309417207,100,0.0291368,1.57305,-471.402,7.35838e-07,1671.83218093,0.5,0.005
2,500.0,-428.535178086,0.01,1.0,-428.535,200,1314.24716152,0.01,-428.535178086,-428.535178086,200.0,1.0,36.0708,1.0,100.0,100,,1.0,-481.924,3.50449e-18,1314.24716152,0.5,0.01
1,500.0,-435.508481855,0.00152853,0.302021,-430.715,200,1003.95959005,0.00751619,-435.508481855,-435.508481855,193.231112699,0.987945,33.8413,1.03503,193.732561588,100,0.0317342,1.48512,-469.121,8.12834e-07,1003.95959005,0.5,0.005
2,500.0,-435.549336042,0.01,1.0,-435.549,200,1574.61087367,0.01,-435.549336042,-435.549336042,200.0,1.0,39.4825,1.0,100.0,100,,1.0,-488.553,3.50449e-18,1574.61087367,0.5,0.01
1,500.0,-439.338144165,0.00210409,0.417799,-434.865,200,1312.9256086,0.00822558,-439.338144165,-439.338144165,186.92470865,0.992825,36.3203,1.06995,188.321748182,100,0.0614324,1.63331,-474.302,1.55809e-06,1312.9256086,0.5,0.005
2,500.0,-433.61738383,0.01,1.0,-433.617,200,1264.35614662,0.01,-433.61738383,-433.61738383,200.0,1.0,35.3796,1.0,100.0,100,,1.0,-485.045,3.50449e-18,1264.35614662,0.5,0.01
1,500.0,-430.557166605,0.0015509,0.29929,-429.823,200,1470.65627062,0.00878475,-430.557166605,-430.557166605,188.964617431,0.964893,36.5752,1.0584,188.118315587,100,0.0590994,1.69527,-470.189,1.58695e-06,1470.65627062,0.5,0.005
2,500.0,-434.84016681,0.01,1.0,-434.84,200,2090.33843057,0.01,-434.84016681,-434.84016681,200.0,1.0,45.491,1.0,100.0,100,,1.0,-492.521,3.50449e-18,2090.33843057,0.5,0.01
1,500.0,-439.354244461,0.0016031,0.332101,-434.364,200,1776.18458896,0.0109313,-439.354244461,-439.354244461,185.922077744,1.03581,47.284,1.07572,183.311873778,100,0.0981646,2.26455,-476.666,2.28736e-06,1776.18458896,0.5,0.005
2,500.0,-439.707279067,0.01,1.0,-439.707,200,2555.18845566,0.01,-439.707279067,-439.707279067,200.0,1.0,50.2955,1.0,100.0,100,,1.0,-500.402,3.50449e-18,2555.18845566,0.5,0.01
1,500.0,-435.31192545,0.00133033,0.274603,-434.767,200,1361.35514694,0.00742789,-435.31192545,-435.31192545,186.807654506,1.03209,42.5288,1.07062,186.450951511,100,0.0777954,1.53324,-479.174,1.82584e-06,1361.35514694,0.5,0.005
2,500.0,-438.886629968,0.01,1.0,-438.887,200,1826.87465051,0.01,-438.886629968,-438.886629968,200.0,1.0,42.5277,1.0,100.0,100,,1.0,-495.733,3.50449e-18,1826.87465051,0.5,0.01
1,500.0,-441.683715097,0.00246572,0.49653,-437.247,200,1509.2506489,0.0140354,-441.683715097,-441.683715097,186.079704796,1.00686,39.9876,1.07481,182.396036387,100,0.0983361,2.82635,-478.92,2.425e-06,1509.2506489,0.5,0.005
2,500.0,-434.875866903,0.01,1.0,-434.876,200,1788.01636432,0.01,-434.875866903,-434.875866903,200.0,1.0,42.073,1.0,100.0,100,,1.0,-492.906,3.50449e-18,1788.01636432,0.5,0.01
1,500.0,-432.448297527,0.00136433,0.255645,-428.012,200,1284.80418123,0.0176939,-432.448297527,-432.448297527,173.443430639,0.936886,42.788,1.15311,169.898796453,100,0.156294,3.31544,-472.075,4.45153e-06,1284.80418123,0.5,0.005
2,500.0,-428.869523492,0.01,1.0,-428.87,200,1717.72672907,0.01,-428.869523492,-428.869523492,200.0,1.0,41.2377,1.0,100.0,100,,1.0,-484.148,3.50449e-18,1717.72672907,0.5,0.01
1,500.0,-441.255606016,0.000810273,0.163784,-429.906,200,1553.40588446,0.0136379,-441.255606016,-441.255606016,174.245556676,1.01067,41.3435,1.14781,172.528186921,100,0.163465,2.75668,-471.783,4.00078e-06,1553.40588446,0.5,0.005
2,500.0,-434.718479407,0.01,1.0,-434.719,200,1724.76014326,0.01,-434.718479407,-434.718479407,200.0,1.0,41.3221,1.0,100.0,100,,1.0,-489.584,3.50449e-18,1724.76014326,0.5,0.01
1,500.0,-426.697117059,0.00246616,0.499539,-427.916,200,1617.21872037,0.0104885,-426.697117059,-426.697117059,185.780248172,1.01279,40.3231,1.07654,185.785938671,100,0.0788711,2.12452,-469.944,1.9223e-06,1617.21872037,0.5,0.005
2,500.0,-438.579687039,0.01,1.0,-438.58,200,1298.77846183,0.01,-438.579687039,-438.579687039,200.0,1.0,35.8579,1.0,100.0,100,,1.0,-490.528,3.50449e-18,1298.77846183,0.5,0.01
1,500.0,-431.01925631,0.00305126,0.628907,-432.05,200,1423.83453718,0.0123118,-431.01925631,-431.01925631,186.054549866,1.03057,37.2264,1.07495,183.417703329,100,0.0965023,2.53763,-472.744,2.27155e-06,1423.83453718,0.5,0.005
2,500.0,-435.207462707,0.01,1.0,-435.207,200,1937.18071064,0.01,-435.207462707,-435.207462707,200.0,1.0,43.7928,1.0,100.0,100,,1.0,-490.698,3.50449e-18,1937.18071064,0.5,0.01
1,500.0,-443.258958151,0.00218239,0.435768,-435.208,200,1524.17046669,0.0150042,-443.258958151,-443.258958151,180.005070591,0.998375,44.7657,1.11108,173.597717,100,0.152357,2.99596,-476.567,3.82133e-06,1524.17046669,0.5,0.005
2,500.0,-433.586232246,0.01,1.0,-433.586,200,1679.63048945,0.01,-433.586232246,-433.586232246,200.0,1.0,40.7779,1.0,100.0,100,,1.0,-490.25,3.50449e-18,1679.63048945,0.5,0.01
1,500.0,-435.796242541,0.00310913,0.625797,-433.235,200,2054.8467601,0.00914853,-435.796242541,-435.796242541,192.691596,1.00639,43.3354,1.03793,191.661627647,100,0.0442843,1.84139,-474.487,1.0931e-06,2054.8467601,0.5,0.005
2,500.0,-437.013999399,0.01,1.0,-437.014,200,2282.00441542,0.01,-437.013999399,-437.013999399,200.0,1.0,47.5309,1.0,100.0,100,,1.0,-499.965,3.50449e-18,2282.00441542,0.5,0.01
1,500.0,-434.867477309,0.000911541,0.180777,-432.627,200,1668.79076881,0.00962586,-434.867477309,-434.867477309,185.850878551,0.991602,43.9486,1.07613,184.962719544,100,0.0803407,1.909,-478.803,2.04269e-06,1668.79076881,0.5,0.005
2,500.0,-433.725758067,0.01,1.0,-433.726,200,1790.1149575,0.01,-433.725758067,-433.725758067,200.0,1.0,42.0977,1.0,100.0,100,,1.0,-491.589,3.50449e-18,1790.1149575,0.5,0.01
1,500.0,-429.924248834,0.00131219,0.272122,-423.729,200,2023.72250078,0.0798291,-429.924248834,-429.924248834,157.29000784,1.0369,64.9463,1.27154,84.1219468986,100,1.48847,16.5549,-472.184,3.46106e-05,2023.72250078,0.5,0.005
2,500.0,-423.851370869,0.01,1.0,-423.851,200,1394.01000711,0.01,-423.851370869,-423.851370869,200.0,1.0,37.1493,1.0,100.0,100,,1.0,-479.084,3.50449e-18,1394.01000711,0.5,0.01
1,500.0,-432.652479554,0.00122915,0.242764,-425.777,200,1647.34678527,0.00903769,-432.652479554,-432.652479554,185.623292132,0.98753,38.7223,1.07745,183.526905475,100,0.0879735,1.785,-466.317,2.25523e-06,1647.34678527,0.5,0.005
2,500.0,-435.661948934,0.01,1.0,-435.662,200,1288.78644297,0.01,-435.661948934,-435.661948934,200.0,1.0,35.7197,1.0,100.0,100,,1.0,-490.638,3.50449e-18,1288.78644297,0.5,0.01
1,500.0,-430.214081329,0.0016883,0.346979,-429.743,200,1520.81782629,0.018719,-430.214081329,-430.214081329,183.35382472,1.0276,40.53,1.09079,179.449111015,100,0.121539,3.84713,-470.343,2.87744e-06,1520.81782629,0.5,0.005
2,500.0,-432.896313446,0.01,1.0,-432.896,200,1549.41830705,0.01,-432.896313446,-432.896313446,200.0,1.0,39.1653,1.0,100.0,100,,1.0,-489.099,3.50449e-18,1549.41830705,0.5,0.01
1,500.0,-428.932880677,0.000589623,0.110826,-427.797,200,1398.86502615,0.0112876,-428.932880677,-428.932880677,183.038904185,0.939803,39.5101,1.09266,179.706160536,100,0.100243,2.12162,-469.339,2.8374e-06,1398.86502615,0.5,0.005
2,500.0,-434.994640675,0.01,1.0,-434.995,200,1903.1780943,0.01,-434.994640675,-434.994640675,200.0,1.0,43.4068,1.0,100.0,100,,1.0,-489.826,3.50449e-18,1903.1780943,0.5,0.01
1,500.0,-428.96297808,0.0017107,0.347711,-429.726,200,1380.40436466,0.00738648,-428.96297808,-428.96297808,188.246340228,1.01628,39.7083,1.06244,189.485652306,100,0.0575987,1.50135,-469.69,1.3942e-06,1380.40436466,0.5,0.005
2,500.0,-429.412883814,0.01,1.0,-429.413,200,1828.01685969,0.01,-429.412883814,-429.412883814,200.0,1.0,42.541,1.0,100.0,100,,1.0,-484.618,3.50449e-18,1828.01685969,0.5,0.01
1,500.0,-430.083153308,0.00122674,0.243837,-427.214,200,1537.26228451,0.00952137,-430.083153308,-430.083153308,187.418637263,0.993843,40.7042,1.06713,186.604825198,100,0.0712587,1.89255,-467.539,1.80361e-06,1537.26228451,0.5,0.005
2,500.0,-437.126685784,0.01,1.0,-437.127,200,1958.41128022,0.01,-437.126685784,-437.126685784,200.0,1.0,44.0321,1.0,100.0,100,,1.0,-491.753,3.50449e-18,1958.41128022,0.5,0.01
1,500.0,-427.878968173,0.00172693,0.363171,-428.309,200,1382.67943188,0.0426668,-427.878968173,-427.878968173,179.380231477,1.05149,41.3864,1.11495,142.965313596,100,0.4433,8.97277,-469.095,1.00236e-05,1382.67943188,0.5,0.005
2,500.0,-422.296072468,0.01,1.0,-422.296,200,1360.02995179,0.01,-422.296072468,-422.296072468,200.0,1.0,36.6937,1.0,100.0,100,,1.0,-474.094,3.50449e-18,1360.02995179,0.5,0.01
1,500.0,-426.993674621,0.00209795,0.419152,-422.372,200,1931.65654657,0.0123697,-426.993674621,-426.993674621,189.434592951,0.998957,41.637,1.05577,189.425151596,100,0.0559894,2.47136,-463.909,1.40266e-06,1931.65654657,0.5,0.005
2,500.0,-433.206149167,0.01,1.0,-433.206,200,1657.6570277,0.01,-433.206149167,-433.206149167,200.0,1.0,40.5103,1.0,100.0,100,,1.0,-487.779,3.50449e-18,1657.6570277,0.5,0.01
1,500.0,-433.811566109,0.00132118,0.268041,-430.18,200,1402.59737662,0.0129132,-433.811566109,-433.811566109,185.457703321,1.0144,39.7964,1.07841,183.314120736,100,0.0941338,2.61983,-471.578,2.28701e-06,1402.59737662,0.5,0.005
2,500.0,-430.249818579,0.01,1.0,-430.25,200,1312.42713306,0.01,-430.249818579,-430.249818579,200.0,1.0,36.0458,1.0,100.0,100,,1.0,-488.484,3.50449e-18,1312.42713306,0.5,0.01
1,500.0,-435.585922938,0.00215194,0.438482,-430.695,200,1495.40720878,0.0128274,-435.585922938,-435.585922938,189.687603452,1.01881,37.9271,1.05437,185.778616617,100,0.0798562,2.61372,-472.978,1.92338e-06,1495.40720878,0.5,0.005
2,500.0,-428.501333586,0.01,1.0,-428.501,200,1457.28084555,0.01,-428.501333586,-428.501333586,200.0,1.0,37.983,1.0,100.0,100,,1.0,-484.849,3.50449e-18,1457.28084555,0.5,0.01
1,500.0,-436.847548227,0.000912347,0.188263,-428.1,200,2364.9316892,0.00969828,-436.847548227,-436.847548227,176.981442452,1.03175,43.5744,1.13006,178.2786668,100,0.13035,2.00124,-472.218,3.06129e-06,2364.9316892,0.5,0.005
2,500.0,-429.127793029,0.01,1.0,-429.128,200,1786.19743819,0.01,-429.127793029,-429.127793029,200.0,1.0,42.0516,1.0,100.0,100,,1.0,-484.011,3.50449e-18,1786.19743819,0.5,0.01
1,500.0,-431.959212398,0.0005011,0.0982157,-426.776,200,2301.58305053,0.00795654,-431.959212398,-431.959212398,179.894803051,0.980002,46.446,1.11176,176.74013324,100,0.127029,1.55948,-468.961,3.30666e-06,2301.58305053,0.5,0.005
2,500.0,-426.851690543,0.01,1.0,-426.852,200,1264.34166426,0.01,-426.851690543,-426.851690543,200.0,1.0,35.3793,1.0,100.0,100,,1.0,-478.544,3.50449e-18,1264.34166426,0.5,0.01
1,500.0,-429.42702018,0.00183653,0.363466,-426.23,200,1858.07504615,0.00883453,-429.42702018,-429.42702018,191.121818342,0.989546,38.5155,1.04645,191.529899463,100,0.0435215,1.74844,-468.196,1.11115e-06,1858.07504615,0.5,0.005
2,500.0,-426.690393416,0.01,1.0,-426.69,200,1227.23526354,0.01,-426.690393416,-426.690393416,200.0,1.0,34.8563,1.0,100.0,100,,1.0,-481.882,3.50449e-18,1227.23526354,0.5,0.01
1,500.0,-427.952266969,0.00212746,0.418408,-424.806,200,1017.77906814,0.0111363,-427.952266969,-427.952266969,187.061763259,0.983352,33.2701,1.06917,185.576160054,100,0.0755362,2.19019,-465.16,1.95289e-06,1017.77906814,0.5,0.005
2,500.0,-437.710256163,0.01,1.0,-437.71,200,2020.66473951,0.01,-437.710256163,-437.710256163,200.0,1.0,44.7265,1.0,100.0,100,,1.0,-496.57,3.50449e-18,2020.66473951,0.5,0.01
1,500.0,-426.288529128,0.00268007,0.53754,-429.472,200,1172.98212183,0.0122003,-426.288529128,-426.288529128,188.052619532,1.00285,41.5326,1.06353,184.154088767,100,0.0869733,2.44701,-472.393,2.162e-06,1172.98212183,0.5,0.005
2,500.0,-430.986737851,0.01,1.0,-430.987,200,1535.95943433,0.01,-430.986737851,-430.986737851,200.0,1.0,38.9949,1.0,100.0,100,,1.0,-489.266,3.50449e-18,1535.95943433,0.5,0.01
1,500.0,-437.450722807,0.00204103,0.410467,-431.915,200,1856.61268108,0.00871269,-437.450722807,-437.450722807,188.866870777,1.00554,41.5508,1.05895,188.852071678,100,0.0599853,1.75219,-474.321,1.48316e-06,1856.61268108,0.5,0.005
2,500.0,-425.784407198,0.01,1.0,-425.784,200,1316.45035122,0.01,-425.784407198,-425.784407198,200.0,1.0,36.101,1.0,100.0,100,,1.0,-476.389,3.50449e-18,1316.45035122,0.5,0.01
1,500.0,-427.959481572,0.00332872,0.648118,-425.932,200,1364.70879321,0.00766066,-427.959481572,-427.959481572,194.874349072,0.973523,36.8957,1.0263,195.755527791,100,0.0206527,1.49157,-462.904,5.44783e-07,1364.70879321,0.5,0.005
2,500.0,-426.215293973,0.01,1.0,-426.215,200,1249.28780648,0.01,-426.215293973,-426.215293973,200.0,1.0,35.1681,1.0,100.0,100,,1.0,-479.569,3.50449e-18,1249.28780648,0.5,0.01
1,500.0,-426.100910062,0.00312532,0.63706,-424.861,200,1263.82014053,0.00903783,-426.100910062,-426.100910062,193.322759121,1.01919,36.0332,1.03454,193.092609737,100,0.0373457,1.84226,-464.665,8.98814e-07,1263.82014053,0.5,0.005
2,500.0,-430.429016655,0.01,1.0,-430.429,200,1858.07477563,0.01,-430.429016655,-430.429016655,200.0,1.0,42.8893,1.0,100.0,100,,1.0,-492.054,3.50449e-18,1858.07477563,0.5,0.01
1,500.0,-423.724939435,0.00240912,0.486421,-424.579,200,1156.68108356,0.0147116,-423.724939435,-423.724939435,187.918761269,1.00954,40.0745,1.06429,183.150199207,100,0.0942354,2.9704,-469.533,2.31156e-06,1156.68108356,0.5,0.005
2,500.0,-428.369667136,0.01,1.0,-428.37,200,1413.89737918,0.01,-428.369667136,-428.369667136,200.0,1.0,37.4133,1.0,100.0,100,,1.0,-482.12,3.50449e-18,1413.89737918,0.5,0.01
1,500.0,-427.373194787,0.0016838,0.346276,-422.473,200,1650.34002645,0.0465691,-427.373194787,-427.373194787,172.91239596,1.02826,45.7132,1.15666,136.589956541,100,0.493311,9.57701,-465.989,1.16642e-05,1650.34002645,0.5,0.005
2,500.0,-432.47732023,0.01,1.0,-432.477,200,1698.64871289,0.01,-432.47732023,-432.47732023,200.0,1.0,41.0081,1.0,100.0,100,,1.0,-485.207,3.50449e-18,1698.64871289,0.5,0.01
1,500.0,-431.146837338,0.00258005,0.523356,-429.445,200,1820.54571079,0.00925146,-431.146837338,-431.146837338,188.847376094,1.01424,42.6704,1.05906,189.562342515,100,0.0569249,1.87663,-470.421,1.38345e-06,1820.54571079,0.5,0.005
2,500.0,-427.572032391,0.01,1.0,-427.572,200,1726.10096139,0.01,-427.572032391,-427.572032391,200.0,1.0,41.3381,1.0,100.0,100,,1.0,-485.423,3.50449e-18,1726.10096139,0.5,0.01
1,500.0,-433.516426937,0.000694222,0.167566,-413.786,200,1677.65876059,0.217129,-433.516426937,-433.516426937,114.22527164,1.20687,167.878,1.75093,19.2062913584,100,13.7795,52.4092,-467.915,0.000236514,1677.65876059,0.5,0.005
2,500.0,-423.47100925,0.01,1.0,-423.471,200,1463.44859901,0.01,-423.47100925,-423.47100925,200.0,1.0,38.0633,1.0,100.0,100,,1.0,-475.031,3.50449e-18,1463.44859901,0.5,0.01
1,500.0,-430.848031436,0.00200074,0.391043,-425.651,200,1863.75097034,0.00869271,-430.848031436,-430.848031436,193.051612248,0.977247,40.7094,1.03599,193.355089567,100,0.032985,1.69898,-469.78,8.6347e-07,1863.75097034,0.5,0.005
2,500.0,-434.390365015,0.01,1.0,-434.39,200,2369.9558026,0.01,-434.390365015,-434.390365015,200.0,1.0,48.4382,1.0,100.0,100,,1.0,-493.553,3.50449e-18,2369.9558026,0.5,0.01
1,500.0,-437.714303709,0.00318241,0.638782,-434.164,200,1425.33446572,0.0105343,-437.714303709,-437.714303709,191.289021939,1.00362,44.9026,1.04554,191.063414162,100,0.0473481,2.11447,-476.94,1.17519e-06,1425.33446572,0.5,0.005
2,500.0,-428.832737869,0.01,1.0,-428.833,200,1569.74875943,0.01,-428.832737869,-428.832737869,200.0,1.0,39.4215,1.0,100.0,100,,1.0,-485.114,3.50449e-18,1569.74875943,0.5,0.01
1,500.0,-426.09844308,0.00257104,0.512773,-425.055,200,1700.76045669,0.0103263,-426.09844308,-426.09844308,188.159526988,0.99721,39.3444,1.06293,188.881236051,100,0.0588329,2.0595,-466.085,1.47907e-06,1700.76045669,0.5,0.005
2,500.0,-427.218058216,0.01,1.0,-427.218,200,1957.34232765,0.01,-427.218058216,-427.218058216,200.0,1.0,44.0201,1.0,100.0,100,,1.0,-483.073,3.50449e-18,1957.34232765,0.5,0.01
1,500.0,-430.319103883,0.00123713,0.240733,-424.81,200,1833.61504741,0.020653,-430.319103883,-430.319103883,179.131325156,0.97295,43.4126,1.1165,169.309378114,100,0.172458,4.01887,-467.16,4.55451e-06,1833.61504741,0.5,0.005
2,500.0,-427.470963612,0.01,1.0,-427.471,200,1797.83219261,0.01,-427.470963612,-427.470963612,200.0,1.0,42.1883,1.0,100.0,100,,1.0,-488.898,3.50449e-18,1797.83219261,0.5,0.01
1,500.0,-427.997633469,0.00300693,0.607267,-425.987,200,1478.4115408,0.00767418,-427.997633469,-427.997633469,192.137082667,1.00978,39.0327,1.04092,192.557257922,100,0.0396097,1.54984,-470.303,9.71157e-07,1478.4115408,0.5,0.005
2,500.0,-428.172390046,0.01,1.0,-428.172,200,1731.67147137,0.01,-428.172390046,-428.172390046,200.0,1.0,41.4048,1.0,100.0,100,,1.0,-486.182,3.50449e-18,1731.67147137,0.5,0.01
1,500.0,-423.788884907,0.00244603,0.498135,-424.472,200,1433.37043832,0.00829646,-423.788884907,-423.788884907,192.515260915,1.01825,38.4844,1.03888,193.676303736,100,0.0340237,1.68958,-466.281,8.20373e-07,1433.37043832,0.5,0.005
2,500.0,-430.931482667,0.01,1.0,-430.931,200,1091.51775358,0.01,-430.931482667,-430.931482667,200.0,1.0,32.8725,1.0,100.0,100,,1.0,-482.622,3.50449e-18,1091.51775358,0.5,0.01
1,500.0,-423.093662373,0.00216324,0.433362,-425.597,200,1806.76176916,0.0112994,-423.093662373,-423.093662373,192.661679216,1.00165,39.1662,1.03809,191.165007877,100,0.0466025,2.26361,-467.787,1.16122e-06,1806.76176916,0.5,0.005
2,500.0,-429.933237501,0.01,1.0,-429.933,200,2742.00499305,0.01,-429.933237501,-429.933237501,200.0,1.0,52.1017,1.0,100.0,100,,1.0,-497.498,3.50449e-18,2742.00499305,0.5,0.01
1,500.0,-433.149128147,0.00140931,0.317823,-421.019,200,1571.02405454,0.13224,-433.149128147,-433.149128147,146.926197619,1.12758,108.789,1.36123,44.5484784672,100,4.459,29.8223,-476.759,8.76757e-05,1571.02405454,0.5,0.005
2,500.0,-432.782039525,0.01,1.0,-432.782,200,2189.11995989,0.01,-432.782039525,-432.782039525,200.0,1.0,46.5535,1.0,100.0,100,,1.0,-490.68,3.50449e-18,2189.11995989,0.5,0.01
1,500.0,-425.470072083,0.000290256,0.0578898,-422.01,200,1841.6828192,0.021402,-425.470072083,-425.470072083,167.172995268,0.99722,47.4107,1.19637,158.651969532,100,0.260477,4.26849,-466.789,6.54827e-06,1841.6828192,0.5,0.005
2,500.0,-433.66857518,0.01,1.0,-433.669,200,1527.63564363,0.01,-433.66857518,-433.66857518,200.0,1.0,38.8891,1.0,100.0,100,,1.0,-487.393,3.50449e-18,1527.63564363,0.5,0.01
1,500.0,-437.930435752,0.00156545,0.316345,-432.79,200,1835.6369564,0.010672,-437.930435752,-437.930435752,184.734093467,1.01039,40.2969,1.08264,185.642164751,100,0.0793543,2.15658,-472.993,1.94325e-06,1835.6369564,0.5,0.005
2,500.0,-430.041660571,0.01,1.0,-430.042,200,1834.57723893,0.01,-430.041660571,-430.041660571,200.0,1.0,42.6173,1.0,100.0,100,,1.0,-485.587,3.50449e-18,1834.57723893,0.5,0.01
1,500.0,-425.889632126,0.00297369,0.603343,-426.798,200,1392.39342668,0.00955337,-425.889632126,-425.889632126,194.075347045,1.01447,38.2851,1.03053,192.493354796,100,0.0403348,1.93832,-466.69,9.7981e-07,1392.39342668,0.5,0.005
2,500.0,-427.104471971,0.01,1.0,-427.104,200,1689.56460414,0.01,-427.104471971,-427.104471971,200.0,1.0,40.8983,1.0,100.0,100,,1.0,-484.033,3.50449e-18,1689.56460414,0.5,0.01
1,500.0,-426.526203419,0.00150813,0.297625,-424.194,200,1757.02144667,0.00887262,-426.526203419,-426.526203419,186.893869889,0.986734,42.5635,1.07013,184.00218227,100,0.0850775,1.75098,-465.837,2.18451e-06,1757.02144667,0.5,0.005
2,500.0,-422.23435065,0.01,1.0,-422.234,200,1517.95345345,0.01,-422.23435065,-422.23435065,200.0,1.0,38.7656,1.0,100.0,100,,1.0,-473.331,3.50449e-18,1517.95345345,0.5,0.01
1,500.0,-435.644592076,0.00181497,0.359374,-425.491,200,2391.76957987,0.0146323,-435.644592076,-435.644592076,183.546916163,0.990029,45.6723,1.08964,181.602247278,100,0.0997963,2.89728,-470.677,2.54542e-06,2391.76957987,0.5,0.005
2,500.0,-424.229708173,0.01,1.0,-424.23,200,1323.63089311,0.01,-424.229708173,-424.229708173,200.0,1.0,36.1994,1.0,100.0,100,,1.0,-476.696,3.50449e-18,1323.63089311,0.5,0.01
1,500.0,-426.317234975,0.00280601,0.56822,-424.08,200,1630.77854235,0.00909678,-426.317234975,-426.317234975,193.59471341,1.0125,39.738,1.03309,193.132275037,100,0.036638,1.8421,-462.46,8.93466e-07,1630.77854235,0.5,0.005
2,500.0,-422.923254793,0.01,1.0,-422.923,200,1183.36332768,0.01,-422.923254793,-422.923254793,200.0,1.0,34.2276,1.0,100.0,100,,1.0,-475.804,3.50449e-18,1183.36332768,0.5,0.01
1,500.0,-431.933943416,0.00115684,0.229775,-425.38,200,1510.20561187,0.0105696,-431.933943416,-431.933943416,188.556688332,0.99312,37.6498,1.06069,187.644051184,100,0.0652711,2.09937,-464.744,1.65447e-06,1510.20561187,0.5,0.005
2,500.0,-422.6280683,0.01,1.0,-422.628,200,1434.84486089,0.01,-422.6280683,-422.6280683,200.0,1.0,37.6895,1.0,100.0,100,,1.0,-479.534,3.50449e-18,1434.84486089,0.5,0.01
1,500.0,-430.514977127,0.000401038,0.0861645,-413.999,200,1889.09527771,0.0662308,-430.514977127,-430.514977127,140.602934698,1.07427,89.6551,1.42245,93.9493355645,100,1.30925,14.2299,-461.991,2.8362e-05,1889.09527771,0.5,0.005
2,500.0,-427.693096278,0.01,1.0,-427.693,200,1686.62803372,0.01,-427.693096278,-427.693096278,200.0,1.0,40.8627,1.0,100.0,100,,1.0,-486.167,3.50449e-18,1686.62803372,0.5,0.01
1,500.0,-422.179518294,0.00132729,0.261816,-422.002,200,1381.87643823,0.0102023,-422.179518294,-422.179518294,186.995732714,0.986279,37.8951,1.06954,184.042001892,100,0.0847696,2.01246,-464.763,2.17862e-06,1381.87643823,0.5,0.005
2,500.0,-429.266128659,0.01,1.0,-429.266,200,1129.63936666,0.01,-429.266128659,-429.266128659,200.0,1.0,33.4416,1.0,100.0,100,,1.0,-480.446,3.50449e-18,1129.63936666,0.5,0.01
1,500.0,-427.668522709,0.001478,0.30242,-425.04,200,1670.88654502,0.0151311,-427.668522709,-427.668522709,183.270183111,1.02307,37.2924,1.09128,179.062138112,100,0.123004,3.09604,-467.87,2.93796e-06,1670.88654502,0.5,0.005
2,500.0,-423.164075542,0.01,1.0,-423.164,200,1190.06871122,0.01,-423.164075542,-423.164075542,200.0,1.0,34.3245,1.0,100.0,100,,1.0,-475.062,3.50449e-18,1190.06871122,0.5,0.01
1,500.0,-431.892995098,0.00314891,0.640297,-426.259,200,1572.73220989,0.0109503,-431.892995098,-431.892995098,193.810750634,1.0167,37.0923,1.03193,193.525624971,100,0.0347555,2.22663,-468.038,8.40586e-07,1572.73220989,0.5,0.005
2,500.0,-428.017729526,0.01,1.0,-428.018,200,1537.5190744,0.01,-428.017729526,-428.017729526,200.0,1.0,39.0147,1.0,100.0,100,,1.0,-482.288,3.50449e-18,1537.5190744,0.5,0.01
1,500.0,-424.809893378,0.0014304,0.290727,-422.272,200,1424.72231013,0.0120323,-424.809893378,-424.809893378,178.086124768,1.01624,40.8939,1.12305,176.678657825,100,0.137006,2.44555,-463.66,3.31654e-06,1424.72231013,0.5,0.005
2,500.0,-434.403272679,0.01,1.0,-434.403,200,2083.32944203,0.01,-434.403272679,-434.403272679,200.0,1.0,45.4147,1.0,100.0,100,,1.0,-493.155,3.50449e-18,2083.32944203,0.5,0.01
1,500.0,-424.950404339,0.000255866,0.0507594,-427.699,200,1323.86556656,0.00831252,-424.950404339,-424.950404339,188.991608642,0.991915,42.1209,1.05825,188.051603892,100,0.0628286,1.64906,-470.435,1.59642e-06,1323.86556656,0.5,0.005
2,500.0,-432.082747042,0.01,1.0,-432.083,200,1816.17422257,0.01,-432.082747042,-432.082747042,200.0,1.0,42.403,1.0,100.0,100,,1.0,-487.794,3.50449e-18,1816.17422257,0.5,0.01
1,500.0,-430.629783722,0.0018339,0.369931,-427.135,200,1442.89241583,0.03064,-430.629783722,-430.629783722,180.418815321,1.00859,42.8541,1.10853,163.102515154,100,0.231282,6.18063,-468.611,5.68399e-06,1442.89241583,0.5,0.005
2,500.0,-426.948571395,0.01,1.0,-426.949,200,1497.28448571,0.01,-426.948571395,-426.948571395,200.0,1.0,38.5008,1.0,100.0,100,,1.0,-479.226,3.50449e-18,1497.28448571,0.5,0.01
1,500.0,-430.506599989,0.00178833,0.356022,-427.182,200,2132.19913398,0.00684567,-430.506599989,-430.506599989,192.75954071,0.995402,41.9924,1.03756,191.270661328,100,0.0454472,1.36284,-472.532,1.1467e-06,2132.19913398,0.5,0.005
2,500.0,-432.135656925,0.01,1.0,-432.136,200,1496.07599521,0.01,-432.135656925,-432.135656925,200.0,1.0,38.4853,1.0,100.0,100,,1.0,-486.389,3.50449e-18,1496.07599521,0.5,0.01
1,500.0,-431.617156073,0.00156135,0.317733,-430.19,200,1654.73303212,0.00801577,-431.617156073,-431.617156073,191.666997018,1.0175,39.4913,1.04348,191.054355538,100,0.048719,1.6312,-469.378,1.17645e-06,1654.73303212,0.5,0.005
2,500.0,-424.602399784,0.01,1.0,-424.602,200,1153.55376493,0.01,-424.602399784,-424.602399784,200.0,1.0,33.7938,1.0,100.0,100,,1.0,-475.084,3.50449e-18,1153.55376493,0.5,0.01
1,500.0,-426.421570452,0.000844795,0.205803,-415.271,200,1767.95515503,0.0754465,-426.421570452,-426.421570452,147.203477035,1.21807,68.0092,1.35866,75.8666067873,100,2.43981,18.3798,-461.125,4.11107e-05,1767.95515503,0.5,0.005
2,500.0,-426.093587129,0.01,1.0,-426.094,200,1509.96657592,0.01,-426.093587129,-426.093587129,200.0,1.0,38.6635,1.0,100.0,100,,1.0,-486.253,3.50449e-18,1509.96657592,0.5,0.01
1,500.0,-428.195658037,0.00339188,0.672326,-426.328,200,1623.58767278,0.00817533,-428.195658037,-428.195658037,196.300927073,0.991082,39.359,1.01884,196.273184987,100,0.0187443,1.62048,-469.266,4.77078e-07,1623.58767278,0.5,0.005
2,500.0,-423.790369664,0.01,1.0,-423.79,200,1404.83186031,0.01,-423.790369664,-423.790369664,200.0,1.0,37.2932,1.0,100.0,100,,1.0,-475.549,3.50449e-18,1404.83186031,0.5,0.01
1,500.0,-424.004587758,0.00243191,0.492997,-421.613,200,1731.57752846,0.0111321,-424.004587758,-424.004587758,189.91441453,1.0136,39.2905,1.05311,188.721643504,100,0.0617068,2.25669,-463.385,1.50155e-06,1731.57752846,0.5,0.005
2,500.0,-430.981416788,0.01,1.0,-430.981,200,2052.4259071,0.01,-430.981416788,-430.981416788,200.0,1.0,45.0766,1.0,100.0,100,,1.0,-487.782,3.50449e-18,2052.4259071,0.5,0.01
1,500.0,-426.055147757,0.00179005,0.368216,-426.162,200,1677.15632319,0.00764924,-426.055147757,-426.055147757,188.572350234,1.02851,39.7693,1.0606,189.907417007,100,0.0565008,1.57346,-468.568,1.3353e-06,1677.15632319,0.5,0.005
2,500.0,-430.796476398,0.01,1.0,-430.796,200,1801.34643052,0.01,-430.796476398,-430.796476398,200.0,1.0,42.2295,1.0,100.0,100,,1.0,-488.584,3.50449e-18,1801.34643052,0.5,0.01
1,500.0,-429.924080214,0.00168312,0.337168,-428.029,200,1884.61242595,0.0100365,-429.924080214,-429.924080214,188.90853103,1.00162,42.3047,1.05871,187.252271635,100,0.0686413,2.01055,-470.073,1.7105e-06,1884.61242595,0.5,0.005
2,500.0,-423.460372045,0.01,1.0,-423.46,200,1566.12824545,0.01,-423.460372045,-423.460372045,200.0,1.0,39.376,1.0,100.0,100,,1.0,-478.172,3.50449e-18,1566.12824545,0.5,0.01
1,500.0,-432.817130965,,,-383.669,200,1853.10547319,0.374172,-432.817130965,-432.817130965,199.999356272,1.54748,186.755,1.0,4.14629836758,100,113.684,115.805,-422.882,0.00118683,1853.10547319,0.5,0.005
2,500.0,-425.187323557,0.01,1.0,-425.187,200,1480.77510197,0.01,-425.187323557,-425.187323557,200.0,1.0,38.288,1.0,100.0,100,,1.0,-477.661,3.50449e-18,1480.77510197,0.5,0.01
,500.0,-432.817130965,nan,0.00863521,nan,300,1853.10547319,nan,-426.939172437,-432.817130965,nan,inf,nan,nan,nan,100,nan,inf,nan,nan,1909.0252125,0.5,nan
1,500.0,-430.906647762,0.00169642,0.51541,-428.164,300,1364.4966218,0.00749884,-430.906647762,-430.906647762,290.908384719,1.01274,40.5077,1.03125,287.984396471,100,0.042936,2.27831,-461.479,4.65139e-07,1364.4966218,0.5,0.00333333
2,500.0,-428.431201781,0.01,1.0,-428.431,300,1706.12622461,0.01,-428.431201781,-428.431201781,300.0,1.0,41.0982,1.0,100.0,100,,1.0,-486.464,3.50449e-18,1706.12622461,0.5,0.01
2,500.0,-435.13638473,0.005,1.0,-431.784,300,1927.21476231,0.005,-435.13638473,-435.13638473,300.0,1.0,42.5411,1.0,200.000000102,100,,1.0,-473.851,2.1793e-19,1927.21476231,0.5,0.005
1,500.0,-429.180089247,0.000506925,0.152906,-427.206,300,1454.74217848,0.00626513,-429.180089247,-429.180089247,269.04313476,1.00545,39.4664,1.11506,266.68944692,100,0.126691,1.88978,-463.476,1.39246e-06,1454.74217848,0.5,0.00333333
2,500.0,-428.986381594,0.01,1.0,-428.986,300,1629.0651773,0.01,-428.986381594,-428.986381594,300.0,1.0,40.1594,1.0,100.0,100,,1.0,-482.829,3.50449e-18,1629.0651773,0.5,0.01
2,500.0,-430.901164235,0.005,1.0,-429.944,300,1483.0964601,0.005,-430.901164235,-430.901164235,300.0,1.0,39.2611,1.0,200.000000102,100,,1.0,-468.713,2.1793e-19,1483.0964601,0.5,0.005
1,500.0,-426.880817332,0.00137989,0.42047,-427.432,300,1663.30853485,0.00644042,-426.880817332,-426.880817332,286.224971489,1.01571,39.5771,1.04813,282.98164724,100,0.0622515,1.96248,-459.84,6.70455e-07,1663.30853485,0.5,0.00333333
2,500.0,-426.570819235,0.01,1.0,-426.571,300,1271.3550696,0.01,-426.570819235,-426.570819235,300.0,1.0,35.4773,1.0,100.0,100,,1.0,-481.723,3.50449e-18,1271.3550696,0.5,0.01
2,500.0,-426.663941148,0.005,1.0,-426.617,300,1779.7721293,0.005,-426.663941148,-426.663941148,300.0,1.0,38.8627,1.0,200.000000102,100,,1.0,-465.616,2.1793e-19,1779.7721293,0.5,0.005
1,500.0,-427.671562946,0.00147388,0.445457,-424.895,300,1409.40135518,0.00924145,-427.671562946,-427.671562946,281.739732062,1.00744,39.22,1.06481,280.407059157,100,0.071155,2.79307,-457.753,7.78971e-07,1409.40135518,0.5,0.00333333
2,500.0,-426.199589842,0.01,1.0,-426.2,300,1479.04932272,0.01,-426.199589842,-426.199589842,300.0,1.0,38.2656,1.0,100.0,100,,1.0,-482.805,3.50449e-18,1479.04932272,0.5,0.01
2,500.0,-431.808838437,0.005,1.0,-429.004,300,2581.53706596,0.005,-431.808838437,-431.808838437,300.0,1.0,44.9206,1.0,200.000000102,100,,1.0,-470.024,2.1793e-19,2581.53706596,0.5,0.005
1,500.0,-428.604491162,0.00105148,0.309868,-426.825,300,1666.54753215,0.00944319,-428.604491162,-428.604491162,281.266519606,0.982322,44.1046,1.0666,281.342292734,100,0.0642067,2.78287,-461.415,7.39317e-07,1666.54753215,0.5,0.00333333
2,500.0,-433.978855374,0.01,1.0,-433.979,300,2112.75362667,0.01,-433.978855374,-433.978855374,300.0,1.0,45.7343,1.0,100.0,100,,1.0,-497.094,3.50449e-18,2112.75362667,0.5,0.01
2,500.0,-425.814613271,0.005,1.0,-429.897,300,1529.47290955,0.005,-425.814613271,-425.814613271,300.0,1.0,42.6564,1.0,200.000000102,100,,1.0,-474.526,2.1793e-19,1529.47290955,0.5,0.005
1,500.0,-426.539163316,0.000155626,0.0881721,-385.388,300,1826.63983654,0.500416,-426.539163316,-426.539163316,111.217626301,1.88855,382.093,2.69741,3.96830204144,100,266.957,283.518,-445.235,0.000831651,1826.63983654,0.5,0.00333333
2,500.0,-423.423413387,0.01,1.0,-423.423,300,1971.06813541,0.01,-423.423413387,-423.423413387,300.0,1.0,44.1742,1.0,100.0,100,,1.0,-486.277,3.50449e-18,1971.06813541,0.5,0.01
2,500.0,-432.56828303,0.005,1.0,-427.996,300,2345.34563079,0.005,-432.56828303,-432.56828303,300.0,1.0,46.4492,1.0,200.000000102,100,,1.0,-472.44,2.1793e-19,2345.34563079,0.5,0.005
1,500.0,-428.262636429,0.00102675,0.306381,-425.289,300,1519.33421155,0.0074858,-428.262636429,-428.262636429,277.205865182,0.994665,42.7142,1.08223,277.490170411,100,0.0805244,2.23376,-463.04,9.04339e-07,1519.33421155,0.5,0.00333333
2,500.0,-423.984406674,0.01,1.0,-423.984,300,1268.99034126,0.01,-423.984406674,-423.984406674,300.0,1.0,35.4443,1.0,100.0,100,,1.0,-475.903,3.50449e-18,1268.99034126,0.5,0.01
2,500.0,-430.721532917,0.005,1.0,-427.353,300,1713.55515894,0.005,-430.721532917,-430.721532917,300.0,1.0,38.5708,1.0,200.000000102,100,,1.0,-467.964,2.1793e-19,1713.55515894,0.5,0.005
1,500.0,-428.300064123,0.0017181,0.514662,-425.292,300,1571.1512524,0.0166743,-428.300064123,-428.300064123,277.673957342,0.998509,40.8326,1.0804,268.534315241,100,0.117217,4.99482,-459.759,1.30631e-06,1571.1512524,0.5,0.00333333
2,500.0,-422.427670341,0.01,1.0,-422.428,300,1420.29609829,0.01,-422.427670341,-422.427670341,300.0,1.0,37.4979,1.0,100.0,100,,1.0,-472.837,3.50449e-18,1420.29609829,0.5,0.01
2,500.0,-426.712595437,0.005,1.0,-424.57,300,1754.8322216,0.005,-426.712595437,-426.712595437,300.0,1.0,39.7024,1.0,200.000000102,100,,1.0,-462.768,2.1793e-19,1754.8322216,0.5,0.005
1,500.0,-425.509117387,0.000721207,0.209689,-422.893,300,1615.42338604,0.00634896,-425.509117387,-425.509117387,281.701414114,0.969158,40.8637,1.06496,279.583563155,100,0.0688189,1.84595,-455.078,8.14096e-07,1615.42338604,0.5,0.00333333
2,500.0,-423.236491582,0.01,1.0,-423.236,300,1667.72524322,0.01,-423.236491582,-423.236491582,300.0,1.0,40.6331,1.0,100.0,100,,1.0,-480.814,3.50449e-18,1667.72524322,0.5,0.01
2,500.0,-425.751869691,0.005,1.0,-424.494,300,2003.66862852,0.005,-425.751869691,-425.751869691,300.0,1.0,42.6488,1.0,200.000000102,100,,1.0,-465.569,2.1793e-19,2003.66862852,0.5,0.005
1,500.0,-427.243937488,0.000860431,0.25648,-423.077,300,1672.49820247,0.00522773,-427.243937488,-427.243937488,280.457775909,0.99361,39.4325,1.06968,279.819054816,100,0.0714412,1.5583,-457.763,8.04034e-07,1672.49820247,0.5,0.00333333
2,500.0,-419.956702133,0.01,1.0,-419.957,300,1495.86904604,0.01,-419.956702133,-419.956702133,300.0,1.0,38.4826,1.0,100.0,100,,1.0,-472.611,3.50449e-18,1495.86904604,0.5,0.01
2,500.0,-421.721671458,0.005,1.0,-420.839,300,1296.79925786,0.005,-421.721671458,-421.721671458,300.0,1.0,37.1907,1.0,200.000000102,100,,1.0,-459.092,2.1793e-19,1296.79925786,0.5,0.005
1,500.0,-433.757833181,0.00180297,0.536254,-424.009,300,1762.96837295,0.00639882,-433.757833181,-433.757833181,290.852909064,0.991427,39.3418,1.03145,291.136026243,100,0.0300266,1.90319,-458.812,3.39424e-07,1762.96837295,0.5,0.00333333
2,500.0,-433.375793444,0.01,1.0,-433.376,300,2144.54376058,0.01,-433.375793444,-433.375793444,300.0,1.0,46.0771,1.0,100.0,100,,1.0,-493.202,3.50449e-18,2144.54376058,0.5,0.01
2,500.0,-428.127911191,0.005,1.0,-430.752,300,1621.61500827,0.005,-428.127911191,-428.127911191,300.0,1.0,43.2566,1.0,200.000000102,100,,1.0,-474.762,2.1793e-19,1621.61500827,0.5,0.005
1,500.0,-430.214411942,0.00104263,0.312597,-429.504,300,1696.9158905,0.00557176,-430.214411942,-430.214411942,290.567695149,0.99939,41.4174,1.03246,289.399644133,100,0.0367066,1.67051,-466.017,4.08348e-07,1696.9158905,0.5,0.00333333
2,500.0,-425.387391766,0.01,1.0,-425.387,300,1556.28712959,0.01,-425.387391766,-425.387391766,300.0,1.0,39.2521,1.0,100.0,100,,1.0,-481.896,3.50449e-18,1556.28712959,0.5,0.01
2,500.0,-426.789201377,0.005,1.0,-426.088,300,1548.76967799,0.005,-426.789201377,-426.789201377,300.0,1.0,39.2109,1.0,200.000000102,100,,1.0,-466.046,2.1793e-19,1548.76967799,0.5,0.005
1,500.0,-425.689110321,0.000514923,0.153056,-422.993,300,2071.81768894,0.00807586,-425.689110321,-425.689110321,274.181391336,0.990802,41.9437,1.09417,270.723642671,100,0.106516,2.40047,-458.373,1.20559e-06,2071.81768894,0.5,0.00333333
2,500.0,-429.71372958,0.01,1.0,-429.714,300,1920.82772021,0.01,-429.71372958,-429.71372958,300.0,1.0,43.6076,1.0,100.0,100,,1.0,-482.66,3.50449e-18,1920.82772021,0.5,0.01
2,500.0,-422.293444808,0.005,1.0,-426.004,300,1650.01576502,0.005,-422.293444808,-422.293444808,300.0,1.0,42.2058,1.0,200.000000102,100,,1.0,-464.889,2.1793e-19,1650.01576502,0.5,0.005
1,500.0,-431.869723112,0.000464242,0.137305,-425.083,300,1852.65822375,0.00702565,-431.869723112,-431.869723112,273.415556309,0.985869,42.7783,1.09723,273.229996467,100,0.0955442,2.07791,-459.908,1.09225e-06,1852.65822375,0.5,0.00333333
2,500.0,-419.219641099,0.01,1.0,-419.22,300,1148.27515175,0.01,-419.219641099,-419.219641099,300.0,1.0,33.7164,1.0,100.0,100,,1.0,-472.756,3.50449e-18,1148.27515175,0.5,0.01
2,500.0,-425.871015656,0.005,1.0,-422.545,300,1945.72772311,0.005,-425.871015656,-425.871015656,300.0,1.0,39.2758,1.0,200.000000102,100,,1.0,-466.51,2.1793e-19,1945.72772311,0.5,0.005
1,500.0,-433.006841336,0.000431925,0.12941,-422.312,300,1764.57893582,0.00658465,-433.006841336,-433.006841336,271.626744293,0.998708,39.7831,1.10446,272.871440429,100,0.0994935,1.97284,-460.037,1.10834e-06,1764.57893582,0.5,0.00333333
2,500.0,-430.937448153,0.01,1.0,-430.937,300,1620.67368535,0.01,-430.937448153,-430.937448153,300.0,1.0,40.0558,1.0,100.0,100,,1.0,-486.983,3.50449e-18,1620.67368535,0.5,0.01
2,500.0,-431.522521229,0.005,1.0,-431.23,300,1720.0574528,0.005,-431.522521229,-431.522521229,300.0,1.0,40.6663,1.0,200.000000102,100,,1.0,-470.86,2.1793e-19,1720.0574528,0.5,0.005
1,500.0,-420.783868352,0.00117856,0.351753,-425.911,300,1377.27471762,0.00634829,-420.783868352,-420.783868352,283.083160056,0.994869,38.6379,1.05976,282.416844539,100,0.0618283,1.89471,-459.222,6.94086e-07,1377.27471762,0.5,0.00333333
2,500.0,-425.142924955,0.01,1.0,-425.143,300,1432.85482032,0.01,-425.142924955,-425.142924955,300.0,1.0,37.6633,1.0,100.0,100,,1.0,-486.294,3.50449e-18,1432.85482032,0.5,0.01
2,500.0,-419.331392848,0.005,1.0,-422.237,300,1756.11927811,0.005,-419.331392848,-419.331392848,300.0,1.0,39.837,1.0,200.000000102,100,,1.0,-465.478,2.1793e-19,1756.11927811,0.5,0.005
1,500.0,-429.745030689,0.00134255,0.410492,-422.097,300,2048.94900442,0.0165373,-429.745030689,-429.745030689,275.836918146,1.01919,43.2883,1.0876,258.14209043,100,0.168996,5.05637,-458.916,1.8077e-06,2048.94900442,0.5,0.00333333
2,500.0,-421.723231393,0.01,1.0,-421.723,300,1845.60417443,0.01,-421.723231393,-421.723231393,300.0,1.0,42.7452,1.0,100.0,100,,1.0,-477.573,3.50449e-18,1845.60417443,0.5,0.01
2,500.0,-436.681957278,0.005,1.0,-429.203,300,2096.77998967,0.005,-436.681957278,-436.681957278,300.0,1.0,44.8043,1.0,200.000000102,100,,1.0,-468.694,2.1793e-19,2096.77998967,0.5,0.005
1,500.0,-422.579925664,0.000804057,0.242377,-424.523,300,1600.66262709,0.00566485,-422.579925664,-422.579925664,277.882144727,1.00481,41.2083,1.07959,279.041875439,100,0.0760853,1.70763,-458.027,8.3732e-07,1600.66262709,0.5,0.00333333
2,500.0,-429.50877461,0.01,1.0,-429.509,300,2640.24568979,0.01,-429.50877461,-429.50877461,300.0,1.0,51.1258,1.0,100.0,100,,1.0,-498.143,3.50449e-18,2640.24568979,0.5,0.01
2,500.0,-422.363125279,0.005,1.0,-425.936,300,1257.39239991,0.005,-422.363125279,-422.363125279,300.0,1.0,44.0692,1.0,200.000000102,100,,1.0,-474.467,2.1793e-19,1257.39239991,0.5,0.005
1,500.0,-427.065468973,0.000324638,0.0977841,-424.122,300,1615.85302156,0.00597101,-427.065468973,-427.065468973,285.609497836,1.00403,40.342,1.05039,286.028300941,100,0.0494076,1.79853,-464.734,5.44572e-07,1615.85302156,0.5,0.00333333
2,500.0,-421.911045578,0.01,1.0,-421.911,300,1523.4347389,0.01,-421.911045578,-421.911045578,300.0,1.0,38.8356,1.0,100.0,100,,1.0,-477.06,3.50449e-18,1523.4347389,0.5,0.01
2,500.0,-431.382878323,0.005,1.0,-426.647,300,1572.90493858,0.005,-431.382878323,-431.382878323,300.0,1.0,39.435,1.0,200.000000102,100,,1.0,-469.133,2.1793e-19,1572.90493858,0.5,0.005
1,500.0,-430.225144114,0.00168852,0.509451,-426.449,300,1643.96731674,0.00496133,-430.225144114,-430.225144114,287.806671613,1.00572,40.9832,1.04237,290.159114499,100,0.0344195,1.49691,-461.866,3.78104e-07,1643.96731674,0.5,0.00333333
2,500.0,-422.893426668,0.01,1.0,-422.893,300,1438.10726718,0.01,-422.893426668,-422.893426668,300.0,1.0,37.7323,1.0,100.0,100,,1.0,-483.394,3.50449e-18,1438.10726718,0.5,0.01
2,500.0,-426.205879639,0.005,1.0,-424.55,300,1336.33800892,0.005,-426.205879639,-426.205879639,300.0,1.0,37.0957,1.0,200.000000102,100,,1.0,-467.33,2.1793e-19,1336.33800892,0.5,0.005
1,500.0,-422.302475252,0.00122705,0.371234,-422.561,300,1561.13850431,0.0069481,-422.302475252,-422.302475252,289.22757103,1.00847,38.1854,1.03725,287.18822513,100,0.0455218,2.10208,-458.135,4.97338e-07,1561.13850431,0.5,0.00333333
2,500.0,-423.67806278,0.01,1.0,-423.678,300,1899.37510037,0.01,-423.67806278,-423.67806278,300.0,1.0,43.3634,1.0,100.0,100,,1.0,-480.772,3.50449e-18,1899.37510037,0.5,0.01
2,500.0,-427.314578372,0.005,1.0,-425.496,300,1584.98563331,0.005,-427.314578372,-427.314578372,300.0,1.0,41.57,1.0,200.000000102,100,,1.0,-465.868,2.1793e-19,1584.98563331,0.5,0.005
1,500.0,-428.141088744,0.00209423,0.633083,-425.442,300,2065.38721139,0.00542882,-428.141088744,-428.141088744,292.149690441,1.00766,43.3965,1.02687,292.640880578,100,0.0256195,1.64112,-462.529,2.80349e-07,2065.38721139,0.5,0.00333333
2,500.0,-428.083260357,0.01,1.0,-428.083,300,1740.55959396,0.01,-428.083260357,-428.083260357,300.0,1.0,41.5109,1.0,100.0,100,,1.0,-484.591,3.50449e-18,1740.55959396,0.5,0.01
2,500.0,-431.731376357,0.005,1.0,-429.907,300,1722.42396793,0.005,-431.731376357,-431.731376357,300.0,1.0,41.4428,1.0,200.000000102,100,,1.0,-469.864,2.1793e-19,1722.42396793,0.5,0.005
1,500.0,-423.77909885,0.000468795,0.139604,-425.117,300,1337.05460179,0.00655823,-423.77909885,-423.77909885,274.19611904,0.992644,40.8953,1.09411,274.719085066,100,0.0909791,1.953,-459.243,1.02592e-06,1337.05460179,0.5,0.00333333
2,500.0,-431.512371214,0.01,1.0,-431.512,300,1460.48673613,0.01,-431.512371214,-431.512371214,300.0,1.0,38.0248,1.0,100.0,100,,1.0,-488.962,3.50449e-18,1460.48673613,0.5,0.01
2,500.0,-431.02766303,0.005,1.0,-431.27,300,2143.42334385,0.005,-431.02766303,-431.02766303,300.0,1.0,42.2374,1.0,200.000000102,100,,1.0,-473.467,2.1793e-19,2143.42334385,0.5,0.005
1,500.0,-428.843295791,0.000422453,0.124005,-425.753,300,1865.4167774,0.013789,-428.843295791,-428.843295791,258.514111799,0.978453,46.677,1.16048,256.597168481,100,0.162479,4.04757,-462.868,1.88571e-06,1865.4167774,0.5,0.00333333
2,500.0,-428.32825875,0.01,1.0,-428.328,300,1834.18708606,0.01,-428.32825875,-428.32825875,300.0,1.0,42.6127,1.0,100.0,100,,1.0,-484.835,3.50449e-18,1834.18708606,0.5,0.01
2,500.0,-427.043252532,0.005,1.0,-427.686,300,1905.03976472,0.005,-427.043252532,-427.043252532,300.0,1.0,43.0271,1.0,200.000000102,100,,1.0,-467.642,2.1793e-19,1905.03976472,0.5,0.005
1,500.0,-425.002847167,0.000968837,0.294728,-424.203,300,1389.19915382,0.0061469,-425.002847167,-425.002847167,278.060471007,1.01403,41.4025,1.0789,279.810829191,100,0.0744392,1.86994,-458.09,8.04379e-07,1389.19915382,0.5,0.00333333
2,500.0,-422.660187188,0.01,1.0,-422.66,300,1387.02506079,0.01,-422.660187188,-422.660187188,300.0,1.0,37.0561,1.0,100.0,100,,1.0,-476.551,3.50449e-18,1387.02506079,0.5,0.01
2,500.0,-428.612739162,0.005,1.0,-425.636,300,1645.44142411,0.005,-428.612739162,-428.612739162,300.0,1.0,38.8578,1.0,200.000000102,100,,1.0,-463.848,2.1793e-19,1645.44142411,0.5,0.005
1,500.0,-425.493099415,0.000776322,0.23425,-423.819,300,1696.52198404,0.00622108,-425.493099415,-425.493099415,283.484826314,1.00581,40.0957,1.05826,283.396214367,100,0.05947,1.87717,-456.65,6.53164e-07,1696.52198404,0.5,0.00333333
2,500.0,-419.052410559,0.01,1.0,-419.052,300,1655.78702063,0.01,-419.052410559,-419.052410559,300.0,1.0,40.4874,1.0,100.0,100,,1.0,-474.488,3.50449e-18,1655.78702063,0.5,0.01
2,500.0,-425.967532054,0.005,1.0,-422.51,300,1520.03155893,0.005,-425.967532054,-425.967532054,300.0,1.0,39.7993,1.0,200.000000102,100,,1.0,-462.166,2.1793e-19,1520.03155893,0.5,0.005
1,500.0,-427.284613493,,,-392.836,300,1555.93387374,0.999804,-427.284613493,-427.284613493,300.0,1.09809e-13,0.246466,1.0,1.00039168773,100,3.61595e-24,3.29361e-11,-425.215,0.00333202,1555.93387374,0.5,0.00333333
2,500.0,-527.455967911,0.01,1.0,-527.456,300,10627.6948892,0.01,-527.455967911,-527.455967911,300.0,1.0,102.574,1.0,100.0,100,,1.0,-658.345,3.50449e-18,10627.6948892,0.5,0.01
2,500.0,-526.19005387,0.005,1.0,-526.823,300,9946.02508019,0.005,-526.19005387,-526.19005387,300.0,1.0,100.918,1.0,200.000000102,100,,1.0,-619.376,2.1793e-19,9946.02508019,0.5,0.005
,500.0,-427.284613493,nan,3.03618e+10,nan,400,1555.93387374,nan,-529.283403836,-427.284613493,nan,inf,nan,nan,nan,100,nan,inf,nan,nan,5970.17279683,0.5,nan
1,500.0,-426.115311763,0.00122753,0.486127,-423.516,400,2034.27485156,0.00424461,-426.115311763,-426.115311763,385.079702117,0.990049,41.5963,1.03875,384.244107463,100,0.0402936,1.68095,-453.771,2.56923e-07,2034.27485156,0.5,0.0025
2,500.0,-428.72565401,0.01,1.0,-428.726,400,1842.13169097,0.01,-428.72565401,-428.72565401,400.0,1.0,42.7049,1.0,100.0,100,,1.0,-487.402,3.50449e-18,1842.13169097,0.5,0.01
2,500.0,-422.627556779,0.005,1.0,-425.677,400,1795.20151125,0.005,-422.627556779,-422.627556779,400.0,1.0,42.5415,1.0,200.000000102,100,,1.0,-468.873,2.1793e-19,1795.20151125,0.5,0.005
2,500.0,-426.241176124,0.00333333,1.0,-425.865,400,1451.02377779,0.00333333,-426.241176124,-426.241176124,400.0,1.0,41.0539,1.0,299.999969474,100,,1.0,-461.134,5.43914e-20,1451.02377779,0.5,0.00333333
1,500.0,-430.447596819,0.000903227,0.362013,-422.363,400,1983.81573548,0.0184168,-430.447596819,-430.447596819,340.090479485,1.002,46.0621,1.17616,304.619456502,100,0.315154,7.38142,-455.488,1.96186e-06,1983.81573548,0.5,0.0025
2,500.0,-432.263257448,0.01,1.0,-432.263,400,1483.51549456,0.01,-432.263257448,-432.263257448,400.0,1.0,38.3234,1.0,100.0,100,,1.0,-487.133,3.50449e-18,1483.51549456,0.5,0.01
2,500.0,-420.957154002,0.005,1.0,-426.61,400,1901.17848919,0.005,-420.957154002,-420.957154002,400.0,1.0,41.3205,1.0,200.000000102,100,,1.0,-465.409,2.1793e-19,1901.17848919,0.5,0.005
2,500.0,-422.869102099,0.00333333,1.0,-425.363,400,1534.70872158,0.00333333,-422.869102099,-422.869102099,400.0,1.0,40.5933,1.0,299.999969474,100,,1.0,-457.042,5.43914e-20,1534.70872158,0.5,0.00333333
1,500.0,-437.701946866,0.00066781,0.266301,-426.693,400,1906.36879039,0.00722221,-437.701946866,-437.701946866,372.520437902,0.99692,44.5547,1.07377,368.086463729,100,0.0863829,2.87999,-455.122,5.43234e-07,1906.36879039,0.5,0.0025
2,500.0,-430.74362907,0.01,1.0,-430.744,400,1458.47419393,0.01,-430.74362907,-430.74362907,400.0,1.0,37.9985,1.0,100.0,100,,1.0,-486.563,3.50449e-18,1458.47419393,0.5,0.01
2,500.0,-422.342698535,0.005,1.0,-426.543,400,1339.88789292,0.005,-422.342698535,-422.342698535,400.0,1.0,37.4544,1.0,200.000000102,100,,1.0,-466.014,2.1793e-19,1339.88789292,0.5,0.005
2,500.0,-426.39794386,0.00333333,1.0,-426.495,400,1733.2030982,0.00333333,-426.39794386,-426.39794386,400.0,1.0,38.8225,1.0,299.999969474,100,,1.0,-460.349,5.43914e-20,1733.2030982,0.5,0.00333333
1,500.0,-426.399743757,0.00122397,0.481769,-424.748,400,1666.85211762,0.00844959,-426.399743757,-426.399743757,375.531937039,0.984028,39.7322,1.06516,370.941886306,100,0.0760433,3.32585,-455.006,4.90824e-07,1666.85211762,0.5,0.0025
2,500.0,-426.807075447,0.01,1.0,-426.807,400,1794.68726134,0.01,-426.807075447,-426.807075447,400.0,1.0,42.1514,1.0,100.0,100,,1.0,-482.994,3.50449e-18,1794.68726134,0.5,0.01
2,500.0,-432.689647782,0.005,1.0,-429.748,400,1969.6699509,0.005,-432.689647782,-432.689647782,400.0,1.0,43.2667,1.0,200.000000102,100,,1.0,-469.524,2.1793e-19,1969.6699509,0.5,0.005
2,500.0,-437.460201595,0.00333333,1.0,-432.319,400,2222.68524941,0.00333333,-437.460201595,-437.460201595,400.0,1.0,44.6622,1.0,299.999969474,100,,1.0,-465.977,5.43914e-20,2222.68524941,0.5,0.00333333
1,500.0,-426.312851092,0.000690993,0.275557,-428.526,400,2257.76711078,0.00564481,-426.312851092,-426.312851092,366.56030721,0.996961,46.4965,1.09123,369.209590574,100,0.0830975,2.25106,-458.975,5.2253e-07,2257.76711078,0.5,0.0025
2,500.0,-421.580918128,0.01,1.0,-421.581,400,1314.81214803,0.01,-421.580918128,-421.580918128,400.0,1.0,36.0786,1.0,100.0,100,,1.0,-472.02,3.50449e-18,1314.81214803,0.5,0.01
2,500.0,-430.483029254,0.005,1.0,-426.032,400,1867.8671727,0.005,-430.483029254,-430.483029254,400.0,1.0,39.9404,1.0,200.000000102,100,,1.0,-467.994,2.1793e-19,1867.8671727,0.5,0.005
2,500.0,-426.419282165,0.00333333,1.0,-426.161,400,1980.18874394,0.00333333,-426.419282165,-426.419282165,400.0,1.0,41.4366,1.0,299.999969474,100,,1.0,-460.423,5.43914e-20,1980.18874394,0.5,0.00333333
1,500.0,-431.124803658,0.000682452,0.266748,-425.325,400,1907.7221741,0.00734006,-431.124803658,-431.124803658,369.812434527,0.977167,41.7392,1.08163,367.17852885,100,0.0855672,2.86898,-456.184,5.6008e-07,1907.7221741,0.5,0.0025
2,500.0,-424.314523479,0.01,1.0,-424.315,400,1584.96106479,0.01,-424.314523479,-424.314523479,400.0,1.0,39.612,1.0,100.0,100,,1.0,-482.191,3.50449e-18,1584.96106479,0.5,0.01
2,500.0,-426.90975876,0.005,1.0,-425.612,400,1536.60510774,0.005,-426.90975876,-426.90975876,400.0,1.0,39.3301,1.0,200.000000102,100,,1.0,-466.537,2.1793e-19,1536.60510774,0.5,0.005
2,500.0,-422.630094931,0.00333333,1.0,-424.618,400,1517.49380148,0.00333333,-422.630094931,-422.630094931,400.0,1.0,39.1662,1.0,299.999969474,100,,1.0,-458.033,5.43914e-20,1517.49380148,0.5,0.00333333
1,500.0,-427.521151597,0.000383045,0.154897,-422.442,400,1412.21467002,0.0049581,-427.521151597,-427.521151597,359.598511727,1.01096,39.1749,1.11235,361.092131346,100,0.110402,2.00498,-452.963,6.75129e-07,1412.21467002,0.5,0.0025
2,500.0,-427.397624648,0.01,1.0,-427.398,400,2029.39002038,0.01,-427.397624648,-427.397624648,400.0,1.0,44.8229,1.0,100.0,100,,1.0,-491.918,3.50449e-18,2029.39002038,0.5,0.01
2,500.0,-425.728318132,0.005,1.0,-426.563,400,1288.3162037,0.005,-425.728318132,-425.728318132,400.0,1.0,40.5335,1.0,200.000000102,100,,1.0,-472.186,2.1793e-19,1288.3162037,0.5,0.005
2,500.0,-423.443174054,0.00333333,1.0,-425.523,400,2133.33798552,0.00333333,-423.443174054,-423.443174054,400.0,1.0,42.4438,1.0,299.999969474,100,,1.0,-462.774,5.43914e-20,2133.33798552,0.5,0.00333333
1,500.0,-431.636501021,0.000792434,0.313099,-425.634,400,2149.83602236,0.00482813,-431.636501021,-431.636501021,383.572902319,0.987777,42.4572,1.04283,387.031461436,100,0.0327755,1.90764,-458.578,2.09948e-07,2149.83602236,0.5,0.0025
2,500.0,-422.457872416,0.01,1.0,-422.458,400,1681.42263043,0.01,-422.457872416,-422.457872416,400.0,1.0,40.7996,1.0,100.0,100,,1.0,-481.695,3.50449e-18,1681.42263043,0.5,0.01
2,500.0,-423.00381811,0.005,1.0,-422.731,400,2290.0862004,0.005,-423.00381811,-423.00381811,400.0,1.0,44.3393,1.0,200.000000102,100,,1.0,-464.641,2.1793e-19,2290.0862004,0.5,0.005
2,500.0,-432.876544092,0.00333333,1.0,-426.113,400,2559.26665352,0.00333333,-432.876544092,-432.876544092,400.0,1.0,46.6699,1.0,299.999969474,100,,1.0,-460.332,5.43914e-20,2559.26665352,0.5,0.00333333
1,500.0,-424.551895314,0.000230095,0.090978,-423.633,400,1415.44464413,0.00389784,-424.551895314,-424.551895314,370.370682702,0.988481,45.6778,1.08,368.746504635,100,0.0830224,1.54118,-454.431,5.31054e-07,1415.44464413,0.5,0.0025
2,500.0,-420.462831353,0.01,1.0,-420.463,400,1531.19819045,0.01,-420.462831353,-420.462831353,400.0,1.0,38.9344,1.0,100.0,100,,1.0,-478.228,3.50449e-18,1531.19819045,0.5,0.01
2,500.0,-419.203436974,0.005,1.0,-419.833,400,1546.85821192,0.005,-419.203436974,-419.203436974,400.0,1.0,39.0389,1.0,200.000000102,100,,1.0,-460.679,2.1793e-19,1546.85821192,0.5,0.005
2,500.0,-424.516662442,0.00333333,1.0,-421.394,400,1650.51918419,0.00333333,-424.516662442,-424.516662442,400.0,1.0,39.5673,1.0,299.999969474,100,,1.0,-454.745,5.43914e-20,1650.51918419,0.5,0.00333333
1,500.0,-424.11552538,0.00101527,0.417931,-418.668,400,1956.47515951,0.00764271,-424.11552538,-424.11552538,361.228730287,1.02911,40.278,1.10733,358.310184746,100,0.123533,3.14607,-451.813,7.29019e-07,1956.47515951,0.5,0.0025
2,500.0,-424.490033378,0.01,1.0,-424.49,400,1767.73180503,0.01,-424.490033378,-424.490033378,400.0,1.0,41.8336,1.0,100.0,100,,1.0,-483.147,3.50449e-18,1767.73180503,0.5,0.01
2,500.0,-418.089582444,0.005,1.0,-421.29,400,1719.51029256,0.005,-418.089582444,-418.089582444,400.0,1.0,41.6704,1.0,200.000000102,100,,1.0,-464.177,2.1793e-19,1719.51029256,0.5,0.005
2,500.0,-416.497730285,0.00333333,1.0,-419.693,400,1246.03723953,0.00333333,-416.497730285,-416.497730285,400.0,1.0,39.6726,1.0,299.999969474,100,,1.0,-454.71,5.43914e-20,1246.03723953,0.5,0.00333333
1,500.0,-421.23142819,0.00159621,0.641477,-418.997,400,1774.62421332,0.0107182,-421.23142819,-421.23142819,385.346590414,1.00469,39.1817,1.03803,376.762697528,100,0.0624117,4.30736,-449.894,3.86442e-07,1774.62421332,0.5,0.0025
2,500.0,-420.401910534,0.01,1.0,-420.402,400,1504.41110633,0.01,-420.401910534,-420.401910534,400.0,1.0,38.5923,1.0,100.0,100,,1.0,-472.224,3.50449e-18,1504.41110633,0.5,0.01
2,500.0,-428.881819588,0.005,1.0,-424.642,400,1984.26075386,0.005,-428.881819588,-428.881819588,400.0,1.0,41.7716,1.0,200.000000102,100,,1.0,-464.255,2.1793e-19,1984.26075386,0.5,0.005
2,500.0,-432.057341278,0.00333333,1.0,-427.114,400,2220.16074747,0.00333333,-432.057341278,-432.057341278,400.0,1.0,43.682,1.0,299.999969474,100,,1.0,-459.458,5.43914e-20,2220.16074747,0.5,0.00333333
1,500.0,-425.974195609,0.00076697,0.305299,-424.294,400,1590.49088415,0.00487177,-425.974195609,-425.974195609,366.61922188,0.995148,44.2264,1.09105,366.127692465,100,0.0918488,1.93925,-453.553,5.79667e-07,1590.49088415,0.5,0.0025
2,500.0,-424.305358608,0.01,1.0,-424.305,400,1748.64894514,0.01,-424.305358608,-424.305358608,400.0,1.0,41.6072,1.0,100.0,100,,1.0,-479.378,3.50449e-18,1748.64894514,0.5,0.01
2,500.0,-428.700548315,0.005,1.0,-426.503,400,1810.03021223,0.005,-428.700548315,-428.700548315,400.0,1.0,42.0283,1.0,200.000000102,100,,1.0,-468.402,2.1793e-19,1810.03021223,0.5,0.005
2,500.0,-431.005598019,0.00333333,1.0,-428.004,400,1843.16326381,0.00333333,-431.005598019,-431.005598019,400.0,1.0,42.3123,1.0,299.999969474,100,,1.0,-462.215,5.43914e-20,1843.16326381,0.5,0.00333333
1,500.0,-418.935246883,0.000562208,0.221274,-423.094,400,1846.32324267,0.00684587,-418.935246883,-418.935246883,364.733861517,0.98395,42.8446,1.09669,360.971177608,100,0.104941,2.6944,-454.121,6.77455e-07,1846.32324267,0.5,0.0025
2,500.0,-424.59443569,0.01,1.0,-424.594,400,1657.23173508,0.01,-424.59443569,-424.59443569,400.0,1.0,40.5051,1.0,100.0,100,,1.0,-476.728,3.50449e-18,1657.23173508,0.5,0.01
2,500.0,-425.903487648,0.005,1.0,-425.249,400,1451.55299739,0.005,-425.903487648,-425.903487648,400.0,1.0,39.2336,1.0,200.000000102,100,,1.0,-462.964,2.1793e-19,1451.55299739,0.5,0.005
2,500.0,-429.181795778,0.00333333,1.0,-426.56,400,1673.70235627,0.00333333,-429.181795778,-429.181795778,400.0,1.0,39.7737,1.0,299.999969474,100,,1.0,-458.249,5.43914e-20,1673.70235627,0.5,0.00333333
1,500.0,-431.151058364,,,-376.786,400,1736.79268492,0.946882,-431.151058364,-431.151058364,399.995231685,0.335344,28.0086,1.00001,1.11315211736,100,40.3982,127.012,-404.654,0.00224524,1736.79268492,0.5,0.0025
2,500.0,-425.984742516,0.01,1.0,-425.985,400,2095.6571978,0.01,-425.984742516,-425.984742516,400.0,1.0,45.5489,1.0,100.0,100,,1.0,-481.908,3.50449e-18,2095.6571978,0.5,0.01
2,500.0,-425.605594605,0.005,1.0,-425.795,400,1401.39923556,0.005,-425.605594605,-425.605594605,400.0,1.0,41.6062,1.0,200.000000102,100,,1.0,-465.339,2.1793e-19,1401.39923556,0.5,0.005
2,500.0,-429.049900764,0.00333333,1.0,-426.88,400,1826.65038267,0.00333333,-429.049900764,-429.049900764,400.0,1.0,41.9428,1.0,299.999969474,100,,1.0,-459.312,5.43914e-20,1826.65038267,0.5,0.00333333
,500.0,-431.151058364,nan,0.00787325,nan,500,1736.79268492,nan,-424.13343081,-431.151058364,nan,inf,nan,nan,nan,100,nan,inf,nan,nan,1371.49339091,0.5,nan
1,500.0,-416.312901486,0.000681926,0.344074,-423.066,500,1397.81347542,0.00524572,-416.312901486,-416.312901486,455.096741194,1.00912,40.5658,1.09867,451.398758654,100,0.109862,2.64679,-449.193,4.31536e-07,1397.81347542,0.5,0.002
2,500.0,-429.614471951,0.01,1.0,-429.614,500,1656.41657192,0.01,-429.614471951,-429.614471951,500.0,1.0,40.4951,1.0,100.0,100,,1.0,-484.906,3.50449e-18,1656.41657192,0.5,0.01
2,500.0,-425.422545278,0.005,1.0,-427.518,500,1821.48001759,0.005,-425.422545278,-425.422545278,500.0,1.0,41.5446,1.0,200.000000102,100,,1.0,-467.914,2.1793e-19,1821.48001759,0.5,0.005
