StdIW,ESSClassic,StdIWNorm,EmpiricalD2,TimeElapsed,InitialReturnMax,TimestepsSoFar,ESSRenyi,InitialReturnMean,MeanIW,MaxIWNorm,EpThisIter,EpisodesSoFar,ReturnMeanIW,EpRewMean,MinIW,InitialReturnStd,MaxIW,InitialBound,EpLenMean,MinIWNorm,InitialReturnMin,Iteration,Bound,MeanIWNorm,Weights
3.64286,8.519066,0.036428597,4.4019117,1.0770530700683594,286.55508,833,22.717402,1.5258789e-06,1.1116631,0.36724043,100,100,172.35281,73.25229043186766,0.07712901,57.06931,36.724045,54.492855,8.33,0.00077129004,-73.25229,1,132.99414,0.0111166295,[ 0.098 -0.237  0.047 ...  0.096  0.329  0.   ]
0.7504306,43.393536,0.007504306,4.203178,10.527452230453491,367.5311,2256,23.791521,-1.15966795e-05,0.6570372,0.050538186,100,200,226.85077,132.2240184107168,0.011740793,110.697754,5.0538187,108.16345,14.23,0.00011740792,-132.22403,2,177.52264,0.0065703713,[ 0.105 -0.243  0.069 ...  0.123  0.379 -0.034]
1092.0231,1.0124655,10.920232,182.78621,19.385157108306885,877.0094,5383,0.54708725,-1.586914e-05,110.441345,109.759,100,300,5553.9087,302.5518962668814,8.055181e-05,207.98563,10975.9,245.13817,31.27,8.05518e-07,-302.5519,3,4777.6836,1.1044135,[ 0.103 -0.24   0.061 ...  0.127  0.393 -0.196]
1.6400406,31.390123,0.016400408,3.8282921,33.08681035041809,922.136,10956,26.12131,-5.2490235e-05,1.1093224,0.07133639,100,400,726.0381,547.0619592694349,0.01538619,282.6488,7.133639,486.69397,55.73,0.0001538619,-527.10175,4,607.922,0.0110932235,[ 0.103 -0.241  0.06  ...  0.134  0.415 -0.369]
0.8871898,57.78866,0.008871897,1.6480554,44.03765153884888,820.73126,17246,60.67757,9.155274e-06,1.0380621,0.053622473,100,500,678.45685,618.7608156578066,0.08054736,278.9591,5.3622475,565.03125,62.9,0.0008054736,-618.7608,5,609.4808,0.010380622,[ 0.102 -0.239  0.053 ...  0.133  0.415 -0.439]
0.97624326,51.369736,0.009762432,2.136265,53.89771318435669,897.1682,24570,46.810673,1.2817382e-05,1.0033638,0.057720013,100,600,823.9457,722.1406381807177,0.018617535,291.21997,5.7720013,663.40717,73.24,0.00018617534,-722.1406,6,738.1011,0.010033638,[ 0.101 -0.238  0.049 ...  0.134  0.418 -0.47 ]
10.893297,4.8547144,0.10893299,44.249306,64.76417279243469,692.4566,33045,2.2599225,-4.6386718e-05,2.460637,0.7981014,100,700,1649.2557,837.2183998897679,0.00027269928,246.47453,79.81014,791.88654,84.75,2.7269928e-06,-667.3705,7,1347.707,0.024606371,[ 0.101 -0.238  0.05  ...  0.136  0.424 -0.52 ]
0.5656651,74.29892,0.0056566508,1.4863226,78.26171922683716,1251.8259,42626,67.28014,8.911133e-05,0.96177804,0.026364185,100,800,1024.9962,947.8104434028471,0.14438224,316.0607,2.6364186,865.85913,95.81,0.0014438224,-947.81036,8,925.0855,0.009617779,[ 0.1   -0.236  0.046 ...  0.136  0.428 -0.603]
8.506053,6.692346,0.08506053,22.838852,88.40231466293335,1231.3232,52711,4.378504,3.6621093e-06,2.2780259,0.7902086,100,900,1552.0619,998.21001298728,0.00024800916,367.22015,79.02086,917.60095,100.85,2.4800916e-06,-988.2297,9,1166.8313,0.022780258,[ 0.1   -0.236  0.049 ...  0.138  0.433 -0.626]
1.3739504,41.69398,0.013739504,2.1237168,99.62448787689209,708.4245,62026,47.087257,1.7089844e-05,1.1618526,0.077642694,100,1000,978.9734,921.24641819793,0.10677913,299.14288,7.76427,860.93665,93.15,0.0010677913,-921.2464,10,891.08417,0.011618526,[ 0.1   -0.236  0.05  ...  0.14   0.438 -0.644]
0.80247927,61.55913,0.008024791,1.6637264,108.5563714504242,1655.3425,73269,60.106033,-8.789063e-05,1.0155082,0.04240709,100,1100,1228.8995,1114.0177344789618,0.09329526,370.28033,4.2407093,1005.6502,112.43,0.00093295256,-714.2339,11,1089.121,0.010155081,[ 0.1   -0.235  0.049 ...  0.14   0.439 -0.644]
7.447781,6.4336824,0.074477814,80.17003,120.18784666061401,1147.1534,84597,1.2473489,-7.93457e-05,1.9529763,0.6677726,100,1200,2887.6887,1122.521760581452,0.0048252954,344.1995,66.77726,1047.4229,113.28,4.8252954e-05,-1122.5219,12,2215.271,0.019529765,[ 0.1   -0.235  0.05  ...  0.141  0.44  -0.676]
1.5316589,38.191605,0.01531659,2.8251255,133.24269890785217,1342.9613,95467,35.39666,-5.493164e-05,1.2039884,0.07779787,100,1300,1244.4559,1076.6968405158318,0.09345883,351.94037,7.7797866,988.7794,108.7,0.0009345883,-1076.6969,13,1096.6833,0.012039883,[ 0.1   -0.234  0.052 ...  0.142  0.44  -0.652]
4.7503777,13.369722,0.047503773,13.378322,144.92153239250183,931.9276,106647,7.474779,-4.272461e-05,1.8661841,0.3379701,100,1400,1631.248,1107.7059030256612,0.00034109945,382.3908,33.797012,1035.1896,111.8,3.4109944e-06,-1107.7059,14,1366.0093,0.018661842,[ 0.1   -0.233  0.049 ...  0.14   0.435 -0.629]
1.3213559,45.803894,0.01321356,2.8883839,157.69047379493713,1356.7775,118475,34.621437,2.9296874e-05,1.2147503,0.07085826,100,1500,1379.1709,1172.5184606224236,0.032301318,352.82294,7.0858264,1083.6965,118.28,0.00032301317,-1152.5555,15,1228.2158,0.012147502,[ 0.1   -0.231  0.048 ...  0.142  0.439 -0.707]
0.88001096,60.512997,0.008800109,1.6707791,169.2308223247528,1307.961,130294,59.852318,-2.4414063e-05,1.0893948,0.05650306,100,1600,1276.6088,1171.6187521654572,0.09241642,391.00513,5.650306,1085.9927,118.19,0.0009241642,-1171.6188,16,1165.9296,0.010893948,[ 0.1   -0.231  0.051 ...  0.145  0.445 -0.713]
0.9132932,60.937588,0.009132932,1.6289624,180.51813101768494,1375.3951,142438,61.38877,-7.3242186e-06,1.140705,0.044576786,100,1700,1300.2642,1204.1136507423125,0.09600812,348.32175,4.457679,1114.0729,121.44,0.0009600812,-1204.1136,17,1185.3444,0.011407051,[ 0.1   -0.231  0.05  ...  0.143  0.442 -0.744]
2.1607418,27.246487,0.02160742,3.2214293,191.38155221939087,1159.8064,155138,31.042122,-5.2490235e-05,1.3223034,0.18261625,100,1800,1396.0798,1259.7221261491832,0.06000503,342.43396,18.261625,1183.7949,127.0,0.0006000503,-540.104,18,1259.8032,0.013223035,[ 0.1   -0.231  0.052 ...  0.145  0.448 -0.756]
1.5691427,34.488598,0.015691428,3.559902,200.87125706672668,1259.9358,167637,28.090662,7.202148e-05,1.138523,0.11455239,100,1900,1446.6412,1239.614075777071,0.03678263,361.21838,11.455239,1157.1318,124.99,0.0003678263,-1239.614,19,1291.0164,0.0113852285,[ 0.1   -0.231  0.05  ...  0.145  0.448 -0.75 ]
0.6138549,73.92871,0.0061385487,1.3540354,212.55339431762695,1187.9768,180656,73.85332,6.1035156e-05,1.033692,0.03843938,100,2000,1337.1478,1291.6150653852105,0.16196793,416.60178,3.8439379,1207.7123,130.19,0.0016196793,-1281.6353,20,1239.5161,0.01033692,[ 0.1   -0.23   0.051 ...  0.146  0.451 -0.735]
6.265493,4.1236367,0.06265492,49.05373,222.84263372421265,1014.79285,193805,2.038581,-1.0986329e-05,1.2993904,0.6270741,100,2100,3490.2803,1304.6139013418317,0.008354527,379.237,62.707417,1219.8602,131.49,8.354527e-05,-1294.6344,21,2896.6792,0.012993903,[ 0.1   -0.23   0.05  ...  0.146  0.451 -0.72 ]
0.3339735,88.9543,0.003339735,1.1995999,238.25190138816833,2013.3208,206968,83.36113,-2.5634765e-05,0.94776094,0.019451559,100,2200,1354.7107,1305.98581729285,0.33747602,457.89365,1.9451559,1174.1829,131.63,0.00337476,-1305.9858,22,1210.352,0.009477609,[ 0.099 -0.228  0.046 ...  0.141  0.44  -0.682]
103.0527,1.3108752,1.0305269,461.7439,248.4668734073639,1695.1667,220315,0.21657027,-0.0001550293,11.876962,10.338153,100,2300,7143.799,1324.387060169452,2.2703264e-07,387.90814,1033.8153,1213.4125,133.47,2.2703264e-09,-524.8761,23,4759.149,0.11876964,[ 0.099 -0.228  0.047 ...  0.142  0.44  -0.672]
1.520628,39.93007,0.015206279,2.8135374,262.49088501930237,1573.7798,234976,35.542446,7.080078e-05,1.2397795,0.08338662,100,2400,1676.3064,1455.8016118669032,0.04118248,516.0162,8.338662,1352.7734,146.61,0.0004118248,-1455.8015,24,1503.4912,0.012397795,[ 0.099 -0.227  0.045 ...  0.143  0.443 -0.787]
0.61822003,73.06979,0.0061822,1.3736948,274.5919005870819,2892.455,249148,72.79637,3.4179688e-05,1.0183382,0.03388504,100,2500,1496.2897,1406.9116517315797,0.17549005,527.14404,3.388504,1217.5559,141.72,0.0017549004,-1406.9116,25,1274.356,0.010183381,[ 0.099 -0.227  0.044 ...  0.142  0.443 -0.765]
41.4731,1.6185802,0.41473097,96.60557,285.17733907699585,1704.9674,264794,1.035137,-5.859375e-05,5.3195763,4.150213,100,2600,3380.4163,1554.2888836773457,0.0019071787,475.3303,415.0213,1442.6725,156.46,1.9071786e-05,-1544.3096,26,2283.3604,0.05319576,[ 0.099 -0.226  0.044 ...  0.143  0.445 -0.752]
2.123781,28.566048,0.021237811,3.7692785,299.29997301101685,1101.1589,278682,26.530275,-9.887695e-05,1.34302,0.15654041,100,2700,1565.0237,1378.5321268618036,0.0026923208,364.09528,15.654041,1306.4443,138.88,2.6923208e-05,-528.8164,27,1425.0679,0.0134302,[ 0.099 -0.226  0.044 ...  0.144  0.45  -0.728]
5.408578,9.080335,0.05408578,4.848859,310.0320358276367,1716.5287,293815,20.62341,5.1879884e-05,1.7092482,0.51025635,100,2800,1789.5991,1503.0297041131655,0.01933186,456.91354,51.02564,1390.6565,151.33,0.00019331858,-643.32526,28,1542.152,0.017092478,[ 0.099 -0.226  0.043 ...  0.143  0.45  -0.739]
0.3660672,89.04183,0.0036606719,1.1440119,321.49443078041077,2255.0703,308462,87.41168,-2.4414063e-05,1.0434928,0.022089418,100,2900,1499.9381,1454.4280594549753,0.44863498,487.94095,2.208942,1306.7991,146.47,0.00448635,-1454.4281,29,1342.0364,0.010434928,[ 0.099 -0.226  0.047 ...  0.145  0.455 -0.712]
0.4781527,80.0048,0.0047815265,1.3062408,331.6728081703186,1652.1947,324438,76.555565,-7.324219e-05,0.9564488,0.028124591,100,3000,1635.6743,1587.3106203391899,0.13083921,574.6493,2.8124592,1479.149,159.76,0.0013083922,-1587.3107,30,1512.0555,0.009564488,[ 0.099 -0.226  0.046 ...  0.144  0.454 -0.726]
0.53202903,78.53588,0.00532029,1.2331935,342.27800464630127,2246.2751,340074,81.09027,-6.1035157e-06,1.0176845,0.036043704,100,3100,1604.1663,1553.3112983639,0.37696752,537.74414,3.6043706,1406.2579,156.36,0.003769675,-1553.3113,31,1440.8647,0.010176846,[ 0.099 -0.226  0.047 ...  0.145  0.455 -0.716]
0.43130127,84.2637,0.0043130126,1.1495671,352.6182918548584,2117.0823,355901,86.989265,0.00010498047,0.9980449,0.027957262,100,3200,1599.347,1572.3997676835309,0.3127894,529.63654,2.7957263,1433.8041,158.27,0.0031278941,-1572.3997,32,1450.7478,0.009980449,[ 0.099 -0.225  0.047 ...  0.145  0.457 -0.71 ]
1.4250382,45.10701,0.014250382,1.9756622,361.63533544540405,1520.012,371399,50.61594,7.324219e-05,1.2917845,0.0940875,100,3300,1771.5017,1539.4944721432337,0.10554284,492.86032,9.40875,1439.3641,154.98,0.0010554284,-1529.514,33,1630.7605,0.0129178455,[ 0.099 -0.225  0.046 ...  0.145  0.457 -0.712]
0.7961811,65.27548,0.007961811,1.5382087,374.7203314304352,1773.6211,386962,65.01068,9.765625e-06,1.0916128,0.036603525,100,3400,1685.1088,1546.0095231102468,0.119031176,497.5334,3.6603527,1429.8988,155.63,0.0011903117,-1546.0095,34,1541.1029,0.010916127,[ 0.099 -0.225  0.047 ...  0.147  0.462 -0.695]
2.632992,21.277372,0.026329916,3.5039055,387.16954588890076,1614.3368,403616,28.539581,-8.544922e-06,1.3688589,0.23768046,100,3500,1921.2747,1655.0855700072757,0.016954543,607.76196,23.768047,1546.7347,166.54,0.00016954543,-1655.0856,35,1718.4558,0.013688589,[ 0.099 -0.225  0.048 ...  0.148  0.466 -0.714]
0.34338227,90.30774,0.0034338227,1.1258533,399.6239004135132,2021.1747,421603,88.82152,-0.00011840821,1.048161,0.021580543,100,3600,1837.0175,1788.3781868841209,0.5175853,591.7078,2.1580544,1656.0614,179.87,0.0051758527,-1788.3783,36,1696.621,0.010481608,[ 0.099 -0.225  0.046 ...  0.147  0.462 -0.725]
2.2808151,19.402489,0.02280815,7.3627477,410.34900426864624,1694.0879,439058,13.581886,-2.8076172e-05,1.119072,0.14441119,100,3700,2461.2004,1735.183082795014,0.008968867,370.0849,14.44112,1624.279,174.55,8.968867e-05,-495.45813,37,2160.269,0.01119072,[ 0.099 -0.225  0.047 ...  0.147  0.464 -0.729]
0.84490204,59.99375,0.00844902,1.8374172,424.08536744117737,1784.9552,457208,54.42422,-6.958008e-05,1.034655,0.046424262,100,3800,2046.1046,1804.6365364865017,0.14166427,640.4379,4.6424265,1686.4952,181.5,0.0014166427,-1804.6366,38,1885.9626,0.010346549,[ 0.099 -0.224  0.047 ...  0.145  0.457 -0.74 ]
0.6721071,71.05581,0.006721071,1.5876031,436.72217750549316,1376.2507,474844,62.988037,3.540039e-05,1.0530711,0.03456603,100,3900,1858.8696,1753.2468651424147,0.14131336,456.85016,3.456603,1646.3182,176.36,0.0014131336,-1633.3615,39,1724.1394,0.010530711,[ 0.099 -0.224  0.045 ...  0.144  0.453 -0.762]
1.0082941,57.42673,0.010082941,1.9044013,448.5342733860016,2554.5144,492896,52.50994,-5.493164e-05,1.1710511,0.054814797,100,4000,2002.2374,1794.869806973587,0.08483084,592.2949,5.4814796,1627.6376,180.52,0.00084830844,-1794.8699,40,1771.4569,0.011710511,[ 0.099 -0.224  0.044 ...  0.144  0.453 -0.783]
1.1134892,57.97386,0.011134892,2.3982105,460.39759063720703,2923.648,511158,41.697758,7.324219e-05,1.307803,0.05484355,100,4100,2140.8508,1815.8800792533823,0.032406297,687.86346,5.484355,1624.4823,182.62,0.00032406294,-1815.88,41,1844.4493,0.01307803,[ 0.099 -0.224  0.044 ...  0.144  0.454 -0.81 ]
41.18339,1.6590662,0.41183388,37.719833,473.1931121349335,1592.2837,530334,2.6511252,-0.00012695312,5.349174,4.1352434,100,4200,3123.0813,1907.246942022681,0.00036468182,534.1187,413.52435,1782.3883,191.76,3.6468182e-06,-1907.2471,42,2356.2437,0.05349174,[ 0.099 -0.224  0.043 ...  0.144  0.453 -0.824]
3.0134678,15.735968,0.030134678,4.653562,486.95425152778625,2636.0176,550871,21.488914,9.2773436e-05,1.3022434,0.26979017,100,4300,2938.996,2043.3129973966568,0.016068742,745.25806,26.979017,1870.7449,205.37,0.00016068741,-2043.3129,43,2566.7307,0.013022434,[ 0.099 -0.223  0.042 ...  0.144  0.452 -0.83 ]
0.8709079,62.392273,0.008709079,2.0951169,502.2656328678131,2943.7312,571529,47.730034,1.2207031e-05,1.1217579,0.0512564,100,4400,2258.654,2055.585208629674,0.020648228,867.06256,5.12564,1862.8728,206.58,0.00020648228,-2055.5852,44,1979.712,0.01121758,[ 0.099 -0.223  0.043 ...  0.146  0.458 -0.812]
0.70390093,69.31958,0.0070390096,1.4843307,514.8841478824615,2964.1255,591982,67.37043,9.765625e-06,1.0580566,0.039179638,100,4500,2150.0017,2035.000333375974,0.1548433,769.66815,3.9179637,1840.9526,204.53,0.001548433,-2035.0004,45,1913.5875,0.010580567,[ 0.099 -0.223  0.043 ...  0.145  0.458 -0.836]
1.5068663,36.460415,0.015068663,2.2468462,526.1046321392059,1879.499,613683,44.50683,8.544922e-05,1.141467,0.08593409,100,4600,2374.047,2159.711268874517,0.03283382,652.00836,8.593409,2018.325,217.01,0.00032833818,-2159.7112,46,2162.1165,0.011414669,[ 0.099 -0.223  0.043 ...  0.145  0.458 -0.837]
3.763778,12.601954,0.03763778,29.002386,539.3353092670441,2592.4338,637855,3.447992,-3.2958986e-05,1.4291971,0.24754794,100,4700,4257.9,2406.866410228539,0.00080716645,841.94916,24.754795,2237.1519,241.72,8.0716645e-06,-2406.8665,47,3343.921,0.014291971,[ 0.099 -0.223  0.042 ...  0.145  0.457 -0.854]
8.22269,7.5694375,0.0822269,14.4012575,553.832022190094,2714.4688,660807,6.943838,2.9296874e-05,2.353087,0.6799199,100,4800,3403.728,2284.8550052388327,0.0060630105,785.00775,67.99199,2107.1514,229.52,6.0630104e-05,-2284.855,48,2729.3604,0.023530867,[ 0.099 -0.223  0.04  ...  0.142  0.449 -0.86 ]
0.400001,87.31579,0.00400001,1.179363,568.7369747161865,2834.5857,682159,84.791534,-0.00011230469,1.0494833,0.022890445,100,4900,2200.0972,2124.757913986301,0.3906474,778.888,2.2890446,1939.1907,213.52,0.003906474,-2114.7786,49,1998.574,0.010494834,[ 0.099 -0.223  0.039 ...  0.14   0.443 -0.845]
1.1913627,45.016453,0.011913627,2.8938563,580.6169672012329,2842.0017,703834,34.555965,0.00020751954,1.0779865,0.09082001,100,5000,2513.9182,2157.164487260499,0.011167557,788.67566,9.082001,1971.1116,216.75,0.00011167557,-2147.1846,50,2197.4177,0.010779865,[ 0.099 -0.223  0.039 ...  0.14   0.441 -0.836]
1.0890666,46.29589,0.010890665,2.0085523,594.1220607757568,2073.3596,725391,49.7871,2.4414063e-05,1.0111647,0.061228838,100,5100,2265.3716,2145.281026267517,0.07313913,697.35986,6.122884,2006.1465,215.57,0.0007313913,-2125.315,51,2068.1853,0.010111647,[ 0.099 -0.223  0.037 ...  0.138  0.438 -0.873]
1.9513259,29.799997,0.019513259,3.246773,605.0608899593353,2026.574,748523,30.799812,4.8828126e-05,1.2713624,0.12039642,100,5200,2655.058,2302.7649458245273,0.059520118,738.38855,12.039642,2152.0134,231.32,0.00059520116,-2302.765,52,2383.422,0.012713623,[ 0.099 -0.223  0.037 ...  0.138  0.439 -0.882]
1.1811148,45.5079,0.011811148,2.3990526,617.4517395496368,2639.9104,772217,41.68312,-1.8310548e-05,1.0793661,0.07665811,100,5300,2664.3728,2359.0749518950415,0.13990577,783.1935,7.665811,2186.252,236.94,0.0013990576,-2349.095,53,2396.69,0.010793661,[ 0.099 -0.222  0.035 ...  0.138  0.439 -0.869]
1.4904927,35.49167,0.014904926,2.1952527,630.3051886558533,2597.0342,796342,45.552845,7.080078e-05,1.1055672,0.11396917,100,5400,2575.2947,2402.152396021279,0.1251107,698.99133,11.396917,2232.1365,241.25,0.001251107,-2042.3293,54,2323.3928,0.011055671,[ 0.099 -0.222  0.034 ...  0.137  0.437 -0.881]
6.9738216,5.508397,0.06973822,8.414831,642.1792488098145,2418.5261,822251,11.88378,-0.00021240234,1.6837857,0.6870213,100,5500,3179.508,2580.5195843613387,0.018048748,787.1353,68.70213,2411.585,259.09,0.00018048748,-2580.5198,55,2689.4568,0.016837858,[ 0.099 -0.222  0.034 ...  0.138  0.438 -0.881]
4.7721615,6.0609035,0.047721617,34.071484,655.8144643306732,2236.3906,849982,2.9350057,1.953125e-05,1.2121619,0.44130728,100,5600,4624.7266,2762.6777528614857,0.008730506,805.67523,44.13073,2582.4714,277.31,8.730505e-05,-2752.6978,56,3572.848,0.012121619,[ 0.098 -0.222  0.033 ...  0.137  0.437 -0.868]
1.6407325,37.786655,0.016407324,2.0951684,671.4634232521057,1983.0723,880246,47.728863,0.00030273438,1.2786899,0.12989855,100,5700,3538.0024,3016.4377790438202,0.033002675,867.081,12.989855,2841.8647,302.64,0.00033002673,-2666.6416,57,3285.3137,0.012786899,[ 0.099 -0.223  0.032 ...  0.138  0.441 -0.843]
0.9861197,47.831646,0.009861196,2.2613878,687.4230971336365,1978.5916,910553,44.22063,0.0002758789,0.9442427,0.06268719,100,5800,3344.1255,3020.765168501531,0.09520821,865.1778,6.2687187,2823.6628,303.07,0.0009520821,-3010.7844,58,3047.725,0.009442426,[ 0.099 -0.223  0.032 ...  0.138  0.443 -0.863]
3.010126,19.602236,0.030101262,8.115578,701.9051859378815,1773.3804,942913,12.321981,5.859375e-05,1.486331,0.20923717,100,5900,4443.376,3225.8081376988794,0.013966464,786.50745,20.923717,3040.7961,323.6,0.00013966464,-2826.105,59,3916.3164,0.014863309,[ 0.099 -0.223  0.031 ...  0.139  0.445 -0.875]
3.553325,16.594831,0.035533253,3.866378,717.6913332939148,1719.9097,975806,25.864,0.00035888673,1.584984,0.31153315,100,6000,3918.6196,3279.5228239080957,0.040304728,1124.4163,31.153316,3064.8274,328.93,0.00040304728,-3279.5225,60,3496.4622,0.015849838,[ 0.099 -0.223  0.033 ...  0.139  0.447 -0.875]
61.7678,1.7568783,0.6176779,20.086025,733.3602695465088,1292.2322,1012974,4.9785857,-0.00022216798,8.2600355,6.1791716,100,6100,5679.702,3707.2284905667157,0.0019426025,816.0086,617.9172,3579.7266,371.68,1.9426025e-05,-1947.63,61,5108.2695,0.082600355,[ 0.1   -0.223  0.033 ...  0.138  0.446 -0.892]
1.0438206,50.842724,0.010438207,2.0220633,751.1135380268097,1196.3672,1051088,49.454437,0.00014892578,1.0615644,0.08037362,100,6200,4340.905,3803.190075645314,0.06143299,1184.8096,8.037362,3554.2126,381.14,0.0006143299,-3803.19,62,3986.861,0.010615644,[ 0.099 -0.223  0.031 ...  0.139  0.447 -0.932]
1.468915,40.046967,0.014689148,2.3692622,767.3067138195038,1104.9695,1090122,42.207233,-0.00016113282,1.2005379,0.10013102,100,6300,4422.156,3894.5654043810773,0.08935341,994.011,10.013103,3640.2595,390.34,0.0008935341,-3884.5854,63,4030.7178,0.012005379,[ 0.099 -0.223  0.031 ...  0.139  0.448 -0.93 ]
1.5508747,36.84319,0.015508748,3.2913632,783.3437283039093,910.0962,1131095,30.382547,-0.00059570314,1.1845279,0.08474473,100,6400,4724.4536,4089.4344340950042,0.029309843,1019.1607,8.474473,3821.7185,409.73,0.00029309842,-4089.435,64,4238.7593,0.011845279,[ 0.1   -0.223  0.031 ...  0.139  0.447 -0.926]
230.1096,1.0475106,2.301096,661.63116,799.208918094635,1035.948,1170806,0.15114161,-7.8125e-05,23.67558,23.132162,100,6500,19886.49,3963.5333301737646,0.0005264232,1186.344,2313.2163,3704.0593,397.11,5.264232e-06,-3963.5334,65,13212.246,0.23675579,[ 0.1   -0.223  0.031 ...  0.14   0.449 -0.928]
3.3643358,16.424255,0.03364336,8.601528,817.1114745140076,1358.8713,1207299,11.625841,0.00018554687,1.4914273,0.24457969,100,6600,4850.5957,3640.449554965029,0.011304446,1319.9276,24.45797,3402.126,364.93,0.00011304445,-3640.4495,66,4151.6323,0.014914275,[ 0.1   -0.223  0.031 ...  0.139  0.447 -0.873]
0.8121144,61.437363,0.008121144,1.7757578,834.1114947795868,1401.563,1243353,56.313988,-0.00018554687,1.0250617,0.055553626,100,6700,4101.1685,3597.8566664323916,0.22172695,1648.4802,5.5553627,3362.3218,360.54,0.0022172695,-3597.857,67,3787.3003,0.010250616,[ 0.1   -0.223  0.03  ...  0.138  0.444 -0.881]
0.8268672,61.22103,0.008268672,1.4386715,850.8394181728363,1015.66675,1283264,69.508575,0.00013183594,1.038934,0.05730831,100,6800,4355.57,3983.7337782266236,0.22713183,1354.9302,5.730831,3733.3997,399.11,0.0022713183,-3823.9143,68,4055.3076,0.01038934,[ 0.1   -0.223  0.029 ...  0.139  0.445 -0.891]
1.5175545,36.18036,0.015175546,2.7420762,867.544585943222,805.29346,1325264,36.468716,-0.00012695312,1.1426244,0.12398855,100,6900,4876.9785,4194.161882697036,0.06251305,1339.8381,12.398855,3919.5894,420.0,0.00062513055,-4194.162,69,4422.308,0.011426244,[ 0.1   -0.223  0.028 ...  0.139  0.447 -0.907]
2.4985633,23.078085,0.024985632,7.3181605,884.990180015564,726.4302,1368052,13.664636,-6.8359375e-05,1.3685642,0.14446974,100,7000,5639.387,4273.2288403685725,0.006877692,1232.0592,14.446975,3994.1338,427.88,6.877692e-05,-4263.25,70,4884.376,0.013685643,[ 0.1   -0.223  0.027 ...  0.139  0.447 -0.924]
0.7174021,66.93599,0.0071740216,1.3766992,902.4787817001343,529.66016,1412798,72.637505,-0.00010253906,1.0207393,0.04449824,100,7100,4688.1973,4469.936304394641,0.19919533,1172.9287,4.449824,4177.3105,447.46,0.0019919532,-4469.9365,71,4344.8506,0.010207393,[ 0.1   -0.224  0.027 ...  0.14   0.452 -0.91 ]
1.5112503,38.094337,0.015112502,2.3615983,918.209056854248,288.65234,1459944,42.344204,-0.00017333984,1.1854997,0.08392121,100,7200,5002.0015,4710.917310030096,0.08956873,696.8532,8.392121,4402.5156,471.46,0.00089568726,-4710.9175,72,4528.065,0.011854999,[ 0.1   -0.224  0.027 ...  0.141  0.454 -0.924]
0.81072277,65.40937,0.008107228,1.7585388,933.0268349647522,235.21875,1507613,56.86539,9.765625e-06,1.1148413,0.045698624,100,7300,5104.753,4764.348504544131,0.15161672,870.0186,4.5698624,4452.4487,476.69,0.0015161672,-4764.3486,73,4691.1426,0.011148412,[ 0.1   -0.224  0.026 ...  0.14   0.453 -0.925]
1.0811082,53.200523,0.010811082,1.7078153,947.7193524837494,171.31836,1555911,58.55434,4.1503907e-05,1.1526744,0.079775795,100,7400,5369.13,4828.29721357235,0.11953672,860.1295,7.97758,4512.211,482.98,0.0011953672,-4828.2974,74,4956.0576,0.011526745,[ 0.1   -0.224  0.026 ...  0.14   0.454 -0.933]
5.316121,9.414463,0.053161215,13.390186,965.1547207832336,302.70703,1602896,7.468156,0.00032714845,1.7138122,0.40080208,100,7500,6886.545,4696.9152262067,0.0058262963,1159.7953,40.080208,4389.4297,469.85,5.8262962e-05,-4696.915,75,5761.376,0.017138124,[ 0.1   -0.224  0.025 ...  0.14   0.453 -0.936]
0.82238466,66.03522,0.008223847,1.6887031,980.9247090816498,167.50342,1651232,59.21704,-0.00046875,1.1466964,0.0397534,100,7600,5189.407,4832.148296994598,0.04978232,837.31537,3.97534,4516.4634,483.36,0.0004978232,-4822.1694,76,4779.1743,0.011466964,[ 0.1   -0.224  0.024 ...  0.139  0.448 -0.935]
9.069539,5.1289887,0.09069538,22.867945,996.4668371677399,192.13428,1699319,4.3729334,0.00033691406,2.1087947,0.80074,100,7700,7599.998,4807.453290344715,0.004297748,936.4442,80.074005,4492.7314,480.87,4.297748e-05,-4807.453,77,6094.985,0.021087945,[ 0.1   -0.224  0.024 ...  0.139  0.45  -0.929]
6.804269,6.6939654,0.06804268,5.461785,1014.7527282238007,186.33984,1747464,18.309032,-2.4414063e-05,1.8225032,0.6599487,100,7800,5632.032,4813.1721841925955,0.041624486,883.1919,65.99487,4498.0757,481.45,0.00041624485,-4813.1724,78,4895.638,0.018225031,[ 0.1   -0.224  0.023 ...  0.138  0.447 -0.898]
2.7339122,23.980234,0.027339121,6.073502,1030.5094318389893,188.4834,1795589,16.464966,4.8828126e-05,1.5354935,0.16728663,100,7900,6151.2754,4811.036046019861,0.01678467,865.7335,16.728664,4496.08,481.25,0.0001678467,-4811.036,79,5375.082,0.015354934,[ 0.1   -0.224  0.023 ...  0.139  0.448 -0.89 ]
5.8343506,9.580681,0.05834351,9.532575,1048.002201795578,141.89014,1844179,10.490345,0.000559082,1.8991537,0.5255585,100,8000,6647.441,4857.648378329681,0.026217526,742.26483,52.555847,4541.601,485.9,0.00026217525,-4827.694,80,5671.651,0.018991537,[ 0.1   -0.224  0.024 ...  0.139  0.449 -0.879]
7.807627,5.364202,0.078076266,54.360268,1066.2363324165344,312.77002,1891062,1.8395789,0.00020996094,1.8588482,0.6429517,100,8100,8938.976,4686.796559385705,0.0010325923,1154.4309,64.29517,4379.9736,468.83,1.0325923e-05,-4686.7964,81,6676.7886,0.018588483,[ 0.1   -0.224  0.023 ...  0.139  0.449 -0.906]
1.759202,33.019337,0.01759202,2.943052,1084.0652179718018,263.62012,1938438,33.978333,-1.7089844e-05,1.2351654,0.122734,100,8200,5315.107,4735.991064399425,0.036017478,988.646,12.2734,4425.9478,473.76,0.00036017477,-4735.991,82,4783.2173,0.012351653,[ 0.1   -0.224  0.024 ...  0.139  0.448 -0.916]
0.45059043,84.45862,0.0045059044,1.2502316,1100.1457152366638,236.99756,1986079,79.985176,0.00059570314,1.0504111,0.02506466,100,8300,4938.85,4762.487388372043,0.3027613,949.26434,2.5064662,4451.3623,476.41,0.0030276128,-4752.506,83,4590.97,0.01050411,[ 0.1   -0.224  0.023 ...  0.14   0.449 -0.92 ]
0.4050874,87.06999,0.0040508737,1.224624,1115.4046099185944,175.70215,2034334,81.657715,-0.00018310547,1.0511965,0.023665015,100,8400,4904.2344,4823.856272821257,0.2010565,768.4471,2.3665016,4508.0605,482.55,0.002010565,-4823.8564,84,4554.7666,0.0105119655,[ 0.1   -0.224  0.023 ...  0.14   0.451 -0.91 ]
2.046404,31.278513,0.020464038,5.4297376,1129.5420784950256,155.3584,2082789,18.417097,-0.000100097655,1.3806009,0.10849086,100,8500,6000.028,4844.212178169522,0.019491421,786.0351,10.849087,4527.0845,484.55,0.0001949142,-4844.2124,85,5261.0625,0.013806008,[ 0.1   -0.224  0.023 ...  0.14   0.452 -0.909]
8.208758,3.6391878,0.082087584,12.766223,1147.6638762950897,108.367676,2131711,7.8331704,0.0002783203,1.5952525,0.82533216,100,8600,6243.85,4891.195977453033,0.006406008,638.61664,82.53322,4571.645,489.22,6.406008e-05,-4881.216,86,5102.1006,0.015952522,[ 0.1   -0.224  0.023 ...  0.142  0.457 -0.931]
18.3675,3.076177,0.18367499,15.667739,1165.0484216213226,200.01074,2179718,6.3825417,-0.00014648438,3.2722044,1.8318787,100,8700,7317.143,4799.576993473438,0.0012415522,978.18207,183.18787,4485.371,480.07,1.2415521e-05,-4799.577,87,6073.437,0.032722045,[ 0.1   -0.224  0.023 ...  0.143  0.458 -0.918]
2.1916711,23.70948,0.021916712,5.5712023,1183.9254331588745,148.67041,2228237,17.949448,-0.00017578126,1.221803,0.18100189,100,8800,5825.1885,4850.834689321442,0.008392815,843.7962,18.10019,4533.2734,485.19,8.392814e-05,-4850.835,88,5075.6353,0.012218029,[ 0.1   -0.224  0.022 ...  0.142  0.455 -0.96 ]
1.0229942,55.343895,0.010229942,1.9893359,1200.4442324638367,88.42139,2277358,50.268032,0.00013183594,1.1388528,0.0582913,100,8900,5384.0635,4911.212504083411,0.10799122,622.3435,5.82913,4589.698,491.21,0.0010799122,-4911.2124,89,4930.5874,0.011388528,[ 0.1   -0.224  0.022 ...  0.141  0.454 -0.955]
0.98320764,58.830418,0.009832076,1.7040133,1215.5355098247528,151.61572,2325849,58.684986,-0.00017089843,1.1753249,0.067201756,100,9000,5341.8706,4848.036751886835,0.17332454,852.12,6.7201757,4530.658,484.91,0.0017332453,-4848.037,90,4927.5713,0.011753247,[ 0.1   -0.224  0.022 ...  0.142  0.457 -0.944]
0.67314965,72.213066,0.0067314967,1.3406564,1232.2162492275238,145.30469,2374402,74.590324,0.00015136719,1.0851738,0.044540737,100,9100,5052.6216,4854.287155360344,0.23956051,825.34796,4.454074,4536.4995,485.53,0.0023956052,-4854.287,91,4684.6655,0.010851738,[ 0.1   -0.224  0.022 ...  0.142  0.455 -0.933]
0.7486415,65.862144,0.0074864146,1.5509719,1246.5641787052155,152.03564,2422889,64.4757,-5.859375e-05,1.0398574,0.055209894,100,9200,5129.8193,4847.56378262219,0.16691205,845.48706,5.5209894,4530.2163,484.87,0.0016691205,-4847.564,92,4734.601,0.010398574,[ 0.099 -0.224  0.022 ...  0.142  0.455 -0.928]
3.0873163,15.304309,0.030873159,4.8966756,1262.4000053405762,136.58643,2471529,20.422018,0.00033691406,1.312373,0.21152745,100,9300,5475.073,4862.992949529464,0.03173517,778.34735,21.152746,4554.445,486.4,0.0003173517,-4713.1387,93,4792.306,0.013123729,[ 0.1   -0.224  0.022 ...  0.142  0.453 -0.93 ]
55.35999,1.222249,0.55359983,435.48962,1277.4747126102448,333.4922,2518204,0.2296266,-0.00021972656,6.1580925,5.566749,100,9400,13624.699,4666.141756663434,7.75683e-05,1218.634,556.6749,4360.671,466.75,7.7568296e-07,-4666.142,94,7250.018,0.06158093,[ 0.1   -0.224  0.022 ...  0.142  0.454 -0.94 ]
1.904516,26.2428,0.019045161,10.599861,1296.2783901691437,149.93213,2566711,9.434086,-0.00013183594,1.136024,0.12952672,100,9500,6471.047,4849.741457374405,0.019212348,850.5508,12.952673,4532.905,485.07,0.00019212348,-4839.7607,95,5439.508,0.01136024,[ 0.1   -0.224  0.021 ...  0.142  0.456 -0.94 ]
1.9903415,32.476757,0.019903416,3.4819758,1312.5452704429626,46.722656,2616247,28.719326,-0.0001953125,1.3803438,0.123344555,100,9600,5926.5254,4952.883397333954,0.0475195,462.6289,12.3344555,4651.54,495.36,0.000475195,-4603.1,96,5364.217,0.013803439,[ 0.099 -0.224  0.019 ...  0.143  0.461 -0.911]
55.20916,1.323512,0.55209154,105.031,1329.753986120224,50.125977,2665749,0.95209986,-0.00021484375,6.3939347,5.5516734,100,9700,13545.848,4949.475290899923,1.8224642e-05,496.43796,555.16736,4626.11,495.02,1.8224642e-07,-4939.4946,97,10231.845,0.06393935,[ 0.099 -0.224  0.02  ...  0.145  0.465 -0.893]
3.0130994,11.9785185,0.030130995,127865.46,1348.1195168495178,0.24853516,2715749,0.000782072,-3.90625e-05,1.1115288,0.24575002,100,9800,6228.2446,4999.400815125494,3.0388076e-08,0.12485097,24.575003,4999.3765,500.0,3.0388075e-10,-0.3701172,98,6219.5806,0.011115287,[ 0.1   -0.224  0.021 ...  0.142  0.457 -0.937]
2.306573,24.591465,0.023065727,4.5189676,1365.3034708499908,150.14258,2764253,22.128948,0.000107421874,1.3171921,0.14462855,100,9900,5846.3555,4849.507781811031,0.009288879,852.2649,14.462855,4532.033,485.04,9.288879e-05,-4849.508,99,5171.4717,0.013171923,[ 0.099 -0.223  0.018 ...  0.142  0.457 -0.987]
2.1143346,23.714523,0.021143347,4.8669214,1382.0925014019012,50.259277,2813754,20.54687,-0.000107421874,1.1788539,0.18271667,100,10000,5760.7686,4949.343048730296,0.12498468,497.42773,18.271667,4625.332,495.01,0.0012498468,-4949.3433,100,5045.9653,0.011788539,[ 0.099 -0.223  0.016 ...  0.141  0.455 -0.962]
3.41684,16.580122,0.0341684,8.077715,1398.3639438152313,91.53027,2862843,12.379739,-0.00034667968,1.5232941,0.18987383,100,10100,6680.973,4908.083501874426,0.059964504,641.9903,18.987383,4586.774,490.89,0.000599645,-4908.084,101,5767.769,0.015232939,[ 0.1   -0.224  0.02  ...  0.14   0.452 -0.975]
3.322651,13.780886,0.033226505,4.4484496,1417.0721020698547,148.8833,2911360,22.479742,-0.00032226564,1.3283774,0.26319945,100,10200,5601.183,4850.779878198608,0.019289535,844.95197,26.319946,4533.222,485.17,0.00019289534,-4850.7803,102,4931.41,0.013283773,[ 0.1   -0.224  0.021 ...  0.141  0.452 -0.948]
0.639447,73.341064,0.0063944696,1.3245195,1433.4910953044891,170.50684,2959663,75.49908,0.00013183594,1.0606123,0.042936407,100,10300,4939.1772,4829.136684287513,0.21178788,833.2692,4.2936406,4512.9956,483.03,0.0021178788,-4829.1367,103,4575.3374,0.010606123,[ 0.1   -0.224  0.022 ...  0.142  0.454 -0.955]
1.1166056,55.678947,0.011166056,2.0428894,1447.2410390377045,59.083008,3009081,48.950275,8.300781e-05,1.251527,0.07442093,100,10400,5367.628,4940.601965154262,0.12685469,497.53687,7.442093,4617.8174,494.18,0.0012685468,-4930.6206,104,4906.2725,0.012515268,[ 0.1   -0.224  0.022 ...  0.142  0.455 -0.96 ]
3.0222745,17.772001,0.030222746,6.5210066,1463.18106174469,53.938477,3058546,15.335055,7.324219e-05,1.4050515,0.23234627,100,10500,6019.847,4945.710442616197,0.00991204,497.49933,23.234627,4622.591,494.65,9.91204e-05,-4935.731,105,5194.7207,0.014050514,[ 0.1   -0.224  0.022 ...  0.141  0.454 -0.955]
0.35791647,89.26231,0.0035791642,1.1875345,1480.1517300605774,100.70557,3107544,84.208084,0.00013671875,1.0319535,0.019855192,100,10600,4977.3706,4898.892189868396,0.1215339,699.1548,1.9855193,4578.1846,489.98,0.0012153389,-4898.892,106,4627.8823,0.010319534,[ 0.1   -0.224  0.021 ...  0.142  0.455 -0.967]
74.38813,1.5817513,0.7438813,101.20969,1493.5188233852386,50.259766,3157045,0.9880477,0.00045898437,9.430504,7.4141073,100,10700,12001.739,4949.370938440689,0.00065875956,497.43054,741.41077,4625.3584,495.01,6.5875956e-06,-4949.3706,107,8742.077,0.09430504,[ 0.1   -0.224  0.02  ...  0.141  0.454 -0.965]
1.228288,49.070118,0.01228288,2.3679044,1512.92471408844,50.215332,3206546,42.231434,-0.00029785157,1.2056534,0.063200496,100,10800,5657.686,4949.453206859106,0.042266816,497.43875,6.32005,4625.4355,495.01,0.00042266815,-4949.4536,108,5159.0874,0.012056533,[ 0.1   -0.224  0.02  ...  0.143  0.46  -0.982]
2.333925,4.3524895,0.02333925,1812136.4,1530.327112197876,0.18066406,3256546,5.5183486e-05,0.0001953125,0.49787334,0.19471952,100,10900,11362.606,4999.460008878971,1.6005154e-07,0.1314249,19.471952,4999.429,500.0,1.6005154e-09,-0.47216797,109,11320.996,0.0049787336,[ 0.1   -0.224  0.02  ...  0.143  0.462 -1.006]
10.563479,1.3812908,0.10563479,1556963700.0,1549.6940186023712,0.17480469,3306546,6.422757e-08,0.00022460938,1.2501724,1.0568403,100,11000,49730.74,4999.541495951881,3.2231164e-12,0.09083216,105.68403,4999.528,500.0,3.2231162e-14,-0.20947266,110,49189.637,0.012501725,[ 0.1   -0.223  0.019 ...  0.143  0.461 -1.057]
2.0957382,27.284632,0.020957386,6.379446,1570.1470336914062,100.1582,3355548,15.675343,-2.4414063e-05,1.2837577,0.14791471,100,11100,6077.1436,4899.562872613964,0.002856278,699.93756,14.7914715,4578.8115,490.02,2.8562781e-05,-4899.563,111,5267.003,0.012837577,[ 0.099 -0.223  0.017 ...  0.141  0.458 -1.107]
1.9694825,30.362383,0.019694827,4.94602,1586.9559545516968,50.177734,3405049,20.218275,0.000107421874,1.3004634,0.13298488,100,11200,5724.158,4949.525734810112,0.0025719965,497.4461,13.298488,4625.5034,495.01,2.5719964e-05,-4949.526,112,5003.5435,0.0130046345,[ 0.099 -0.223  0.015 ...  0.141  0.458 -1.114]
7.2457213,9.158876,0.07245721,17.903748,1603.83482670784,299.88135,3452058,5.585423,-0.00034179687,2.300708,0.4677368,100,11300,7201.2197,4699.807675388431,0.0027071973,1186.1255,46.77368,4392.1333,470.09,2.7071972e-05,-4699.808,113,5899.3613,0.023007084,[ 0.099 -0.223  0.013 ...  0.14   0.458 -1.118]
22.070795,2.1000664,0.22070794,51.458656,1622.454875946045,150.0874,3500562,1.9433076,0.00030761719,3.2325351,2.2211313,100,11400,10010.714,4849.638847431358,0.0001245995,852.28796,222.11313,4532.1553,485.04,1.2459949e-06,-4849.6387,114,7733.257,0.03232535,[ 0.099 -0.223  0.014 ...  0.141  0.461 -1.148]
5.621862,7.5931177,0.056218624,21.021996,1641.7021481990814,100.234375,3549564,4.7569222,-0.00012695312,1.6115289,0.5070826,100,11500,6810.3726,4899.435330377116,0.0014331442,699.9194,50.70826,4578.6924,490.02,1.4331442e-05,-4899.4355,115,5339.7725,0.01611529,[ 0.099 -0.223  0.01  ...  0.139  0.455 -1.16 ]
1.4981103,38.383472,0.014981102,2.8118546,1658.8260974884033,100.13086,3598568,35.563717,8.789063e-05,1.1824079,0.09612344,100,11600,5489.237,4899.609391435063,0.1046413,698.5186,9.612345,4579.508,490.04,0.001046413,-4889.63,116,4952.472,0.011824079,[ 0.098 -0.222  0.009 ...  0.139  0.455 -1.167]
4.5470614,11.646125,0.045470614,12.318198,1675.5775554180145,46.04004,3648112,8.118071,4.3945314e-05,1.6508543,0.3509169,100,11700,6506.2163,4953.659174337897,0.01784169,454.68005,35.09169,4657.493,495.44,0.00017841689,-4524.009,117,5466.754,0.016508544,[ 0.098 -0.222  0.007 ...  0.138  0.456 -1.177]
2.382232,21.748846,0.023822317,4.755319,1693.0386312007904,150.17041,3696617,21.029083,-9.2773436e-05,1.2559049,0.20836055,100,11800,5525.9175,4849.559922210883,0.008508344,851.6888,20.836056,4532.082,485.05,8.508344e-05,-4849.56,118,4833.6025,0.012559049,[ 0.098 -0.222  0.005 ...  0.139  0.458 -1.139]
1.326721,38.342785,0.013267208,2.5345087,1709.2603278160095,50.20166,3746119,39.45538,-0.0002685547,1.0462356,0.08211315,100,11900,5651.4907,4949.5265234975195,0.036397107,496.4429,8.211315,4626.1577,495.02,0.00036397105,-4939.5444,119,5136.6826,0.010462357,[ 0.098 -0.222  0.004 ...  0.14   0.461 -1.136]
2.7018769,21.708675,0.027018767,7.69903,1726.1942014694214,148.1875,3794644,12.988649,0.00032714845,1.4227395,0.18350257,100,12000,6144.9487,4851.5007469731945,0.00035924028,840.4832,18.350258,4533.895,485.25,3.5924027e-06,-4851.5005,120,5263.6855,0.014227395,[ 0.098 -0.222  0.002 ...  0.139  0.459 -1.113]
15.483818,2.2943473,0.15483817,31.705765,1741.731573343277,238.30225,3842269,3.1540005,-4.8828126e-05,2.3727272,1.5532191,100,12100,7576.6167,4761.401226348687,0.0005721124,1042.7341,155.32191,4449.6943,476.25,5.7211237e-06,-4761.4014,121,5821.4614,0.02372727,[ 0.098 -0.222  0.003 ...  0.14   0.462 -1.113]
10.551282,4.9964504,0.105512805,65.41889,1759.423271894455,50.328125,3891770,1.5286105,-0.00017089843,2.4197254,0.9515187,100,12200,9690.984,4949.362944100768,0.000746576,497.42975,95.15187,4625.351,495.01,7.4657596e-06,-4949.3633,122,7070.3135,0.024197254,[ 0.098 -0.222  0.002 ...  0.139  0.459 -1.133]
0.4241426,86.28025,0.004241426,1.226279,1777.4774806499481,148.5918,3940290,81.54751,0.0001171875,1.0636392,0.02179938,100,12300,5048.873,4851.113845531031,0.43480134,843.271,2.179938,4533.5337,485.2,0.004348013,-4851.114,123,4697.193,0.010636392,[ 0.098 -0.222  0.002 ...  0.14   0.461 -1.132]
0.90095496,62.450096,0.009009549,1.6437701,1792.6984322071075,50.28955,3989791,60.83576,-0.00034179687,1.1618907,0.061032135,100,12400,5321.447,4949.431201408935,0.11048032,497.43658,6.103214,4625.415,495.01,0.0011048032,-4949.4316,124,4906.027,0.011618907,[ 0.098 -0.222  0.003 ...  0.141  0.462 -1.137]
5.2641892,10.410508,0.052641887,17.574106,1809.1727261543274,150.05664,4038296,5.69019,7.324219e-05,1.7944812,0.4690342,100,12500,7070.31,4849.66602472877,0.0010525212,851.7077,46.90342,4532.1807,485.05,1.0525211e-05,-4849.666,125,5739.365,0.017944809,[ 0.098 -0.222  0.003 ...  0.14   0.46  -1.151]
21.073538,2.2316113,0.21073537,71.55981,1826.959329366684,100.231445,4087298,1.3974324,-6.347656e-05,3.183812,2.1050646,100,12600,11771.759,4899.495917194061,0.00022079333,699.92804,210.50647,4578.749,490.02,2.2079332e-06,-4899.496,126,9058.46,0.031838115,[ 0.098 -0.222  0.004 ...  0.142  0.464 -1.146]
1.3188739,39.644814,0.013188739,2.2089124,1846.7557396888733,98.381836,4136320,45.27115,-0.00028808592,1.068905,0.10469818,100,12700,5419.302,4901.242298905463,0.14639626,686.02344,10.469818,4581.0337,490.22,0.0014639626,-4891.2627,127,4943.395,0.01068905,[ 0.097 -0.222 -0.003 ...  0.14   0.463 -1.153]
4.0859413,11.390737,0.04085941,11.226337,1863.0798752307892,255.95557,4183773,8.907624,-0.00020996094,1.464969,0.3559513,100,12800,6049.8647,4743.769737622392,0.0042357505,1020.35205,35.59513,4433.2173,474.53,4.2357504e-05,-4743.77,128,5009.3354,0.01464969,[ 0.097 -0.221 -0.005 ...  0.139  0.46  -1.143]
74.18037,1.2513584,0.7418037,73.33614,1879.7080481052399,344.39014,4230342,1.3635842,0.00020507812,8.350534,7.4619384,100,12900,10010.643,4655.266178245277,0.0005248209,1179.5619,746.19385,4350.507,465.69,5.2482087e-06,-4655.266,129,7400.795,0.083505355,[ 0.097 -0.222 -0.004 ...  0.139  0.459 -1.152]
8.164027,5.633027,0.08164027,11.010059,1898.724723815918,186.36816,4278486,9.082603,0.00013671875,1.9946438,0.7738342,100,13000,5996.0923,4813.326193922172,0.00331103,911.518,77.38342,4508.685,481.44,3.31103e-05,-4653.47,130,4985.25,0.019946437,[ 9.748e-02 -2.218e-01 -9.562e-04 ...  1.385e-01  4.541e-01 -1.171e+00]
2.0704715,22.449247,0.020704713,7.162044,1915.8889305591583,48.626465,4328004,13.962495,0.0001953125,1.1139795,0.16501763,100,13100,6092.1196,4951.08109369929,0.004942408,480.5328,16.501764,4638.075,495.18,4.9424078e-05,-4781.2407,131,5254.454,0.011139793,[ 0.098 -0.222  0.001 ...  0.139  0.454 -1.183]
2.037153,3.4195788,0.02037153,668635460.0,1931.5648908615112,0.23486328,4378004,1.4955833e-07,-2.9296874e-05,0.38332352,0.1749427,100,13200,17933.928,4999.479740191815,1.0991976e-06,0.17544843,17.49427,4999.4297,500.0,1.0991975e-08,-0.765625,132,16637.875,0.0038332345,[ 0.098 -0.222  0.006 ...  0.139  0.454 -1.187]
