AvgRet,BatchSize,VarVanillaIw,SamplesThisIter,MaxVanillaIw,delta,ESSRenyi,Bound,VanillaAvgRet,IterType,AvgEpLen,renyi2,AvgNormIw,AvgVanillaIw,VarJ,AvgDiscRet,VarNormIw,ESSClassic,MaxNormIw,EpsThisIter,VarDiscRet,J,MinVanillaIw,MinNormIw,VarRet
-406.614899727,100,0.0344461,50000,1.65767,0.4,44.4065981686,-456.546,-406.614899727,1,500.0,0.811782,5.55556e-05,1.00608,166.198,-406.614899727,1.05034e-10,1.09894731627,9.15359e-05,100,99.887976596,-72931.5,0.361765,1.99765e-05,99.887976596
-297.743707189,100,342.248,50000,126.462,0.4,nan,-167.205,-297.743707189,1,378.787878788,nan,4.20875e-05,6.46054,2243.4,-297.743707189,1.45248e-08,1.70296998617,0.000823845,132,21723.7829515,-20223.3,,,21723.7829515
-406.162785924,100,0.013937,50000,1.3725,0.4,1.5455898416,-456.559,-406.162785924,1,500.0,4.16976,5.55556e-05,0.99147,101.475,-406.162785924,4.37589e-11,0.691369899639,7.69059e-05,100,50.4843483772,-72997.0,0.478531,2.68138e-05,50.4843483772
-405.482995147,100,0.0784938,50000,2.06096,0.4,nan,-454.281,-405.482995147,1,500.0,nan,5.55555e-05,1.01724,285.995,-405.482995147,2.34125e-10,0.810979728724,0.000112558,100,224.586068152,-72403.2,0.232383,1.26914e-05,224.586068152
-369.682230015,100,inf,50000,1.76972e+19,0.4,nan,-204.43,-369.682230015,1,450.45045045,nan,5.00501e-05,2.08681e+16,1767.96,-369.682230015,1.76648e-06,6.16793990106,0.042445,111,11576.7831807,-26485.0,,,11576.7831807
-411.89634755,100,0.00337387,50000,1.23272,0.4,0.001460291036,-462.73,-411.89634755,1,500.0,11.1343,5.55556e-05,0.988793,47.9737,-411.89634755,1.06506e-11,0.65074275427,6.92607e-05,100,12.8818795974,-74113.1,0.825784,4.63969e-05,12.8818795974
-303.006923742,100,954.864,50000,561.493,0.4,nan,-153.316,-303.006923742,1,375.939849624,nan,4.17711e-05,8.86736,1581.92,-303.006923742,2.11887e-08,1.94936875696,0.002645,133,24054.2347493,-19384.0,,,24054.2347493
-407.000310333,100,0.329779,50000,14.5915,0.4,nan,-442.36,-407.000310333,1,495.04950495,nan,5.50055e-05,0.847664,3011.0,-407.000310333,1.38864e-09,0.885627890281,0.000946851,101,1345.39206766,-70420.3,7.553e-06,4.90119e-10,1345.39206766
-333.3560116,100,6.99974e+06,50000,121059.0,0.4,nan,-180.354,-333.3560116,1,409.836065574,nan,4.55373e-05,115.874,1658.6,-333.3560116,1.08105e-06,12.4858834846,0.047575,122,17839.1725587,-22610.6,,,17839.1725587
-389.743141492,100,2.3603,50000,21.7462,0.4,nan,-402.511,-389.743141492,1,490.196078431,nan,5.44662e-05,0.932177,3259.68,-389.743141492,8.05796e-09,0.43158004176,0.00127061,102,2542.49545702,-61068.1,7.42267e-16,4.337e-20,2542.49545702
-307.198940593,100,3183.46,50000,1003.67,0.4,nan,-142.977,-307.198940593,1,381.679389313,nan,4.24088e-05,14.9335,1571.68,-307.198940593,2.56737e-08,1.776886955,0.00285028,131,24104.6132537,-14540.9,,,24104.6132537
-363.058047369,100,inf,50000,3.74624e+19,0.4,nan,-226.263,-363.058047369,1,454.545454545,nan,5.05051e-05,1.91075e+16,1807.56,-363.058047369,4.95005e-06,9.99949654482,0.099021,110,9669.0176241,-27035.7,,,9669.0176241
-389.469308735,100,60.6826,50000,268.963,0.4,nan,-360.152,-389.469308735,1,485.436893204,nan,5.39374e-05,1.26387,3029.51,-389.469308735,1.1052e-07,0.924269452082,0.0114784,103,3620.68501548,-49753.9,,,3620.68501548
-289.969463146,100,690885.0,50000,40432.1,0.4,nan,-148.19,-289.969463146,1,378.787878788,nan,4.20875e-05,31.8009,1683.57,-289.969463146,1.21014e-06,9.95791057016,0.0535108,132,21116.3527393,-14811.2,,,21116.3527393
-298.661504789,100,102.125,50000,113.387,0.4,nan,-178.238,-298.661504789,1,375.939849624,nan,4.17711e-05,3.67135,1955.36,-298.661504789,1.322e-08,1.92066746785,0.00129008,133,19842.3639461,-28848.4,,,19842.3639461
-362.229369481,100,27642.2,50000,4481.58,0.4,nan,nan,-362.229369481,1,450.45045045,nan,5.00501e-05,26.0436,nan,-362.229369481,1.02089e-07,11.3308233306,0.00861261,111,8511.48482133,nan,,,8511.48482133
-320.506411247,100,46257.1,50000,7778.4,0.4,nan,nan,-320.506411247,1,400.0,nan,4.44444e-05,26.5545,nan,-320.506411247,1.2958e-07,11.8353431952,0.0130188,125,16274.7928997,nan,,,16274.7928997
-272.964579002,100,320.347,50000,419.758,0.4,nan,-147.921,-272.964579002,1,349.65034965,nan,3.885e-05,6.44552,1352.68,-272.964579002,1.16382e-08,2.46856016035,0.00253007,143,23710.5141715,-18311.7,,,23710.5141715
-350.591838882,100,644.673,50000,241.303,0.4,nan,-282.616,-350.591838882,1,446.428571429,nan,4.96032e-05,7.01366,1273.66,-350.591838882,3.22456e-08,1.61009423609,0.00170658,112,9095.88038794,-38005.1,,,9095.88038794
-354.30259464,100,inf,50000,1.96806e+19,0.4,nan,-203.102,-354.30259464,1,442.477876106,nan,4.91642e-05,1.01027e+16,1968.34,-354.30259464,4.51151e-06,9.99118867883,0.0957747,113,12731.8300931,-26513.9,,,12731.8300931
-351.41548667,100,2086.76,50000,628.889,0.4,nan,nan,-351.41548667,1,442.477876106,nan,4.91642e-05,9.70808,nan,-351.41548667,5.35185e-08,1.13484800744,0.00318486,113,10030.4428895,nan,,,10030.4428895
-300.463016617,100,213.88,50000,237.365,0.4,nan,-167.23,-300.463016617,1,378.787878788,nan,4.20875e-05,4.9619,1732.71,-300.463016617,1.5388e-08,1.34491648005,0.00201336,132,21457.6489185,-22296.5,,,21457.6489185
-267.912424986,100,120.841,50000,85.73,0.4,nan,-148.498,-267.912424986,1,344.827586207,nan,3.83142e-05,4.35674,1459.33,-267.912424986,9.34566e-09,2.42335290411,0.000753929,145,23790.4887341,-18848.6,,,23790.4887341
-317.982040953,100,25981.5,50000,3294.46,0.4,nan,-176.115,-317.982040953,1,400.0,nan,4.44444e-05,28.8843,1601.58,-317.982040953,6.15143e-08,5.94258168729,0.00506921,125,18418.995836,-22656.5,,,18418.995836
-279.815754429,100,291.073,50000,200.668,0.4,nan,-156.81,-279.815754429,1,354.609929078,nan,3.94011e-05,6.46386,1561.1,-279.815754429,1.08152e-08,8.15572586952,0.00122319,141,22183.0098424,-21252.0,,,22183.0098424
-231.728441347,100,81.327,50000,129.142,0.4,nan,-127.176,-231.728441347,1,292.397660819,nan,3.24886e-05,4.19956,1511.56,-231.728441347,4.86731e-09,5.21535376005,0.000999064,171,26221.2245516,-18357.0,,,26221.2245516
-321.554683654,100,9702.98,50000,1628.13,0.4,nan,-194.05,-321.554683654,1,403.225806452,nan,4.48029e-05,18.5049,1718.91,-321.554683654,5.6878e-08,1.65136190257,0.00394193,124,17456.6113638,-25071.7,,,17456.6113638
-376.620083552,100,59.778,50000,272.001,0.4,nan,-290.989,-376.620083552,1,476.19047619,nan,5.29101e-05,1.41705,2401.7,-376.620083552,8.33386e-08,1.90962028788,0.010156,105,5899.92947747,-43711.6,,,5899.92947747
-237.937293146,100,46.3962,50000,100.518,0.4,nan,-140.447,-237.937293146,1,304.87804878,nan,3.38753e-05,3.41116,1437.24,-237.937293146,4.57556e-09,3.37676719319,0.000998214,164,25012.7644703,-20426.5,,,25012.7644703
-267.807099469,100,111.917,50000,86.5567,0.4,nan,-168.003,-267.807099469,1,352.112676056,nan,3.91236e-05,4.08046,1527.68,-267.807099469,1.02886e-08,1.43585450301,0.000829911,142,19696.0255395,-23190.8,,,19696.0255395
-241.011664055,100,132.201,50000,203.591,0.4,nan,-131.545,-241.011664055,1,310.559006211,nan,3.45066e-05,4.96631,1544.07,-241.011664055,6.38219e-09,3.83905031191,0.00141458,161,24186.2252588,-18972.8,,,24186.2252588
-282.163259869,100,5.65432e+06,50000,116370.0,0.4,nan,-178.845,-282.163259869,1,375.939849624,nan,4.17711e-05,55.9511,1534.56,-282.163259869,3.15148e-06,9.99949790288,0.0868774,133,16052.9322372,-24553.4,,,16052.9322372
-272.77547929,100,310.891,50000,367.898,0.4,nan,-132.339,-272.77547929,1,337.837837838,nan,3.75375e-05,5.79955,1786.74,-272.77547929,1.30242e-08,10.2947766617,0.00238122,148,28359.4083142,-20014.4,,,28359.4083142
-262.836899603,100,218.582,50000,461.278,0.4,nan,-152.046,-262.836899603,1,349.65034965,nan,3.885e-05,5.20539,1531.01,-262.836899603,1.21757e-08,4.3177869878,0.00344272,143,20974.7999861,-22082.6,,,20974.7999861
-225.663305114,100,57.2012,50000,165.145,0.4,nan,-134.88,-225.663305114,1,294.117647059,nan,3.26797e-05,3.15167,1457.01,-225.663305114,6.15009e-09,2.87882405263,0.00171239,170,22328.6690007,-19707.3,,,22328.6690007
-246.127357899,100,144.527,50000,198.762,0.4,nan,-136.221,-246.127357899,1,320.512820513,nan,3.56125e-05,5.00521,1474.58,-246.127357899,7.31661e-09,4.80844939955,0.00141421,156,23484.1881401,-21353.6,,,23484.1881401
-251.421082668,100,40.2097,50000,43.721,0.4,nan,nan,-251.421082668,1,324.675324675,nan,3.6075e-05,2.99373,nan,-251.421082668,5.83876e-09,2.29553377558,0.000526847,154,24452.0574088,nan,,,24452.0574088
-188.508881331,100,17.4937,50000,34.1653,0.4,nan,-106.45,-188.508881331,1,250.0,nan,2.77778e-05,2.5261,1391.45,-188.508881331,2.11533e-09,6.03271924145,0.000375692,200,25265.3295235,-16672.2,,,25265.3295235
-263.850165275,100,244.84,50000,137.735,0.4,nan,-151.772,-263.850165275,1,344.827586207,nan,3.83142e-05,5.35332,1703.45,-263.850165275,1.25417e-08,2.14730062381,0.000985781,145,20748.9630272,-22240.2,,,20748.9630272
-244.455123937,100,47.9268,50000,82.7009,0.4,nan,-144.807,-244.455123937,1,316.455696203,nan,3.51617e-05,2.98424,1594.06,-244.455123937,6.65352e-09,2.97979974244,0.000974422,158,23434.6691337,-23456.0,,,23434.6691337
-164.694874883,100,9.63792,50000,20.0485,0.4,nan,-111.828,-164.694874883,1,219.298245614,nan,2.43665e-05,2.02838,1252.27,-164.694874883,1.39082e-09,6.21271429686,0.000240838,228,19455.6327591,-17104.5,,,19455.6327591
-151.887574058,100,3.02796,50000,19.8112,0.4,nan,-101.164,-151.887574058,1,202.429149798,nan,2.24921e-05,1.43303,1126.13,-151.887574058,7.45931e-10,5.33610268204,0.000310946,247,20683.3460005,-15306.7,,,20683.3460005
-169.895425598,100,7.11941,50000,21.7121,0.4,nan,-108.385,-169.895425598,1,226.244343891,nan,2.51383e-05,1.91092,1305.74,-169.895425598,1.23206e-09,4.89287505948,0.000285625,221,21180.6357508,-17350.7,,,21180.6357508
-186.425751587,100,19.9028,50000,42.7932,0.4,nan,-108.59,-186.425751587,1,246.305418719,nan,2.73673e-05,2.33611,1493.98,-186.425751587,2.73143e-09,3.71609668598,0.000501316,203,23077.4386314,-16646.9,,,23077.4386314
-203.697356132,100,17.1191,50000,55.4524,0.4,nan,-111.294,-203.697356132,1,263.157894737,nan,2.92398e-05,2.20429,1687.74,-203.697356132,3.01225e-09,2.51627257251,0.000735573,190,27322.4861323,-17908.6,,,27322.4861323
-119.503015568,100,1.64896,50000,8.91523,0.4,nan,-95.8979,-119.503015568,1,160.77170418,nan,1.78635e-05,1.35244,881.291,-119.503015568,2.87678e-10,5.00762622019,0.000117755,311,13346.6252165,-14327.9,,,13346.6252165
-164.19452196,100,5.19147,50000,13.1962,0.4,nan,-110.655,-164.19452196,1,226.244343891,nan,2.51383e-05,1.71768,1161.91,-164.19452196,1.11193e-09,5.56828672961,0.000193126,221,19615.6154579,-16835.9,,,19615.6154579
-124.974864243,100,1.47658,50000,13.8085,0.4,nan,-93.4918,-124.974864243,1,168.918918919,nan,1.87688e-05,1.24906,1010.61,-124.974864243,3.33396e-10,4.22050390656,0.000207491,296,16662.0790755,-14135.3,,,16662.0790755
-98.2444477446,100,0.526287,50000,5.31352,0.4,nan,-95.9343,-98.2444477446,1,138.121546961,nan,1.53468e-05,1.08227,629.418,-98.2444477446,1.05826e-10,3.81001336993,7.53472e-05,362,7139.52568571,-13874.2,1.42982e-13,2.02753e-18,7139.52568571
-106.368966609,100,1.45385,50000,9.46157,0.4,nan,-86.8168,-106.368966609,1,148.367952522,nan,1.64853e-05,1.23404,885.353,-106.368966609,2.59453e-10,3.87994078225,0.000126396,337,11276.8660335,-12653.4,3.98299e-32,5.32082e-37,11276.8660335
-96.9380738994,100,0.592399,50000,7.85311,0.4,nan,-86.7699,-96.9380738994,1,137.362637363,nan,1.52625e-05,1.08036,774.257,-96.9380738994,1.1823e-10,4.93002332452,0.000110943,364,10228.1964882,-12679.0,1.72393e-15,2.43543e-20,10228.1964882
-90.4148165321,100,0.450771,50000,7.54305,0.4,nan,-87.7402,-90.4148165321,1,126.582278481,nan,1.40647e-05,0.998531,632.262,-90.4148165321,8.94322e-11,4.46913207495,0.000106247,395,7872.90656057,-12507.7,9.62894e-13,1.35627e-17,7872.90656057
-98.8747432121,100,0.645165,50000,6.04977,0.4,nan,-90.0437,-98.8747432121,1,140.056022409,nan,1.55618e-05,1.07952,708.477,-98.8747432121,1.3407e-10,4.24981172426,8.72105e-05,357,8842.1128475,-13094.1,,,8842.1128475
-69.986565662,100,0.1945,50000,3.68966,0.4,nan,-81.9774,-69.986565662,1,100.60362173,nan,1.11782e-05,0.998874,384.244,-69.986565662,2.4358e-11,4.05628613476,4.12902e-05,497,2780.70939612,-11211.5,7.03694e-07,7.87488e-12,2780.70939612
-84.2081542837,100,0.392412,50000,6.66921,0.4,nan,-86.6665,-84.2081542837,1,121.065375303,nan,1.34517e-05,1.04424,549.478,-84.2081542837,6.51173e-11,4.56567740746,8.59115e-05,413,5479.94160697,-12221.9,1.44101e-08,1.85628e-13,5479.94160697
-62.2937414534,100,0.149347,50000,6.13959,0.4,6.19687751626e-16,-75.6868,-62.2937414534,1,91.0746812386,39.6225,1.01194e-05,1.01409,212.975,-62.2937414534,1.48714e-11,4.71562842924,6.12657e-05,549,316.457851687,-10699.8,0.011841,1.18159e-07,316.457851687
-77.5409891828,100,0.336446,50000,5.04409,0.4,nan,-83.5937,-77.5409891828,1,111.35857461,nan,1.23732e-05,1.01838,432.883,-77.5409891828,4.96661e-11,4.32777469818,6.12851e-05,449,4431.88361486,-11534.4,3.16186e-17,3.84162e-22,4431.88361486
-60.9396226081,100,0.0931696,50000,2.47416,0.4,4.4081795133e-16,-76.5019,-60.9396226081,1,88.809946714,39.9631,9.86777e-06,1.01762,217.043,-60.9396226081,8.76082e-12,4.69270710615,2.39918e-05,563,523.760731442,-10570.8,0.0114923,1.1144e-07,523.760731442
-65.5441994258,100,0.192893,50000,3.80559,0.4,3.97603714042e-16,-81.3134,-65.5441994258,1,95.785440613,40.0662,1.06428e-05,1.03657,294.273,-65.5441994258,2.03347e-11,4.64332957376,3.90735e-05,522,851.065229121,-10982.5,0.00787025,8.08069e-08,851.065229121
-64.5918342591,100,0.0904889,50000,2.4009,0.4,7.20338174228e-16,-82.8759,-64.5918342591,1,94.5179584121,39.472,1.0502e-05,0.999531,175.887,-64.5918342591,9.98955e-12,3.50093455341,2.52261e-05,529,293.237672998,-11261.9,0.0181526,1.90728e-07,293.237672998
-63.2967073568,100,0.10811,50000,2.59802,0.4,1.85315374053e-15,-80.3618,-63.2967073568,1,92.2509225092,38.5271,1.02501e-05,0.991724,217.514,-63.2967073568,1.15489e-11,4.2682733693,2.68522e-05,542,485.190229758,-10823.3,0.0119219,1.2322e-07,485.190229758
-68.1772024892,100,0.176542,50000,3.39853,0.4,nan,-81.6575,-68.1772024892,1,98.0392156863,nan,1.08932e-05,1.01168,336.805,-68.1772024892,2.04681e-11,3.96086875946,3.65936e-05,510,2651.85493754,-11071.1,4.90392e-06,5.28029e-11,2651.85493754
-61.1683763819,100,0.461054,50000,9.60236,0.4,1.37211283491e-15,-66.9363,-61.1683763819,1,89.928057554,38.8276,9.99201e-06,1.04687,199.624,-61.1683763819,4.20021e-11,4.13219956597,9.1651e-05,556,184.60921008,-10266.4,0.00187862,1.79308e-08,184.60921008
-62.5706724378,100,1.08673,50000,9.43231,0.4,nan,-63.7094,-62.5706724378,1,91.5750915751,nan,1.0175e-05,1.15216,125.783,-62.5706724378,8.4755e-11,5.53577452402,8.32989e-05,546,177.959956184,-10442.5,1.75751e-06,1.5521e-11,177.959956184
-59.8775685177,100,0.936497,50000,14.0689,0.4,nan,-63.2405,-59.8775685177,1,88.1834215168,nan,9.79816e-06,1.1186,195.663,-59.8775685177,7.18531e-11,4.6112433236,0.000123234,567,116.259960878,-10034.3,2.83841e-05,2.48625e-10,116.259960878
-62.3026559322,100,0.110079,50000,3.54239,0.4,6.70798884471e-17,-80.1157,-62.3026559322,1,90.9090909091,41.8458,1.0101e-05,1.00424,215.101,-62.3026559322,1.11369e-11,3.87528596711,3.56307e-05,550,434.271371703,-10701.0,0.00195346,1.96487e-08,434.271371703
-64.8762749933,100,0.267542,50000,4.94287,0.4,nan,-75.5924,-64.8762749933,1,93.808630394,nan,1.04232e-05,1.01715,404.978,-64.8762749933,2.80948e-11,4.08029579171,5.06519e-05,533,2284.17879917,-10328.8,9.98783e-07,1.0235e-11,2284.17879917
-68.0488191583,100,0.183244,50000,3.75847,0.4,8.5381791837e-18,-81.2468,-68.0488191583,1,97.65625,43.9072,1.08507e-05,0.996115,333.294,-68.0488191583,2.17433e-11,3.86683692188,4.0941e-05,512,2698.28084074,-10948.0,2.58153e-05,2.81206e-10,2698.28084074
-59.7108165153,100,0.100152,50000,3.72132,0.4,1.43248559477e-17,-74.543,-59.7108165153,1,87.1080139373,43.3897,9.67867e-06,0.996236,152.476,-59.7108165153,9.4529e-12,4.37920809971,3.61535e-05,574,220.037454977,-10389.4,0.0164416,1.59734e-07,220.037454977
-66.1223931395,100,0.162579,50000,3.2404,0.4,nan,-78.4809,-66.1223931395,1,96.7117988395,nan,1.07458e-05,0.989449,285.762,-66.1223931395,1.91757e-11,3.77635996905,3.51918e-05,517,1851.44238393,-10879.6,0.000477789,5.18896e-09,1851.44238393
-66.7117334469,100,0.131082,50000,3.00175,0.4,,-81.0917,-66.7117334469,1,97.65625,inf,1.08507e-05,0.984761,290.049,-66.7117334469,1.59146e-11,4.18480828523,3.30751e-05,512,2005.26007567,-11020.1,4.09408e-05,4.5111e-10,2005.26007567
-59.9544769383,100,7.01328,50000,179.828,0.4,nan,-60.3866,-59.9544769383,1,88.1834215168,nan,9.79816e-06,1.30134,476.624,-59.9544769383,3.97581e-10,8.62968852316,0.00135397,567,130.541165304,-9502.84,2.1593e-11,1.62579e-16,130.541165304
-65.4220864396,100,0.122138,50000,3.79787,0.4,,-79.4651,-65.4220864396,1,94.1619585687,inf,1.04624e-05,0.949969,305.383,-65.4220864396,1.48148e-11,4.69884892152,4.18276e-05,531,2268.23711173,-10779.9,3.35729e-05,3.69754e-10,2268.23711173
-60.0649117223,100,inf,50000,1.05869e+24,0.4,nan,-48.0816,-60.0649117223,1,88.1834215168,nan,9.79816e-06,1.06603e+20,268.549,-60.0649117223,9.28355e-07,9.99253031943,0.0973067,567,133.302025051,-5852.97,,,133.302025051
-59.5683527256,100,0.220635,50000,4.47783,0.4,,-70.6585,-59.5683527256,1,87.260034904,inf,9.69556e-06,1.03741,187.677,-59.5683527256,1.92717e-11,3.99675776144,4.18495e-05,573,221.627233056,-10193.5,0.0117291,1.0962e-07,221.627233056
-62.7587121669,100,0.227809,50000,3.70934,0.4,,-70.4816,-62.7587121669,1,91.5750915751,inf,1.0175e-05,1.01134,202.333,-62.7587121669,2.30592e-11,4.73098432487,3.73193e-05,546,769.826032699,-10524.9,0.00108401,1.09061e-08,769.826032699
-61.9944925617,100,0.139429,50000,3.97037,0.4,,-78.4201,-61.9944925617,1,91.2408759124,inf,1.01379e-05,1.01515,249.079,-61.9944925617,1.39055e-11,4.11673122564,3.96504e-05,548,446.799382159,-10645.0,0.0201192,2.00921e-07,446.799382159
-60.1013079559,100,1.70254,50000,27.1968,0.4,nan,-59.9347,-60.1013079559,1,88.1834215168,nan,9.79816e-06,1.2112,168.89,-60.1013079559,1.11418e-10,6.15797013884,0.000220013,567,100.972119975,-10106.9,1.01215e-08,8.18796e-14,100.972119975
-59.8595256261,100,4.00144,50000,82.7147,0.4,nan,-57.9835,-59.8595256261,1,88.0281690141,nan,9.78091e-06,1.3914,266.424,-59.8595256261,1.97729e-10,11.2409578809,0.000581446,568,62.5586943925,-9994.32,1.45648e-16,1.02384e-21,62.5586943925
-63.6166525371,100,0.293621,50000,6.40495,0.4,,-72.7645,-63.6166525371,1,93.1098696462,inf,1.03455e-05,1.02939,371.37,-63.6166525371,2.96572e-11,3.88738750475,6.43706e-05,537,1549.92445104,-10285.1,3.30916e-06,3.32575e-11,1549.92445104
-63.1033180646,100,0.107876,50000,4.3746,0.4,,-79.0126,-63.1033180646,1,91.0746812386,inf,1.01194e-05,0.996959,284.1,-63.1033180646,1.11143e-11,4.47812826823,4.44034e-05,549,1069.87313942,-10670.1,0.00167057,1.69567e-08,1069.87313942
-58.8351110961,100,2.82812,50000,39.2467,0.4,nan,-57.6349,-58.8351110961,1,86.5051903114,nan,9.61169e-06,1.29703,179.714,-58.8351110961,1.55309e-10,6.23292041968,0.000290839,578,62.1048808832,-9847.17,2.12198e-10,1.5725e-15,62.1048808832
-58.6348242571,100,1.84409e+21,50000,3.57286e+12,0.4,nan,-44.5758,-58.6348242571,1,86.5051903114,nan,9.61169e-06,6.26563e+08,241.629,-58.6348242571,4.33961e-07,6.65215439714,0.0548089,578,84.963400369,-6633.35,,,84.963400369
-60.8201772788,100,0.18523,50000,5.54518,0.4,,-70.4781,-60.8201772788,1,88.6524822695,inf,9.85028e-06,1.02275,188.338,-60.8201772788,1.71816e-11,5.32732333632,5.34063e-05,564,421.277196539,-10339.1,0.000657672,6.33412e-09,421.277196539
-60.5378077787,100,0.241508,50000,5.90844,0.4,,-73.3471,-60.5378077787,1,89.4454382826,inf,9.93838e-06,1.05507,243.269,-60.5378077787,2.14288e-11,4.24867175062,5.56553e-05,559,290.368533929,-10289.5,0.0135382,1.27524e-07,290.368533929
-59.144508714,100,1.44518,50000,19.5502,0.4,nan,-61.4898,-59.144508714,1,86.5051903114,nan,9.61169e-06,1.14848,309.763,-59.144508714,1.01221e-10,6.42779374207,0.000163616,578,118.241016395,-9797.8,5.75498e-11,4.81636e-16,118.241016395
-59.3210690119,100,1.96951,50000,20.4046,0.4,nan,-60.7353,-59.3210690119,1,88.0281690141,nan,9.78091e-06,1.14117,527.867,-59.3210690119,1.44683e-10,3.93026436915,0.000174888,568,354.75508186,-9405.75,5.93175e-16,5.08409e-21,354.75508186
-64.8532953905,100,0.125985,50000,3.25559,0.4,,-75.5384,-64.8532953905,1,95.2380952381,inf,1.0582e-05,0.963362,210.076,-64.8532953905,1.52012e-11,3.65780690507,3.57609e-05,525,544.964392863,-10970.7,0.000579982,6.3708e-09,544.964392863
-58.2111913544,100,3.64971,50000,39.3883,0.4,nan,-56.8062,-58.2111913544,1,85.4700854701,nan,9.49668e-06,1.3862,171.667,-58.2111913544,1.71296e-10,6.92477889805,0.000269844,585,64.6841595339,-9719.04,5.85287e-06,4.00972e-11,64.6841595339
-64.9321567835,100,0.21367,50000,4.88942,0.4,nan,-76.398,-64.9321567835,1,94.5179584121,nan,1.0502e-05,1.00909,382.982,-64.9321567835,2.31433e-11,5.49128472114,5.0886e-05,529,1944.45774688,-10562.7,2.1413e-06,2.22854e-11,1944.45774688
-59.5508138967,100,0.190742,50000,4.72365,0.4,,-73.8944,-59.5508138967,1,87.7192982456,inf,9.74659e-06,1.05615,218.898,-59.5508138967,1.62441e-11,4.82142406434,4.35916e-05,570,253.457010253,-10229.0,0.0256865,2.37045e-07,253.457010253
-74.8049913671,100,0.269738,50000,4.68447,0.4,nan,-80.6624,-74.8049913671,1,105.93220339,nan,1.17702e-05,1.0064,588.012,-74.8049913671,3.68954e-11,3.79897951733,5.47867e-05,472,5256.1637525,-11272.6,4.63627e-07,5.42231e-12,5256.1637525
-58.1112339694,100,2.37328e+15,50000,4.96605e+09,0.4,nan,-46.972,-58.1112339694,1,85.3242320819,nan,9.48047e-06,584590.0,282.882,-58.1112339694,6.24176e-07,9.85016186154,0.0805359,586,81.9388108876,-6470.94,,,81.9388108876
-59.880892389,100,4.36934,50000,27.1007,0.4,nan,-58.829,-59.880892389,1,88.1834215168,nan,9.79816e-06,1.32739,343.976,-59.880892389,2.38072e-10,2.90984642981,0.000200044,567,84.7237067046,-9777.79,6.69282e-12,4.94031e-17,84.7237067046
-58.8145409688,100,6.52775,50000,29.8558,0.4,nan,-57.4658,-58.8145409688,1,86.6551126516,nan,9.62834e-06,1.53463,136.365,-58.8145409688,2.56957e-10,5.20859555223,0.000187317,577,53.0729440218,-9815.12,3.42272e-06,2.14743e-11,53.0729440218
-62.624754242,100,0.120894,50000,3.62958,0.4,,-74.5303,-62.624754242,1,91.5750915751,inf,1.0175e-05,1.00273,276.427,-62.624754242,1.24482e-11,3.78932658259,3.68305e-05,546,1555.10895317,-10481.8,0.00065192,6.61525e-09,1555.10895317
-67.2030083356,100,0.125228,50000,3.87462,0.4,,-81.3544,-67.2030083356,1,96.3391136802,inf,1.07043e-05,0.966157,330.737,-67.2030083356,1.53719e-11,4.63886280123,4.2928e-05,519,2389.68475268,-11055.8,4.35886e-06,4.82931e-11,2389.68475268
-61.1896257315,100,1474.35,50000,1880.35,0.4,nan,-58.0015,-61.1896257315,1,89.7666068223,nan,9.97407e-06,3.0309,490.907,-61.1896257315,1.59662e-08,2.73780634525,0.00618785,557,117.581784901,-8980.09,,,117.581784901
-61.9313352124,100,0.287554,50000,6.44869,0.4,,-71.4667,-61.9313352124,1,90.2527075812,inf,1.00281e-05,1.04286,371.492,-61.9313352124,2.65892e-11,6.04744835373,6.20103e-05,554,1586.35549711,-10060.7,1.79538e-05,1.72643e-10,1586.35549711
-59.6923599339,100,368727.0,50000,41472.2,0.4,nan,-50.1153,-59.6923599339,1,88.0281690141,nan,9.78091e-06,33.1028,372.816,-59.6923599339,3.2191e-08,4.63822171396,0.0122538,568,118.924487966,-7549.89,,,118.924487966
-57.8067134357,100,13.9872,50000,165.402,0.4,nan,-54.8282,-57.8067134357,1,84.7457627119,nan,9.4162e-06,1.49438,385.44,-57.8067134357,5.55342e-10,3.65250081272,0.00104221,590,64.4252810308,-9258.85,,,64.4252810308
-59.0434834577,100,3.64021,50000,35.4335,0.4,nan,-58.8938,-59.0434834577,1,86.6551126516,nan,9.62834e-06,1.42722,82.2644,-59.0434834577,1.65672e-10,6.7931442876,0.000239043,577,50.1675925424,-9995.68,3.08244e-06,2.07949e-11,50.1675925424
-59.1058029325,100,2.0789,50000,24.4782,0.4,nan,-58.7486,-59.1058029325,1,86.3557858377,nan,9.59509e-06,1.25483,148.932,-59.1058029325,1.21553e-10,5.48862131348,0.000187174,579,68.0227824676,-9952.57,2.69092e-13,2.05763e-18,68.0227824676
-59.7578184235,100,4.10557,50000,76.1667,0.4,nan,-58.596,-59.7578184235,1,88.1834215168,nan,9.79816e-06,1.42802,197.43,-59.7578184235,1.93284e-10,6.89695265028,0.000522609,567,59.734993927,-10042.9,1.12839e-06,7.74233e-12,59.734993927
-62.7355969491,100,0.146173,50000,4.16857,0.4,,-78.7423,-62.7355969491,1,92.0810313076,inf,1.02312e-05,1.00917,279.444,-62.7355969491,1.50244e-11,4.05877107582,4.22622e-05,543,576.522618227,-10583.2,0.00146461,1.48486e-08,576.522618227
-65.1983746211,100,0.197216,50000,4.39259,0.4,nan,-75.7466,-65.1983746211,1,96.1538461538,nan,1.06838e-05,1.01272,332.286,-65.1983746211,2.19489e-11,5.33451777635,4.63401e-05,520,1712.86371803,-10715.6,0.000294244,3.10416e-09,1712.86371803
-59.6592576042,100,5.65817,50000,29.3467,0.4,nan,-58.0193,-59.6592576042,1,88.0281690141,nan,9.78091e-06,1.47369,139.528,-59.6592576042,2.49241e-10,5.50818070921,0.000194774,568,55.0108472635,-9969.88,3.09962e-19,2.05722e-24,55.0108472635
-60.7350397077,100,20027.5,50000,6565.88,0.4,nan,-55.971,-60.7350397077,1,89.605734767,nan,9.95619e-06,7.57486,387.436,-60.7350397077,3.4599e-08,2.19621949037,0.00863002,558,81.281910061,-8921.82,,,81.281910061
-59.7376826595,100,9.19519,50000,162.274,0.4,nan,-57.5575,-59.7376826595,1,88.0281690141,nan,9.78091e-06,1.50335,512.919,-59.7376826595,3.89222e-10,6.39237358571,0.00105577,568,44.2050731357,-9956.38,1.33981e-07,8.71688e-13,44.2050731357
-57.9778748007,100,9.62499,50000,42.5828,0.4,nan,-55.4895,-57.9778748007,1,85.1788756388,nan,9.46432e-06,1.55333,222.002,-57.9778748007,3.57316e-10,3.73669043415,0.000259454,587,64.7189906588,-9456.9,,,64.7189906588
-58.6524372788,100,3.0056e+09,50000,5.57606e+06,0.4,nan,-51.0813,-58.6524372788,1,86.6551126516,nan,9.62835e-06,647.863,343.282,-58.6524372788,6.63847e-07,9.95969532787,0.0828697,577,97.9162549786,-7226.67,,,97.9162549786
-61.1083338495,100,0.30111,50000,9.37606,0.4,,-66.7019,-61.1083338495,1,89.928057554,inf,9.99201e-06,1.04702,205.211,-61.1083338495,2.74236e-11,4.81224933735,8.94787e-05,556,441.430263108,-10329.7,0.00028104,2.68205e-09,441.430263108
-57.2574959531,100,3.1888,50000,20.4162,0.4,nan,-56.8022,-57.2574959531,1,83.7520938023,nan,9.30579e-06,1.36721,133.322,-57.2574959531,1.47728e-10,5.43910207965,0.000138961,597,43.5064604677,-9692.28,1.32299e-06,9.0048e-12,43.5064604677
-57.1311182903,100,1.18616e+22,50000,1.12039e+13,0.4,nan,-35.2771,-57.1311182903,1,83.7520938023,nan,9.30579e-06,1.23701e+09,232.952,-57.1311182903,6.71279e-07,9.84689168827,0.0842851,597,94.8565114493,-5740.53,,,94.8565114493
-59.859932236,100,2.07604,50000,16.2181,0.4,nan,-59.6646,-59.859932236,1,87.8734622144,nan,9.76372e-06,1.26383,119.601,-59.859932236,1.23904e-10,7.60920371475,0.000125292,569,77.416087243,-10080.8,2.39022e-08,1.84656e-13,77.416087243
-59.9289309349,100,332341.0,50000,33152.0,0.4,nan,-54.8701,-59.9289309349,1,88.1834215168,nan,9.79816e-06,31.3614,405.725,-59.9289309349,3.244e-08,3.24328138375,0.0103576,567,124.988136294,-6815.02,,,124.988136294
-62.1564118017,100,1.18544,50000,10.7903,0.4,nan,-61.5312,-62.1564118017,1,91.0746812386,nan,1.01194e-05,1.15865,156.618,-62.1564118017,9.04235e-11,5.89347552366,9.42398e-05,549,234.519484565,-10243.0,2.18306e-18,1.90664e-23,234.519484565
-58.9322080636,100,3.13063,50000,12.581,0.4,nan,-58.2028,-58.9322080636,1,86.5051903114,nan,9.61169e-06,1.41667,81.6108,-58.9322080636,1.44109e-10,6.38073067305,8.53583e-05,578,53.9514451828,-9996.27,1.3452e-09,9.12675e-15,53.9514451828
-58.0015845001,100,2.61068e+19,50000,5.11877e+11,0.4,nan,-40.0444,-58.0015845001,1,85.3242320819,nan,9.48047e-06,6.76921e+07,228.061,-58.0015845001,5.1208e-07,9.51335789693,0.0716897,586,91.7448596382,-6274.82,,,91.7448596382
-57.128220482,100,2.78086e+27,50000,5.47541e+15,0.4,nan,nan,-57.128220482,1,83.4724540902,nan,9.27472e-06,5.15368e+11,nan,-57.128220482,9.00629e-07,9.99809499078,0.0985371,599,102.18616864,nan,,,102.18616864
-61.0403256008,100,0.948869,50000,12.2764,0.4,nan,-62.4923,-61.0403256008,1,89.605734767,nan,9.95619e-06,1.11125,124.647,-61.0403256008,7.61669e-11,5.19968246256,0.000109989,558,140.158252686,-10274.9,9.63591e-05,8.63322e-10,140.158252686
-57.8439941791,100,5.16844,50000,55.3949,0.4,nan,-55.9261,-57.8439941791,1,84.7457627119,nan,9.41619e-06,1.34867,312.784,-57.8439941791,2.51941e-10,3.48479394488,0.000386759,590,66.6059356445,-9496.73,1.25327e-06,8.75015e-12,66.6059356445
-59.4577456863,100,0.0481478,50000,2.17514,0.4,,-77.0226,-59.4577456863,1,86.8055555556,inf,9.64506e-06,0.972661,152.525,-59.4577456863,4.73438e-12,4.27617183918,2.1569e-05,576,222.18932979,-10486.5,0.0110836,1.09907e-07,222.18932979
-59.1792253608,100,1.6883,50000,26.9405,0.4,nan,-60.3515,-59.1792253608,1,86.8055555556,nan,9.64506e-06,1.17134,286.685,-59.1792253608,1.1447e-10,5.81795588097,0.000221834,576,99.9192466569,-9891.27,2.773e-05,2.28334e-10,99.9192466569
-57.607200871,100,7669.48,50000,6309.34,0.4,nan,-52.3886,-57.607200871,1,84.7457627119,nan,9.41619e-06,5.36056,350.194,-57.607200871,2.36644e-08,6.57639148084,0.0110828,590,62.6627581352,-8653.92,,,62.6627581352
-57.3267257534,100,2.82738,50000,58.3184,0.4,nan,-56.2172,-57.3267257534,1,83.6120401338,nan,9.29023e-06,1.26559,226.071,-57.3267257534,1.52353e-10,4.93784490624,0.000428094,598,55.3763400375,-9647.84,1.43803e-13,1.0556e-18,55.3763400375
