MaxVanillaIw,VarRet,MinNormIw,BatchSize,VarJ,VarNormIw,Bound,J,EpsThisIter,VarVanillaIw,ESSRenyi,MaxNormIw,ESSClassic,AvgVanillaIw,MinVanillaIw,AvgDiscRet,VanillaAvgRet,eRenyi2,AvgRet,AvgEpLen,AvgNormIw,IterType,VarDiscRet
54.746616,20669.342025623653,6.2303225e-11,100,1445.0051,0.001956451,285.17017,527.8018,100,34.291676,8.89185573528494,0.41352084,4.909454605773887,1.3239143,8.2484135e-09,113.94176401086446,113.94176401086446,11.246246,113.94176401086446,12.4,0.01,1,20669.342025623653
76.08485,719683.1322812043,4.092109e-27,100,3341.737,0.003818163,2689.7192,4524.545,100,82.729,5.259964364255101,0.5168881,2.5773315125153973,1.471979,6.023499e-25,417.6800201448241,417.6800201448241,19.011536,417.6800201448241,42.75,0.009999997,1,719683.1322812043
1.6601647e+24,719683.1322812043,7.884932e-27,200,66.93935,0.0099189645,-inf,1385.0986,100,inf,nan,0.99597245,,1.6668781e+22,0.013143222,1643.2475098264085,417.6800201448241,nan,417.6800201448241,42.75,0.01,,3108018.2995407456
158.28517,614365.9693335387,3.404642e-30,200,5911.7095,0.0014286855,2475.512,4266.299,100,169.39775,5.521849932631468,0.45967907,3.4565191827969493,1.7216922,1.1723492e-27,452.76953040959813,452.76953040959813,36.219746,452.76953040959813,46.275,0.005000001,1,614365.9693335387
1.0,2886473.645126818,0.01,200,1690.4463,3.5044917e-18,1544.6506,1965.4613,100,,200.0,0.01,100.0,1.0,1.0,1965.4613265068506,1965.4613265068506,1.0,1965.4613265068506,197.38,0.009999998,2,2886473.645126818
8.529882e+26,614365.9693335387,5.3111325e-30,300,18541.707,0.0029610617,-inf,1722.6267,100,inf,11843295140.142242,0.7170846,,5.9476125e+24,0.0063177114,1859.925985977975,452.76953040959813,2.5330788e-08,452.76953040959813,46.275,0.005,,2919204.2720520245
176.25809,510371.2357649533,3.6303e-37,300,7404.0664,0.0008941777,2504.3843,4222.3022,100,144.7475,6.000225685978942,0.43808204,3.6942289568145834,1.3411345,1.4606162e-34,429.0032349434666,429.0032349434666,49.99812,429.0032349434666,43.903333333333336,0.0033333336,1,510371.2357649533
1.0,4168001.7193160756,0.01,300,2031.3351,3.5044917e-18,1801.1777,2221.988,100,,300.0,0.01,100.0,1.0,1.0,2221.9880095541484,2221.9880095541484,1.0,2221.9880095541484,222.91,0.009999998,2,4168001.7193160756
1.0,3828156.4727427983,0.005,300,1951.6699,2.179301e-19,1830.3724,2127.9304,100,,300.0,0.005,200.00000010221265,1.0,1.0,2127.9305053344633,2127.9305053344633,1.0,2127.9305053344633,213.535,0.0049999994,2,3828156.4727427983
6.846425e+33,510371.2357649533,6.1270585e-37,400,6939.7573,0.0020443737,-inf,742.91833,100,inf,5043334456.654348,0.73937535,,3.0865806e+31,0.005673498,2171.8742276836892,429.0032349434666,7.9312606e-08,429.0032349434666,43.903333333333336,0.0033333334,,3802528.025186918
142.61829,565046.6665006303,,400,6760.2764,0.0004549934,2670.037,4256.1855,100,105.308876,7.038576389499541,0.2964458,5.433531458028969,1.202735,,427.19859633962733,427.19859633962733,56.829674,427.19859633962733,43.72,0.0025000004,1,565046.6665006303
1.0,3705822.150402726,0.01,400,1915.4017,3.5044917e-18,1813.3479,2234.1584,100,,400.0,0.01,100.0,1.0,1.0,2234.1586018844164,2234.1586018844164,1.0,2234.1586018844164,224.17,0.009999998,2,3705822.150402726
1.0,3756810.1758538885,0.005,400,1933.3975,2.179301e-19,1871.9293,2169.4873,100,,400.0,0.005,200.00000010221265,1.0,1.0,2169.4873132951657,2169.4873132951657,1.0,2169.4873132951657,217.71,0.0049999994,2,3756810.1758538885
1.0,3810727.726738209,0.0033333334,400,1948.8523,5.4391416e-20,2019.2407,2262.1958,100,,400.0,0.0033333334,299.999969473632,1.0,1.0,2262.195725726489,2262.195725726489,1.0,2262.195725726489,226.96666666666667,0.0033333336,2,3810727.726738209
inf,565046.6665006303,nan,500,nan,nan,nan,nan,100,nan,233002667.53466925,nan,nan,inf,0.0070117237,2243.431448751244,427.19859633962733,2.1458982e-06,427.19859633962733,43.72,nan,,3727752.6447981894
244.22322,556470.436452797,,500,7156.7783,0.0006391954,2874.4922,4460.632,100,132.21008,7.0386533076601205,0.5369966,3.1156678051952342,0.90958947,,423.3503518157892,423.3503518157892,71.036316,423.3503518157892,43.334,0.0019999999,1,556470.436452797
1.0,3037042.6607923554,0.01,500,1733.9758,3.5044917e-18,1949.3542,2370.1648,100,,500.0,0.01,100.0,1.0,1.0,2370.164799291902,2370.164799291902,1.0,2370.164799291902,237.82,0.009999998,2,3037042.6607923554
1.0,3017324.4273893847,0.005,500,1732.6967,2.179301e-19,1942.004,2239.562,100,,500.0,0.005,200.00000010221265,1.0,1.0,2239.5621327502213,2239.5621327502213,1.0,2239.5621327502213,224.77,0.0049999994,2,3017324.4273893847
1.0,2981388.669052572,0.0033333334,500,1723.7897,5.4391416e-20,1949.0525,2192.0076,100,,500.0,0.0033333334,299.999969473632,1.0,1.0,2192.007477951928,2192.007477951928,1.0,2192.007477951928,220.03,0.0033333336,2,2981388.669052572
1.0,2998324.6426557656,0.0025,500,1729.4014,5.434597e-20,1973.7969,2184.2021,100,,500.0,0.0025,400.0,1.0,1.0,2184.20205811149,2184.20205811149,1.0,2184.20205811149,219.24,0.0024999997,2,2998324.6426557656
25.918468,2976938.5932993772,,500,1014.18195,4.047403e-05,4169.14,4805.3896,100,7.027557,43.74401613968369,0.062200718,45.05206716302126,0.83338165,,2171.6032020313633,2171.6032020313633,11.430135,2171.6032020313633,217.982,0.002,1,2976938.5932993772
1.0,414704.12741456524,0.01,500,640.7473,3.5044917e-18,4425.378,4846.1885,100,,500.0,0.01,100.0,1.0,1.0,4846.189205584469,4846.189205584469,1.0,4846.189205584469,484.72,0.009999998,2,414704.12741456524
1.0,284755.1764427629,0.005,500,532.2888,2.179301e-19,4603.784,4901.3423,100,,500.0,0.005,200.00000010221265,1.0,1.0,4901.34219998242,4901.34219998242,1.0,4901.34219998242,490.21,0.0049999994,2,284755.1764427629
1.0,243546.06577783474,0.0033333334,500,492.6807,5.4391416e-20,4668.4443,4911.3994,100,,500.0,0.0033333334,299.999969473632,1.0,1.0,4911.399350565935,4911.399350565935,1.0,4911.399350565935,491.2033333333333,0.0033333336,2,243546.06577783474
1.0,367729.40519762173,0.0025,500,605.64844,5.434597e-20,4668.1377,4878.543,100,,500.0,0.0025,400.0,1.0,1.0,4878.542515748996,4878.542515748996,1.0,4878.542515748996,487.925,0.0024999997,2,367729.40519762173
2.0585017,324728.6509097154,1.0409276e-06,500,220.79593,1.0782234e-06,4761.0557,4972.944,100,0.26927763,394.42025130666923,0.00411913,394.005850922094,0.9994838,0.0005201952,4888.986892919032,4888.986892919032,1.2676834,4888.986892919032,488.968,0.0019999999,1,324728.6509097154
1.0,202208.95335032482,0.01,500,447.42245,3.5044917e-18,4517.3843,4938.195,100,,500.0,0.01,100.0,1.0,1.0,4938.194395308367,4938.194395308367,1.0,4938.194395308367,493.85,0.009999998,2,202208.95335032482
1.0,108179.49228414032,0.005,500,328.08322,2.179301e-19,4665.5747,4963.133,100,,500.0,0.005,200.00000010221265,1.0,1.0,4963.132667045495,4963.132667045495,1.0,4963.132667045495,496.34,0.0049999994,2,108179.49228414032
1.0,153879.83742588307,0.0033333334,500,391.62085,5.4391416e-20,4705.8604,4948.8154,100,,500.0,0.0033333334,299.999969473632,1.0,1.0,4948.815234651033,4948.815234651033,1.0,4948.815234651033,494.91333333333336,0.0033333336,2,153879.83742588307
1.0,115804.16987119424,0.0025,500,339.87445,5.434597e-20,4751.1836,4961.589,100,,500.0,0.0025,400.0,1.0,1.0,4961.588614895882,4961.588614895882,1.0,4961.588614895882,496.185,0.0024999997,2,115804.16987119424
1.5042286,99377.06752295369,0.00034744246,500,120.91131,3.417885e-07,4791.2617,4986.836,100,0.08206537,462.96815696507406,0.0030698178,460.71220142747734,0.98001164,0.17024884,4965.565053528104,4965.565053528104,1.0799879,4965.565053528104,496.582,0.002,1,99377.06752295369
1.0,0.005143306317968909,0.01,500,0.07136471,3.5044917e-18,4579.113,4999.9233,100,,500.0,0.01,100.0,1.0,1.0,4999.923281370424,4999.923281370424,1.0,4999.923281370424,500.0,0.009999998,2,0.005143306317968909
1.0,30068.039448872372,0.005,500,172.96736,2.179301e-19,4690.098,4987.6562,100,,500.0,0.005,200.00000010221265,1.0,1.0,4987.65611385668,4987.65611385668,1.0,4987.65611385668,498.78,0.0049999994,2,30068.039448872372
1.0,20086.847334694296,0.0033333334,500,141.49168,5.4391416e-20,4748.3916,4991.3467,100,,500.0,0.0033333334,299.999969473632,1.0,1.0,4991.346409343527,4991.346409343527,1.0,4991.346409343527,499.15,0.0033333336,2,20086.847334694296
1.0,46121.38237877514,0.0025,500,214.49026,5.434597e-20,4774.257,4984.662,100,,500.0,0.0025,400.0,1.0,1.0,4984.66241894282,4984.66241894282,1.0,4984.66241894282,498.4825,0.0024999997,2,46121.38237877514
1.357022,83146.5621786071,0.00043780284,500,92.39664,1.9747932e-07,4800.166,4992.933,100,0.04966468,476.54828621501633,0.0027059757,476.52137656972764,1.0029817,0.21955411,4978.07037468117,4978.07037468117,1.0492116,4978.07037468117,497.824,0.0019999999,1,83146.5621786071
1.0,74323.1552600135,0.01,500,271.2562,3.5044917e-18,4539.365,4960.176,100,,500.0,0.01,100.0,1.0,1.0,4960.175492293267,4960.175492293267,1.0,4960.175492293267,496.06,0.009999998,2,74323.1552600135
1.0,37371.13507468652,0.005,500,192.83228,2.179301e-19,4682.473,4980.0312,100,,500.0,0.005,200.00000010221265,1.0,1.0,4980.031410242177,4980.031410242177,1.0,4980.031410242177,498.03,0.0049999994,2,37371.13507468652
1.0,48133.0324044958,0.0033333334,500,219.02646,5.4391416e-20,4734.876,4977.831,100,,500.0,0.0033333334,299.999969473632,1.0,1.0,4977.831502626535,4977.831502626535,1.0,4977.831502626535,497.8066666666667,0.0033333336,2,48133.0324044958
1.0,36161.34408864139,0.0025,500,189.92351,5.434597e-20,4772.948,4983.3535,100,,500.0,0.0025,400.0,1.0,1.0,4983.354115779403,4983.354115779403,1.0,4983.354115779403,498.355,0.0024999997,2,36161.34408864139
1.2684377,28958.618245660884,0.00058268796,500,71.04354,1.1484244e-07,4803.512,4994.4087,100,0.029026698,485.933792438357,0.002523025,486.0725196017423,1.0054896,0.29294336,4986.668767569781,4986.668767569781,1.0289468,4986.668767569781,498.684,0.002,1,28958.618245660884
1.0,0.005052404912797252,0.01,500,0.07069711,3.5044917e-18,4579.125,4999.9355,100,,500.0,0.01,100.0,1.0,1.0,4999.9354806912115,4999.9354806912115,1.0,4999.9354806912115,500.0,0.009999998,2,0.005052404912797252
1.0,0.004356497265514748,0.005,500,0.0658232,2.179301e-19,4702.3774,4999.9355,100,,500.0,0.005,200.00000010221265,1.0,1.0,4999.935387314144,4999.935387314144,1.0,4999.935387314144,500.0,0.0049999994,2,0.004356497265514748
1.0,0.0056382897826402125,0.0033333334,500,0.07496169,5.4391416e-20,4756.9766,4999.9316,100,,500.0,0.0033333334,299.999969473632,1.0,1.0,4999.931596805475,4999.931596805475,1.0,4999.931596805475,500.0,0.0033333336,2,0.0056382897826402125
1.0,0.007087201362185774,0.0025,500,0.084085256,5.434597e-20,4789.5205,4999.926,100,,500.0,0.0025,400.0,1.0,1.0,4999.926176319538,4999.926176319538,1.0,4999.926176319538,500.0,0.0024999997,2,0.007087201362185774
1.0,0.006884354344734896,0.002,500,0.08289328,5.431875e-20,4811.735,4999.9272,100,,500.0,0.002,500.00000664260017,1.0,1.0,4999.926930924759,4999.926930924759,1.0,4999.926930924759,500.0,0.0020000003,1,0.006884354344734896
1.0,0.18690187346137874,0.01,500,0.43013018,3.5044917e-18,4579.076,4999.8867,100,,500.0,0.01,100.0,1.0,1.0,4999.887106826118,4999.887106826118,1.0,4999.887106826118,500.0,0.009999998,2,0.18690187346137874
1.0,0.09565019190313648,0.005,500,0.30848178,2.179301e-19,4702.348,4999.9062,100,,500.0,0.005,200.00000010221265,1.0,1.0,4999.906215084215,4999.906215084215,1.0,4999.906215084215,500.0,0.0049999994,2,0.09565019190313648
1.0,6165.037695357957,0.0033333334,500,78.38677,5.4391416e-20,4752.426,4995.381,100,,500.0,0.0033333334,299.999969473632,1.0,1.0,4995.380643234542,4995.380643234542,1.0,4995.380643234542,499.55,0.0033333336,2,6165.037695357957
1.0,4623.801901250266,0.0025,500,67.91348,5.434597e-20,4786.112,4996.517,100,,500.0,0.0025,400.0,1.0,1.0,4996.517236793248,4996.517236793248,1.0,4996.517236793248,499.6625,0.0024999997,2,4623.801901250266
1.1028022,3699.0561912565277,0.0013255193,500,40.296272,1.8387388e-08,4809.532,4998.116,100,0.0045959097,497.9234511832957,0.0022058291,497.71666074616803,0.9998981,0.66269207,4997.19962003972,4997.19962003972,1.0041704,4997.19962003972,499.73,0.002,1,3699.0561912565277
1.0,0.0053619873261405914,0.01,500,0.07286769,3.5044917e-18,4579.1133,4999.924,100,,500.0,0.01,100.0,1.0,1.0,4999.923760160171,4999.923760160171,1.0,4999.923760160171,500.0,0.009999998,2,0.0053619873261405914
1.0,0.005839605213689767,0.005,500,0.07622984,2.179301e-19,4702.3667,4999.925,100,,500.0,0.005,200.00000010221265,1.0,1.0,4999.924710550079,4999.924710550079,1.0,4999.924710550079,500.0,0.0049999994,2,0.005839605213689767
1.0,0.006368376658788659,0.0033333334,500,0.07967307,5.4391416e-20,4756.9683,4999.9233,100,,500.0,0.0033333334,299.999969473632,1.0,1.0,4999.923064387116,4999.923064387116,1.0,4999.923064387116,500.0,0.0033333336,2,0.006368376658788659
1.0,7055.855584821692,0.0025,500,83.89407,5.434597e-20,4785.3184,4995.7236,100,,500.0,0.0025,400.0,1.0,1.0,4995.723728848438,4995.723728848438,1.0,4995.723728848438,499.5825,0.0024999997,2,7055.855584821692
1.0997088,5644.702788876504,0.000927603,500,34.84887,3.41638e-08,4809.4736,4998.369,100,0.008534242,496.2837031960531,0.0022002817,495.7740190695425,0.9996073,0.46361935,4996.5663066055395,4996.5663066055395,1.0074883,4996.5663066055395,499.666,0.002,1,5644.702788876504
1.0,0.007831259013840509,0.01,500,0.08803216,3.5044917e-18,4579.117,4999.9277,100,,500.0,0.01,100.0,1.0,1.0,4999.927799326779,4999.927799326779,1.0,4999.927799326779,500.0,0.009999998,2,0.007831259013840509
1.0,392.0092525938336,0.005,500,19.749676,2.179301e-19,4700.9663,4998.5244,100,,500.0,0.005,200.00000010221265,1.0,1.0,4998.524385140362,4998.524385140362,1.0,4998.524385140362,499.865,0.0049999994,2,392.0092525938336
1.0,261.34678207453936,0.0033333334,500,16.139269,5.4391416e-20,4756.039,4998.994,100,,500.0,0.0033333334,299.999969473632,1.0,1.0,4998.994137131213,4998.994137131213,1.0,4998.994137131213,499.91,0.0033333336,2,261.34678207453936
1.0,26278.161808728873,0.0025,500,161.90265,5.434597e-20,4780.74,4991.1455,100,,500.0,0.0025,400.0,1.0,1.0,4991.145352922873,4991.145352922873,1.0,4991.145352922873,499.1275,0.0024999997,2,26278.161808728873
1.1440217,21024.3438502631,0.0006363958,500,47.03014,6.886557e-08,4807.825,4997.4272,100,0.016884638,492.5927361343551,0.002310412,491.5542120465289,0.99031836,0.31511724,4992.900387626082,4992.900387626082,1.0150373,4992.900387626082,499.302,0.002,1,21024.3438502631
1.0,0.0030339267904506387,0.01,500,0.054828856,3.5044917e-18,4579.13,4999.9404,100,,500.0,0.01,100.0,1.0,1.0,4999.941104972201,4999.941104972201,1.0,4999.941104972201,500.0,0.009999998,2,0.0030339267904506387
1.0,0.004982231877242048,0.005,500,0.07040738,2.179301e-19,4702.3774,4999.9355,100,,500.0,0.005,200.00000010221265,1.0,1.0,4999.935866619703,4999.935866619703,1.0,4999.935866619703,500.0,0.0049999994,2,0.004982231877242048
1.0,0.004952190751808371,0.0033333334,500,0.07025059,5.4391416e-20,4756.979,4999.934,100,,500.0,0.0033333334,299.999969473632,1.0,1.0,4999.933869423986,4999.933869423986,1.0,4999.933869423986,500.0,0.0033333336,2,0.004952190751808371
1.0,0.005857928554651846,0.0025,500,0.07644537,5.434597e-20,4789.5283,4999.9336,100,,500.0,0.0025,400.0,1.0,1.0,4999.933492162807,4999.933492162807,1.0,4999.933492162807,500.0,0.0024999997,2,0.005857928554651846
1.0558499,499.6840793214124,0.0015715096,500,17.60132,6.6418337e-09,4810.696,4998.996,100,0.0016417425,499.42559502830113,0.0021237023,499.17281214266853,0.9943483,0.78131396,4998.75251475358,4998.75251475358,1.0011501,4998.75251475358,499.886,0.002,1,499.6840793214124
1.0,2115.8837389412156,0.01,500,45.768173,3.5044917e-18,4574.5117,4995.3223,100,,500.0,0.01,100.0,1.0,1.0,4995.322609127981,4995.322609127981,1.0,4995.322609127981,499.55,0.009999998,2,2115.8837389412156
1.0,26997.908525484137,0.005,500,163.89908,2.179301e-19,4688.6587,4986.217,100,,500.0,0.005,200.00000010221265,1.0,1.0,4986.216583613114,4986.216583613114,1.0,4986.216583613114,498.64,0.0049999994,2,26997.908525484137
1.0,18010.387154337248,0.0033333334,500,133.97893,5.4391416e-20,4747.83,4990.785,100,,500.0,0.0033333334,299.999969473632,1.0,1.0,4990.784831934103,4990.784831934103,1.0,4990.784831934103,499.0933333333333,0.0033333336,2,18010.387154337248
1.0,13512.126353089192,0.0025,500,116.0963,5.434597e-20,4782.6406,4993.046,100,,500.0,0.0025,400.0,1.0,1.0,4993.045159751919,4993.045159751919,1.0,4993.045159751919,499.32,0.0024999997,2,13512.126353089192
1.1384273,10811.841741656926,0.00073868287,500,44.081608,5.466282e-08,4808.2173,4997.561,100,0.013632019,493.935654058128,0.0022796658,493.27255344507483,0.9987668,0.36888596,4994.418045693941,4994.418045693941,1.0122776,4994.418045693941,499.456,0.002,1,10811.841741656926
1.0,208878.03011257693,0.01,500,454.74084,3.5044917e-18,4533.407,4954.218,100,,500.0,0.01,100.0,1.0,1.0,4954.218295572852,4954.218295572852,1.0,4954.218295572852,495.44,0.009999998,2,208878.03011257693
1.0,104439.08276063492,0.005,500,322.3614,2.179301e-19,4679.513,4977.0713,100,,500.0,0.005,200.00000010221265,1.0,1.0,4977.071298485016,4977.071298485016,1.0,4977.071298485016,497.72,0.0049999994,2,104439.08276063492
1.0,69626.12969933948,0.0033333334,500,263.4275,5.4391416e-20,4741.736,4984.691,100,,500.0,0.0033333334,299.999969473632,1.0,1.0,4984.690894067295,4984.690894067295,1.0,4984.690894067295,498.48,0.0033333336,2,69626.12969933948
1.0,52219.63306649514,0.0025,500,228.23033,5.434597e-20,4778.0957,4988.501,100,,500.0,0.0025,400.0,1.0,1.0,4988.5010057650625,4988.5010057650625,1.0,4988.5010057650625,498.86,0.0024999997,2,52219.63306649514
1.1724457,41775.71779892071,0.00034708172,500,35.49408,7.5718965e-08,4808.455,4998.342,100,0.018906847,491.1157120111358,0.0023463105,490.7292367396696,0.9993951,0.17343588,4990.786735394886,4990.786735394886,1.01809,4990.786735394886,499.088,0.002,1,41775.71779892071
1.0,0.004738791862797202,0.01,500,0.06848778,3.5044917e-18,4579.1113,4999.922,100,,500.0,0.01,100.0,1.0,1.0,4999.9219270796075,4999.9219270796075,1.0,4999.9219270796075,500.0,0.009999998,2,0.004738791862797202
1.0,0.005634045992044749,0.005,500,0.0748667,2.179301e-19,4702.3677,4999.926,100,,500.0,0.005,200.00000010221265,1.0,1.0,4999.925493119465,4999.925493119465,1.0,4999.925493119465,500.0,0.0049999994,2,0.005634045992044749
1.0,0.005470825550290242,0.0033333334,500,0.073840424,5.4391416e-20,4756.966,4999.921,100,,500.0,0.0033333334,299.999969473632,1.0,1.0,4999.92061518758,4999.92061518758,1.0,4999.92061518758,500.0,0.0033333336,2,0.005470825550290242
1.0,62498.01832674573,0.0025,500,249.68335,5.434597e-20,4777.0156,4987.421,100,,500.0,0.0025,400.0,1.0,1.0,4987.420713667434,4987.420713667434,1.0,4987.420713667434,498.7525,0.0024999997,2,62498.01832674573
1.3244069,53073.09592808949,0.001080478,500,202.93256,3.9678948e-08,4800.447,4989.5894,100,0.009986796,494.9878734400427,0.0026399055,495.09851996651565,1.0033743,0.542062,4987.422525565127,4987.422525565127,1.0101258,4987.422525565127,498.754,0.002,1,53073.09592808949
1.0,0.003962157696696309,0.01,500,0.06264411,3.5044917e-18,4579.1274,4999.938,100,,500.0,0.01,100.0,1.0,1.0,4999.937873404234,4999.937873404234,1.0,4999.937873404234,500.0,0.009999998,2,0.003962157696696309
1.0,0.0059573015207754374,0.005,500,0.077004395,2.179301e-19,4702.365,4999.9233,100,,500.0,0.005,200.00000010221265,1.0,1.0,4999.923581927208,4999.923581927208,1.0,4999.923581927208,500.0,0.0049999994,2,0.0059573015207754374
1.0,0.005775993462511531,0.0033333334,500,0.07587831,5.4391416e-20,4756.969,4999.9243,100,,500.0,0.0033333334,299.999969473632,1.0,1.0,4999.924317751018,4999.924317751018,1.0,4999.924317751018,500.0,0.0033333336,2,0.005775993462511531
1.0,0.005882728265979206,0.0025,500,0.07660493,5.434597e-20,4789.518,4999.9233,100,,500.0,0.0025,400.0,1.0,1.0,4999.923588218773,4999.923588218773,1.0,4999.923588218773,500.0,0.0024999997,2,0.005882728265979206
1.0052208,0.005512342833753535,0.0019885486,500,0.074111894,9.98424e-12,4811.732,4999.9243,100,2.4962987e-06,499.99785424199666,0.0020103455,499.99875017821944,1.0000478,0.99432176,4999.923374353912,4999.923374353912,1.0000043,4999.923374353912,500.0,0.002,1,0.005512342833753535
1.0,0.005361553402725118,0.01,500,0.07287177,3.5044917e-18,4579.1216,4999.932,100,,500.0,0.01,100.0,1.0,1.0,4999.932335236508,4999.932335236508,1.0,4999.932335236508,500.0,0.009999998,2,0.005361553402725118
1.0,0.004582218656647646,0.005,500,0.06753884,2.179301e-19,4702.373,4999.931,100,,500.0,0.005,200.00000010221265,1.0,1.0,4999.93132227966,4999.93132227966,1.0,4999.93132227966,500.0,0.0049999994,2,0.004582218656647646
1.0,0.005114663585896763,0.0033333334,500,0.07140968,5.4391416e-20,4756.9727,4999.9277,100,,500.0,0.0033333334,299.999969473632,1.0,1.0,4999.9276674303,4999.9276674303,1.0,4999.9276674303,500.0,0.0033333336,2,0.005114663585896763
1.0,0.004721169332374996,0.0025,500,0.06863767,5.434597e-20,4789.5254,4999.9307,100,,500.0,0.0025,400.0,1.0,1.0,4999.930202758189,4999.930202758189,1.0,4999.930202758189,500.0,0.0024999997,2,0.004721169332374996
1.0,0.005293673727453407,0.002,500,0.07269687,5.431875e-20,4811.7373,4999.9297,100,,500.0,0.002,500.00000664260017,1.0,1.0,4999.929147913121,4999.929147913121,1.0,4999.929147913121,500.0,0.0020000003,1,0.005293673727453407
1.0,0.005073493954108033,0.01,500,0.07086263,3.5044917e-18,4579.1187,4999.929,100,,500.0,0.01,100.0,1.0,1.0,4999.929150299047,4999.929150299047,1.0,4999.929150299047,500.0,0.009999998,2,0.005073493954108033
1.0,0.00475387758605999,0.005,500,0.06876546,2.179301e-19,4702.37,4999.928,100,,500.0,0.005,200.00000010221265,1.0,1.0,4999.9288408923785,4999.9288408923785,1.0,4999.9288408923785,500.0,0.0049999994,2,0.00475387758605999
1.0,0.00502615804611183,0.0033333334,500,0.070770696,5.4391416e-20,4756.97,4999.9253,100,,500.0,0.0033333334,299.999969473632,1.0,1.0,4999.925344124105,4999.925344124105,1.0,4999.925344124105,500.0,0.0033333336,2,0.00502615804611183
1.0,0.005627791393285499,0.0025,500,0.07491326,5.434597e-20,4789.5195,4999.925,100,,500.0,0.0025,400.0,1.0,1.0,4999.924805574127,4999.924805574127,1.0,4999.924805574127,500.0,0.0024999997,2,0.005627791393285499
1.0,0.005746900172314904,0.002,500,0.07572539,5.431875e-20,4811.732,4999.9243,100,,500.0,0.002,500.00000664260017,1.0,1.0,4999.923764493315,4999.923764493315,1.0,4999.923764493315,500.0,0.0020000003,1,0.005746900172314904
1.0,0.005502718621509284,0.01,500,0.07379367,3.5044917e-18,4579.1206,4999.931,100,,500.0,0.01,100.0,1.0,1.0,4999.931167010347,4999.931167010347,1.0,4999.931167010347,500.0,0.009999998,2,0.005502718621509284
1.0,0.005490182624366657,0.005,500,0.0739089,2.179301e-19,4702.3667,4999.925,100,,500.0,0.005,200.00000010221265,1.0,1.0,4999.925076616693,4999.925076616693,1.0,4999.925076616693,500.0,0.0049999994,2,0.005490182624366657
1.0,0.005981333037905242,0.0033333334,500,0.077201605,5.4391416e-20,4756.965,4999.92,100,,500.0,0.0033333334,299.999969473632,1.0,1.0,4999.919782092129,4999.919782092129,1.0,4999.919782092129,500.0,0.0033333336,2,0.005981333037905242
1.0,0.006119470425276229,0.0025,500,0.07812406,5.434597e-20,4789.515,4999.9204,100,,500.0,0.0025,400.0,1.0,1.0,4999.920081786398,4999.920081786398,1.0,4999.920081786398,500.0,0.0024999997,2,0.006119470425276229
1.0027403,0.006108285892478285,0.0019917297,500,0.07801759,6.0895425e-12,4811.729,4999.9214,100,1.5222785e-06,499.9994039542628,0.0020055496,499.9991906818518,0.99996555,0.99583054,4999.920357172195,4999.920357172195,1.0000012,4999.920357172195,500.0,0.002,1,0.006108285892478285
1.0,0.008057754143259587,0.01,500,0.08930978,3.5044917e-18,4579.11,4999.9204,100,,500.0,0.01,100.0,1.0,1.0,4999.920800181352,4999.920800181352,1.0,4999.920800181352,500.0,0.009999998,2,0.008057754143259587
1.0,0.006449855439938893,0.005,500,0.080108516,2.179301e-19,4702.365,4999.9233,100,,500.0,0.005,200.00000010221265,1.0,1.0,4999.92331618471,4999.92331618471,1.0,4999.92331618471,500.0,0.0049999994,2,0.006449855439938893
1.0,0.0065838413437497465,0.0033333334,500,0.08100781,5.4391416e-20,4756.967,4999.922,100,,500.0,0.0033333334,299.999969473632,1.0,1.0,4999.922022166324,4999.922022166324,1.0,4999.922022166324,500.0,0.0033333336,2,0.0065838413437497465
1.0,0.00606088725506374,0.0025,500,0.077759705,5.434597e-20,4789.5186,4999.924,100,,500.0,0.0025,400.0,1.0,1.0,4999.923689029118,4999.923689029118,1.0,4999.923689029118,500.0,0.0024999997,2,0.00606088725506374
1.0,0.005763360609389686,0.002,500,0.07585453,5.431875e-20,4811.7324,4999.925,100,,500.0,0.002,500.00000664260017,1.0,1.0,4999.923755895527,4999.923755895527,1.0,4999.923755895527,500.0,0.0020000003,1,0.005763360609389686
1.0,0.00602641759050765,0.01,500,0.07724825,3.5044917e-18,4579.1074,4999.918,100,,500.0,0.01,100.0,1.0,1.0,4999.91800181348,4999.91800181348,1.0,4999.91800181348,500.0,0.009999998,2,0.00602641759050765
1.0,0.0056355352239082284,0.005,500,0.0748827,2.179301e-19,4702.361,4999.919,100,,500.0,0.005,200.00000010221265,1.0,1.0,4999.919081218382,4999.919081218382,1.0,4999.919081218382,500.0,0.0049999994,2,0.0056355352239082284
1.0,0.005323462227472896,0.0033333334,500,0.07283928,5.4391416e-20,4756.966,4999.921,100,,500.0,0.0033333334,299.999969473632,1.0,1.0,4999.920955013205,4999.920955013205,1.0,4999.920955013205,500.0,0.0033333336,2,0.005323462227472896
1.0,0.005246784844309529,0.0025,500,0.07234382,5.434597e-20,4789.519,4999.9243,100,,500.0,0.0025,400.0,1.0,1.0,4999.9242098590985,4999.9242098590985,1.0,4999.9242098590985,500.0,0.0024999997,2,0.005246784844309529
1.0015267,0.005128331552045209,0.001993076,500,0.0715123,2.1877647e-12,4811.7334,4999.926,100,5.469139e-07,499.9997615815346,0.0020031026,499.9997807833196,0.99997544,0.9965135,4999.9253383276555,4999.9253383276555,1.0000005,4999.9253383276555,500.0,0.002,1,0.005128331552045209
1.0,0.0058849995827918,0.01,500,0.076338924,3.5044917e-18,4579.1064,4999.917,100,,500.0,0.01,100.0,1.0,1.0,4999.916948977944,4999.916948977944,1.0,4999.916948977944,500.0,0.009999998,2,0.0058849995827918
1.0,0.0070936610233752456,0.005,500,0.08402433,2.179301e-19,4702.364,4999.922,100,,500.0,0.005,200.00000010221265,1.0,1.0,4999.9216942286375,4999.9216942286375,1.0,4999.9216942286375,500.0,0.0049999994,2,0.0070936610233752456
1.0,0.006584823875143971,0.0033333334,500,0.08101345,5.4391416e-20,4756.968,4999.923,100,,500.0,0.0033333334,299.999969473632,1.0,1.0,4999.922738941833,4999.922738941833,1.0,4999.922738941833,500.0,0.0033333336,2,0.006584823875143971
1.0,0.006372945068782182,0.0025,500,0.079731345,5.434597e-20,4789.519,4999.9243,100,,500.0,0.0025,400.0,1.0,1.0,4999.924414819528,4999.924414819528,1.0,4999.924414819528,500.0,0.0024999997,2,0.006372945068782182
1.0016118,0.005901279884389727,0.0019914042,500,0.07669398,2.4308847e-12,4811.7354,4999.9277,100,6.077126e-07,499.9997615815346,0.0020032332,499.9995961591584,0.99999523,0.9956974,4999.926884492223,4999.926884492223,1.0000005,4999.926884492223,500.0,0.002,1,0.005901279884389727
1.0,0.004098919629310721,0.01,500,0.06373359,3.5044917e-18,4579.1147,4999.9253,100,,500.0,0.01,100.0,1.0,1.0,4999.9253141133495,4999.9253141133495,1.0,4999.9253141133495,500.0,0.009999998,2,0.004098919629310721
1.0,0.006345332442020934,0.005,500,0.07947843,2.179301e-19,4702.3657,4999.924,100,,500.0,0.005,200.00000010221265,1.0,1.0,4999.923984853197,4999.923984853197,1.0,4999.923984853197,500.0,0.0049999994,2,0.006345332442020934
1.0,0.0056801727212974435,0.0033333334,500,0.0752606,5.4391416e-20,4756.972,4999.9272,100,,500.0,0.0033333334,299.999969473632,1.0,1.0,4999.926762279488,4999.926762279488,1.0,4999.926762279488,500.0,0.0033333336,2,0.0056801727212974435
1.0,0.005457895898065744,0.0025,500,0.07380035,5.434597e-20,4789.5205,4999.926,100,,500.0,0.0025,400.0,1.0,1.0,4999.925551165308,4999.925551165308,1.0,4999.925551165308,500.0,0.0024999997,2,0.005457895898065744
1.0,0.006023165404026776,0.002,500,0.07754277,5.431875e-20,4811.7305,4999.923,100,,500.0,0.002,500.00000664260017,1.0,1.0,4999.922456681759,4999.922456681759,1.0,4999.922456681759,500.0,0.0020000003,1,0.006023165404026776
1.0,0.006383190782217872,0.01,500,0.079495125,3.5044917e-18,4579.1104,4999.921,100,,500.0,0.01,100.0,1.0,1.0,4999.9211539239195,4999.9211539239195,1.0,4999.9211539239195,500.0,0.009999998,2,0.006383190782217872
1.0,0.005123127704748587,0.005,500,0.07139967,2.179301e-19,4702.3677,4999.926,100,,500.0,0.005,200.00000010221265,1.0,1.0,4999.925843889726,4999.925843889726,1.0,4999.925843889726,500.0,0.0049999994,2,0.005123127704748587
1.0,0.0059483251896896485,0.0033333334,500,0.07699797,5.4391416e-20,4756.971,4999.9263,100,,500.0,0.0033333334,299.999969473632,1.0,1.0,4999.926103530124,4999.926103530124,1.0,4999.926103530124,500.0,0.0033333336,2,0.0059483251896896485
1.0,0.006178536750067062,0.0025,500,0.07850435,5.434597e-20,4789.523,4999.928,100,,500.0,0.0025,400.0,1.0,1.0,4999.927651397187,4999.927651397187,1.0,4999.927651397187,500.0,0.0024999997,2,0.006178536750067062
1.0,0.005649079538798423,0.002,500,0.07508303,5.431875e-20,4811.7393,4999.9316,100,,500.0,0.002,500.00000664260017,1.0,1.0,4999.9311007263605,4999.9311007263605,1.0,4999.9311007263605,500.0,0.0020000003,1,0.005649079538798423
1.0,0.005185022423564834,0.01,500,0.071652226,3.5044917e-18,4579.1084,4999.919,100,,500.0,0.01,100.0,1.0,1.0,4999.918932288674,4999.918932288674,1.0,4999.918932288674,500.0,0.009999998,2,0.005185022423564834
1.0,0.005628260720603884,0.005,500,0.07482846,2.179301e-19,4702.3657,4999.924,100,,500.0,0.005,200.00000010221265,1.0,1.0,4999.924075702048,4999.924075702048,1.0,4999.924075702048,500.0,0.0049999994,2,0.005628260720603884
1.0,0.0050552523437866455,0.0033333334,500,0.07097809,5.4391416e-20,4756.9707,4999.926,100,,500.0,0.0033333334,299.999969473632,1.0,1.0,4999.925486175848,4999.925486175848,1.0,4999.925486175848,500.0,0.0033333336,2,0.0050552523437866455
1.0,0.004995468493019832,0.0025,500,0.070584886,5.434597e-20,4789.5186,4999.924,100,,500.0,0.0025,400.0,1.0,1.0,4999.924046731769,4999.924046731769,1.0,4999.924046731769,500.0,0.0024999997,2,0.004995468493019832
1.0017129,0.004967392256204221,0.0019968457,500,0.07038973,1.0293014e-12,4811.7334,4999.926,100,2.5732345e-07,499.99988079073887,0.0020034364,499.9998755719724,0.99999475,0.99841756,4999.924674083049,4999.924674083049,1.0000002,4999.924674083049,500.0,0.0019999999,1,0.004967392256204221
1.0,0.004136591918188203,0.01,500,0.063990146,3.5044917e-18,4579.1245,4999.935,100,,500.0,0.01,100.0,1.0,1.0,4999.935501390679,4999.935501390679,1.0,4999.935501390679,500.0,0.009999998,2,0.004136591918188203
1.0,0.005074655023778932,0.005,500,0.07105569,2.179301e-19,4702.3765,4999.9346,100,,500.0,0.005,200.00000010221265,1.0,1.0,4999.934876427888,4999.934876427888,1.0,4999.934876427888,500.0,0.0049999994,2,0.005074655023778932
1.0,0.005563512225235914,0.0033333334,500,0.07446025,5.4391416e-20,4756.973,4999.928,100,,500.0,0.0033333334,299.999969473632,1.0,1.0,4999.928662809473,4999.928662809473,1.0,4999.928662809473,500.0,0.0033333336,2,0.005563512225235914
1.0,0.0052505894461887664,0.0025,500,0.07236755,5.434597e-20,4789.5244,4999.9297,100,,500.0,0.0025,400.0,1.0,1.0,4999.930091174362,4999.930091174362,1.0,4999.930091174362,500.0,0.0024999997,2,0.0052505894461887664
1.0,0.005091016783113294,0.002,500,0.0712785,5.431875e-20,4811.7397,4999.932,100,,500.0,0.002,500.00000664260017,1.0,1.0,4999.931685890881,4999.931685890881,1.0,4999.931685890881,500.0,0.0020000003,1,0.005091016783113294
1.0,0.0064890995175219705,0.01,500,0.08015322,3.5044917e-18,4579.116,4999.927,100,,500.0,0.01,100.0,1.0,1.0,4999.927075951475,4999.927075951475,1.0,4999.927075951475,500.0,0.009999998,2,0.0064890995175219705
1.0,0.005528471031561982,0.005,500,0.0741724,2.179301e-19,4702.3706,4999.9287,100,,500.0,0.005,200.00000010221265,1.0,1.0,4999.928489834518,4999.928489834518,1.0,4999.928489834518,500.0,0.0049999994,2,0.005528471031561982
1.0,0.0055837128128599246,0.0033333334,500,0.074607745,5.4391416e-20,4756.9707,4999.926,100,,500.0,0.0033333334,299.999969473632,1.0,1.0,4999.925744930458,4999.925744930458,1.0,4999.925744930458,500.0,0.0033333336,2,0.0055837128128599246
1.0,0.0051391812882740275,0.0025,500,0.071605176,5.434597e-20,4789.5205,4999.926,100,,500.0,0.0025,400.0,1.0,1.0,4999.926180947982,4999.926180947982,1.0,4999.926180947982,500.0,0.0024999997,2,0.0051391812882740275
1.0003196,0.0050130347377094495,0.0019988173,500,0.070731364,5.5278546e-14,4811.734,4999.9263,100,1.3820476e-08,500.0,0.0020006339,499.99996261440975,1.0000027,0.9994113,4999.925832869042,4999.925832869042,1.0,4999.925832869042,500.0,0.002,1,0.0050130347377094495
1.0,0.00651869795018828,0.01,500,0.08034684,3.5044917e-18,4579.107,4999.9175,100,,500.0,0.01,100.0,1.0,1.0,4999.917475037459,4999.917475037459,1.0,4999.917475037459,500.0,0.009999998,2,0.00651869795018828
1.0,0.0061720166368878435,0.005,500,0.07837205,2.179301e-19,4702.3604,4999.9185,100,,500.0,0.005,200.00000010221265,1.0,1.0,4999.919010137059,4999.919010137059,1.0,4999.919010137059,500.0,0.0049999994,2,0.0061720166368878435
1.0,0.005349831336228575,0.0033333334,500,0.0730151,5.4391416e-20,4756.9707,4999.926,100,,500.0,0.0033333334,299.999969473632,1.0,1.0,4999.925722798631,4999.925722798631,1.0,4999.925722798631,500.0,0.0033333336,2,0.005349831336228575
1.0,0.004999141706019552,0.0025,500,0.070608705,5.434597e-20,4789.524,4999.929,100,,500.0,0.0025,400.0,1.0,1.0,4999.929405116442,4999.929405116442,1.0,4999.929405116442,500.0,0.0024999997,2,0.004999141706019552
1.0005417,0.005321240327008186,0.0019985451,500,0.07287602,1.4080015e-13,4811.7354,4999.9277,100,3.520038e-08,500.0,0.002001088,499.99990508627985,0.9999977,0.9992702,4999.926633705675,4999.926633705675,1.0,4999.926633705675,500.0,0.002,1,0.005321240327008186
1.0,0.007302600976363099,0.01,500,0.08501912,3.5044917e-18,4579.109,4999.9194,100,,500.0,0.01,100.0,1.0,1.0,4999.919631458562,4999.919631458562,1.0,4999.919631458562,500.0,0.009999998,2,0.007302600976363099
1.0,0.0060093227259700255,0.005,500,0.07732952,2.179301e-19,4702.3677,4999.926,100,,500.0,0.005,200.00000010221265,1.0,1.0,4999.926069415938,4999.926069415938,1.0,4999.926069415938,500.0,0.0049999994,2,0.0060093227259700255
1.0,20008.02609661524,0.0033333334,500,141.21378,5.4391416e-20,4748.8027,4991.758,100,,500.0,0.0033333334,299.999969473632,1.0,1.0,4991.757621292695,4991.757621292695,1.0,4991.757621292695,499.18666666666667,0.0033333336,2,20008.02609661524
1.0,15006.026303831522,0.0025,500,122.34587,5.434597e-20,4783.3945,4993.8,100,,500.0,0.0025,400.0,1.0,1.0,4993.799685470238,4993.799685470238,1.0,4993.799685470238,499.39,0.0024999997,2,15006.026303831522
1.124892,12004.823353142758,0.0006951173,500,38.092857,4.080736e-08,4809.0596,4998.2227,100,0.010263903,494.88017841768516,0.002242972,494.9606574308624,1.0030371,0.34861422,4995.024764525484,4995.024764525484,1.0103456,4995.024764525484,499.512,0.0019999999,1,12004.823353142758
1.0,0.006026104071047872,0.01,500,0.077242926,3.5044917e-18,4579.1196,4999.93,100,,500.0,0.01,100.0,1.0,1.0,4999.930885450849,4999.930885450849,1.0,4999.930885450849,500.0,0.009999998,2,0.006026104071047872
1.0,0.006666208625243146,0.005,500,0.08145564,2.179301e-19,4702.367,4999.9253,100,,500.0,0.005,200.00000010221265,1.0,1.0,4999.925440361472,4999.925440361472,1.0,4999.925440361472,500.0,0.0049999994,2,0.006666208625243146
1.0,1121.3868423678555,0.0033333334,500,33.431263,5.4391416e-20,4755.039,4997.994,100,,500.0,0.0033333334,299.999969473632,1.0,1.0,4997.993784246474,4997.993784246474,1.0,4997.993784246474,499.81,0.0033333336,2,1121.3868423678555
1.0,841.052885544748,0.0025,500,28.964642,5.434597e-20,4788.076,4998.4814,100,,500.0,0.0025,400.0,1.0,1.0,4998.48115329595,4998.48115329595,1.0,4998.48115329595,499.8575,0.0024999997,2,841.052885544748
1.0466754,672.8395936708279,0.0012455389,500,16.150274,8.376853e-09,4810.8384,4999.2075,100,0.002094553,499.06108593247103,0.002093181,498.95720828632545,1.0000812,0.62282,4998.769525183488,4998.769525183488,1.0018814,4998.769525183488,499.886,0.0019999999,1,672.8395936708279
1.0,0.005718769709424946,0.01,500,0.07524024,3.5044917e-18,4579.1025,4999.913,100,,500.0,0.01,100.0,1.0,1.0,4999.913077136957,4999.913077136957,1.0,4999.913077136957,500.0,0.009999998,2,0.005718769709424946
1.0,0.0057052843424707815,0.005,500,0.07533711,2.179301e-19,4702.359,4999.917,100,,500.0,0.005,200.00000010221265,1.0,1.0,4999.917138437752,4999.917138437752,1.0,4999.917138437752,500.0,0.0049999994,2,0.0057052843424707815
1.0,83330.84086098452,0.0033333334,500,288.1893,5.4391416e-20,4740.3037,4983.259,100,,500.0,0.0033333334,299.999969473632,1.0,1.0,4983.258662609291,4983.258662609291,1.0,4983.258662609291,498.33666666666664,0.0033333336,2,83330.84086098452
1.0,62498.185105133394,0.0025,500,249.68373,5.434597e-20,4777.0225,4987.4277,100,,500.0,0.0025,400.0,1.0,1.0,4987.427370778755,4987.427370778755,1.0,4987.427370778755,498.7525,0.0024999997,2,62498.185105133394
1.2406343,49998.562599103614,0.0018407877,500,205.63087,1.2545393e-08,4802.1694,4990.724,100,0.0031160205,498.0789605748132,0.002489349,498.43992334414855,0.99675405,0.91740626,4989.9280116781665,4989.9280116781665,1.0038569,4989.9280116781665,499.002,0.002,1,49998.562599103614
1.0,0.00547768426198543,0.01,500,0.07362925,3.5044917e-18,4579.112,4999.9224,100,,500.0,0.01,100.0,1.0,1.0,4999.922464572337,4999.922464572337,1.0,4999.922464572337,500.0,0.009999998,2,0.00547768426198543
1.0,0.005261768991866231,0.005,500,0.07235031,2.179301e-19,4702.369,4999.9272,100,,500.0,0.005,200.00000010221265,1.0,1.0,4999.927499399825,4999.927499399825,1.0,4999.927499399825,500.0,0.0049999994,2,0.005261768991866231
1.0,0.0052145845909329115,0.0033333334,500,0.072097376,5.4391416e-20,4756.968,4999.923,100,,500.0,0.0033333334,299.999969473632,1.0,1.0,4999.923140646459,4999.923140646459,1.0,4999.923140646459,500.0,0.0033333336,2,0.0052145845909329115
1.0,0.005221022509021514,0.0025,500,0.07216843,5.434597e-20,4789.52,4999.9253,100,,500.0,0.0025,400.0,1.0,1.0,4999.925153146392,4999.925153146392,1.0,4999.925153146392,500.0,0.0024999997,2,0.005221022509021514
1.0,0.006109657936630887,0.002,500,0.07809747,5.431875e-20,4811.7314,4999.924,100,,500.0,0.002,500.00000664260017,1.0,1.0,4999.922872872281,4999.922872872281,1.0,4999.922872872281,500.0,0.0020000003,1,0.006109657936630887
1.0,0.005551469970881579,0.01,500,0.07417139,3.5044917e-18,4579.1167,4999.9272,100,,500.0,0.01,100.0,1.0,1.0,4999.927214595966,4999.927214595966,1.0,4999.927214595966,500.0,0.009999998,2,0.005551469970881579
1.0,0.004637391093752067,0.005,500,0.06795115,2.179301e-19,4702.374,4999.932,100,,500.0,0.005,200.00000010221265,1.0,1.0,4999.931980462263,4999.931980462263,1.0,4999.931980462263,500.0,0.0049999994,2,0.004637391093752067
1.0,0.005920326080852817,0.0033333334,500,0.07681887,5.4391416e-20,4756.968,4999.923,100,,500.0,0.0033333334,299.999969473632,1.0,1.0,4999.922825325976,4999.922825325976,1.0,4999.922825325976,500.0,0.0033333336,2,0.005920326080852817
1.0,0.00599020358610726,0.0025,500,0.07731207,5.434597e-20,4789.5195,4999.925,100,,500.0,0.0025,400.0,1.0,1.0,4999.92413172516,4999.92413172516,1.0,4999.92413172516,500.0,0.0024999997,2,0.00599020358610726
1.3790605,49998.49815462133,0.001393272,500,197.28247,2.5501386e-08,4802.341,4991.096,100,0.0063516977,497.0212878909789,0.0027632506,496.8388455860271,0.9981436,0.6953428,4989.924772735123,4989.924772735123,1.0059931,4989.924772735123,499.002,0.002,1,49998.49815462133
1.0,0.00450314663791298,0.01,500,0.066785984,3.5044917e-18,4579.1055,4999.916,100,,500.0,0.01,100.0,1.0,1.0,4999.916367475386,4999.916367475386,1.0,4999.916367475386,500.0,0.009999998,2,0.00450314663791298
1.0,0.005308758240981731,0.005,500,0.0726917,2.179301e-19,4702.363,4999.921,100,,500.0,0.005,200.00000010221265,1.0,1.0,4999.92103330334,4999.92103330334,1.0,4999.92103330334,500.0,0.0049999994,2,0.005308758240981731
1.0,1008.6120728419647,0.0033333334,500,31.705671,5.4391416e-20,4755.138,4998.0933,100,,500.0,0.0033333334,299.999969473632,1.0,1.0,4998.092973145794,4998.092973145794,1.0,4998.092973145794,499.82,0.0033333336,2,1008.6120728419647
1.0,756.4616343022786,0.0025,500,27.46944,5.434597e-20,4788.147,4998.5522,100,,500.0,0.0025,400.0,1.0,1.0,4998.5518240966885,4998.5518240966885,1.0,4998.5518240966885,499.865,0.0024999997,2,756.4616343022786
1.0539525,605.1769047322076,0.0014453991,500,17.770832,7.357663e-09,4810.799,4999.1353,100,0.0018268779,499.2334691188037,0.0021151258,499.0838035773006,0.9965861,0.7202323,4998.829950075723,4998.829950075723,1.0015354,4998.829950075723,499.892,0.002,1,605.1769047322076
1.0,0.006238638588514885,0.01,500,0.07859268,3.5044917e-18,4579.1206,4999.931,100,,500.0,0.01,100.0,1.0,1.0,4999.931389489956,4999.931389489956,1.0,4999.931389489956,500.0,0.009999998,2,0.006238638588514885
1.0,0.0050529043961961145,0.005,500,0.07091143,2.179301e-19,4702.3735,4999.9316,100,,500.0,0.005,200.00000010221265,1.0,1.0,4999.931813222208,4999.931813222208,1.0,4999.931813222208,500.0,0.0049999994,2,0.0050529043961961145
1.0,0.0046462448196996995,0.0033333334,500,0.06805288,5.4391416e-20,4756.9795,4999.9346,100,,500.0,0.0033333334,299.999969473632,1.0,1.0,4999.934792965611,4999.934792965611,1.0,4999.934792965611,500.0,0.0033333336,2,0.0046462448196996995
1.0,0.004739554615301428,0.0025,500,0.068761304,5.434597e-20,4789.5303,4999.9355,100,,500.0,0.0025,400.0,1.0,1.0,4999.935247978691,4999.935247978691,1.0,4999.935247978691,500.0,0.0024999997,2,0.004739554615301428
1.0005668,0.005035964761578305,0.0019985011,500,0.07088651,1.6091219e-13,4811.74,4999.9326,100,4.0230063e-08,500.0,0.002001088,499.99999786312327,1.0000228,0.9992733,4999.931937174438,4999.931937174438,1.0,4999.931937174438,500.0,0.002,1,0.005035964761578305
1.0,0.005823513892550295,0.01,500,0.0759461,3.5044917e-18,4579.1123,4999.923,100,,500.0,0.01,100.0,1.0,1.0,4999.922658686299,4999.922658686299,1.0,4999.922658686299,500.0,0.009999998,2,0.005823513892550295
1.0,0.006225337475797402,0.005,500,0.078715354,2.179301e-19,4702.369,4999.9272,100,,500.0,0.005,200.00000010221265,1.0,1.0,4999.927095469984,4999.927095469984,1.0,4999.927095469984,500.0,0.0049999994,2,0.006225337475797402
1.0,0.0073666872110015056,0.0033333334,500,0.08569384,5.4391416e-20,4756.9707,4999.926,100,,500.0,0.0033333334,299.999969473632,1.0,1.0,4999.925050526564,4999.925050526564,1.0,4999.925050526564,500.0,0.0033333336,2,0.0073666872110015056
1.0,0.006653181381760269,0.0025,500,0.081471935,5.434597e-20,4789.519,4999.9243,100,,500.0,0.0025,400.0,1.0,1.0,4999.924059374995,4999.924059374995,1.0,4999.924059374995,500.0,0.0024999997,2,0.006653181381760269
1.1860228,34453.98218583506,0.0004883538,500,45.347797,8.16411e-08,4808.0225,4997.8984,100,0.020328397,491.1712683994364,0.0023768176,490.01860338483436,0.99799216,0.24368663,4991.622067765182,4991.622067765182,1.0179749,4991.622067765182,499.172,0.002,1,34453.98218583506
1.0,0.005239434251977413,0.01,500,0.07201768,3.5044917e-18,4579.127,4999.9375,100,,500.0,0.01,100.0,1.0,1.0,4999.937295976116,4999.937295976116,1.0,4999.937295976116,500.0,0.009999998,2,0.005239434251977413
1.0,0.005252773505747304,0.005,500,0.072293974,2.179301e-19,4702.378,4999.936,100,,500.0,0.005,200.00000010221265,1.0,1.0,4999.935798600467,4999.935798600467,1.0,4999.935798600467,500.0,0.0049999994,2,0.005252773505747304
1.0,0.004688255997727848,0.0033333334,500,0.06835976,5.4391416e-20,4756.9805,4999.9355,100,,500.0,0.0033333334,299.999969473632,1.0,1.0,4999.935705002626,4999.935705002626,1.0,4999.935705002626,500.0,0.0033333336,2,0.004688255997727848
1.0,0.004890593867595331,0.0025,500,0.069848254,5.434597e-20,4789.5293,4999.9346,100,,500.0,0.0025,400.0,1.0,1.0,4999.9346016636155,4999.9346016636155,1.0,4999.9346016636155,500.0,0.0024999997,2,0.004890593867595331
1.0,0.005223915120981593,0.002,500,0.072209366,5.431875e-20,4811.741,4999.9336,100,,500.0,0.002,500.00000664260017,1.0,1.0,4999.9329883156515,4999.9329883156515,1.0,4999.9329883156515,500.0,0.0020000003,1,0.005223915120981593
1.0,0.006170223399650302,0.01,500,0.078192815,3.5044917e-18,4579.103,4999.9136,100,,500.0,0.01,100.0,1.0,1.0,4999.913776060257,4999.913776060257,1.0,4999.913776060257,500.0,0.009999998,2,0.006170223399650302
1.0,0.007138136542378686,0.005,500,0.08427995,2.179301e-19,4702.354,4999.912,100,,500.0,0.005,200.00000010221265,1.0,1.0,4999.912244489319,4999.912244489319,1.0,4999.912244489319,500.0,0.0049999994,2,0.007138136542378686
1.0,0.0062263422820061495,0.0033333334,500,0.078778416,5.4391416e-20,4756.963,4999.918,100,,500.0,0.0033333334,299.999969473632,1.0,1.0,4999.917949766037,4999.917949766037,1.0,4999.917949766037,500.0,0.0033333336,2,0.0062263422820061495
1.0,0.006038999847942032,0.0025,500,0.077615775,5.434597e-20,4789.514,4999.9194,100,,500.0,0.0025,400.0,1.0,1.0,4999.9194075833575,4999.9194075833575,1.0,4999.9194075833575,500.0,0.0024999997,2,0.006038999847942032
1.0,0.005855486645256426,0.002,500,0.07645241,5.431875e-20,4811.7295,4999.922,100,,500.0,0.002,500.00000664260017,1.0,1.0,4999.921218136778,4999.921218136778,1.0,4999.921218136778,500.0,0.0020000003,1,0.005855486645256426
1.0,0.004507561384627688,0.01,500,0.066806085,3.5044917e-18,4579.1143,4999.925,100,,500.0,0.01,100.0,1.0,1.0,4999.924933056461,4999.924933056461,1.0,4999.924933056461,500.0,0.009999998,2,0.004507561384627688
1.0,6728.0465799607855,0.005,500,81.81934,2.179301e-19,4696.5737,4994.132,100,,500.0,0.005,200.00000010221265,1.0,1.0,4994.131601633636,4994.131601633636,1.0,4994.131601633636,499.425,0.0049999994,2,6728.0465799607855
1.0,4485.353024667837,0.0033333334,500,66.86106,5.4391416e-20,4753.109,4996.064,100,,500.0,0.0033333334,299.999969473632,1.0,1.0,4996.063239621719,4996.063239621719,1.0,4996.063239621719,499.6166666666667,0.0033333336,2,4485.353024667837
1.0,3363.990406057836,0.0025,500,57.927364,5.434597e-20,4786.618,4997.0234,100,,500.0,0.0025,400.0,1.0,1.0,4997.023682696115,4997.023682696115,1.0,4997.023682696115,499.7125,0.0024999997,2,3363.990406057836
