VarDiscRet,AvgVanillaIw,AvgNormIw,J,Delta,VarJ,MinVanillaIw,MaxNormIw,VarVanillaIw,AvgRet,VanillaAvgRet,AvgEpLen,AvgDiscRet,MinNormIw,BatchSize,ESSClassic,VarRet,ESSRenyi,Bound,EpsThisIter,IterType,eRenyi2,MaxVanillaIw,VarNormIw
24805.661666,1.47296,0.01,-78.5226,0.9,40.2969,2.42897e-35,0.0816423,10.2575,-297.610369948,-297.610369948,366.19,-297.610369948,1.64904e-37,100,17.6039190178,24805.661666,12.0792734576,-118.532,100,1,8.27864,12.0256,0.000472783
7059.32427144,0.976424,0.01,-66.6945,0.9,19.8714,6.34721e-14,0.0424775,1.55334,-96.6362610556,-96.6362610556,132.75,-96.6362610556,6.50047e-16,100,38.2706512629,7059.32427144,38.3688651085,-89.1423,100,1,2.60628,4.1476,0.000162926
9075.2419391,1.57553e+11,0.01,-79.1906,0.9,0.00308387,0.241103,0.99998,2.48219e+24,-96.6362610556,-96.6362610556,132.75,-98.3900754562,1.5303e-14,200,1.00004019982,7059.32427144,nan,-inf,100,,nan,1.5755e+13,0.0099996
7869.82974697,0.793253,0.005,-68.4787,0.9,41.0988,,0.0667628,3.90835,-99.8867336561,-99.8867336561,136.86,-99.8867336561,,200,27.8549270345,7869.82974697,28.3466682779,-94.595,100,1,7.0555,10.592,0.000155278
5971.49990666,1.0,0.01,-86.782,0.9,76.8881,1.0,0.01,,-86.782030084,-86.782030084,120.06,-86.782030084,0.01,200,100.0,5971.49990666,200.0,-100.687,100,2,1.0,1.0,3.50449e-18
7072.48037263,0.929854,0.005,-82.3368,0.9,65.2963,0.0523324,0.0167984,0.379254,-90.0738100851,-90.0738100851,123.53,-90.0738100851,0.000281401,200,139.233119528,7072.48037263,136.309523036,-94.2465,100,1,1.46725,3.124,1.09658e-05
1383.66017554,1.0,0.01,-69.7959,0.9,37.0111,1.0,0.01,,-69.7958948365,-69.7958948365,100.33,-69.7958948365,0.01,200,100.0,1383.66017554,200.0,-83.6972,100,2,1.0,1.0,3.50449e-18
3736.57390365,1.09162,0.005,-70.2595,0.9,31.0747,0.00249667,0.0111745,0.538764,-79.4525297706,-79.4525297706,110.97,-79.4525297706,1.14356e-05,200,137.9440041,3736.57390365,131.142632602,-82.4009,100,1,1.52506,2.43965,1.13031e-05
6990.16175982,1.0,0.01,-91.8949,0.9,83.1881,1.0,0.01,,-91.8949519514,-91.8949519514,126.47,-91.8949519514,0.01,200,100.0,6990.16175982,200.0,-105.8,100,2,1.0,1.0,3.50449e-18
5991.4596604,6.93047,0.005,-74.9233,0.9,89.4545,0.409894,0.288966,1228.8,-79.4525297706,-79.4525297706,110.97,-85.9291178459,0.000295719,300,7.55993067869,3736.57390365,18.3737165614,-114.653,100,,16.3277,400.534,0.00063958
5981.17696655,0.999069,0.00333333,-74.0636,0.9,47.2123,0.00650778,0.0145977,0.60674,-87.6891373006,-87.6891373006,121.45,-87.6891373006,2.17128e-05,300,186.817417826,5981.17696655,195.910710924,-83.9977,100,1,1.53131,4.37524,6.75413e-06
3730.35692509,1.0,0.01,-79.0605,0.9,60.7705,1.0,0.01,,-79.0605588642,-79.0605588642,110.48,-79.0605588642,0.01,300,100.0,3730.35692509,300.0,-92.9653,100,2,1.0,1.0,3.50449e-18
5983.17135351,1.0,0.005,-82.9775,0.9,69.4517,1.0,0.005,,-86.8945003681,-86.8945003681,119.97,-86.8945003681,0.005,300,200.000000102,5983.17135351,300.0,-92.8096,100,2,1.0,1.0,2.1793e-19
4922.86616313,0.960186,0.00333333,-70.5912,0.9,64.9282,3.44827e-17,0.0411944,2.26691,-81.1032938744,-81.1032938744,112.57,-81.1032938744,1.19708e-19,300,86.9414380877,4922.86616313,104.363724763,-84.2022,100,1,2.87456,11.8663,2.732e-05
8178.97888713,1.0,0.01,-92.6154,0.9,89.9844,1.0,0.01,,-92.6154280955,-92.6154280955,126.42,-92.6154280955,0.01,300,100.0,8178.97888713,300.0,-106.52,100,2,1.0,1.0,3.50449e-18
6006.96800077,1.0,0.005,-88.7839,0.9,83.8852,1.0,0.005,,-84.9523565839,-84.9523565839,117.47,-84.9523565839,0.005,300,200.000000102,6006.96800077,300.0,-98.616,100,2,1.0,1.0,2.1793e-19
6061.23404848,9.7026e+13,0.00333333,-59.6313,0.9,0.296508,0.0842723,0.996299,2.8033e+30,-81.1032938744,-81.1032938744,112.57,-86.439561711,2.89518e-18,400,1.00743721488,4922.86616313,nan,-inf,100,,nan,2.90001e+16,0.00330864
11216.5716842,0.993222,0.0025,-81.0824,0.9,73.7268,1.37534e-12,0.014019,0.718372,-103.163704055,-103.163704055,138.41,-103.163704055,3.46183e-15,400,231.697446164,11216.5716842,213.194169074,-90.6055,100,1,1.87622,5.56958,4.55131e-06
2596.75450138,1.0,0.01,-75.1822,0.9,50.7029,1.0,0.01,,-75.182239362,-75.182239362,106.11,-75.182239362,0.01,400,100.0,2596.75450138,400.0,-89.0869,100,2,1.0,1.0,3.50449e-18
9179.27515306,1.0,0.005,-85.9521,0.9,77.1046,1.0,0.005,,-96.7219410534,-96.7219410534,131.13,-96.7219410534,0.005,400,200.000000102,9179.27515306,400.0,-95.7843,100,2,1.0,1.0,2.1793e-19
13266.9332679,1.0,0.00333333,-93.2126,0.9,91.9072,1.0,0.00333333,,-107.733615622,-107.733615622,143.29,-107.733615622,0.00333333,400,299.999969474,13266.9332679,400.0,-101.241,100,2,1.0,1.0,5.43914e-20
6042.11022596,1.81773e+09,0.0025,-68.8999,0.9,0.000157379,0.179547,0.999999,1.32165e+21,-103.163704055,-103.163704055,138.41,-84.8306301351,2.46938e-13,500,1.0000023435,11216.5716842,nan,-inf,100,,nan,7.27091e+11,0.00249999
6097.8526207,0.97713,0.002,-84.749,0.9,76.3169,0.236313,0.00606352,0.124413,-82.8888200776,-82.8888200776,114.57,-82.8888200776,0.000483688,500,442.460468476,6097.8526207,411.137106738,-91.6066,100,1,1.21614,2.96243,5.21218e-07
3714.90789615,1.0,0.01,-78.5736,0.9,60.6445,1.0,0.01,,-78.5736080022,-78.5736080022,110.5,-78.5736080022,0.01,500,100.0,3714.90789615,500.0,-92.478,100,2,1.0,1.0,3.50449e-18
4924.31990225,1.0,0.005,-79.3668,0.9,65.3991,1.0,0.005,,-80.1600065213,-80.1600065213,111.5,-80.1600065213,0.005,500,200.000000102,4924.31990225,500.0,-89.199,100,2,1.0,1.0,2.1793e-19
2572.19515456,1.0,0.00333333,-77.013,0.9,60.9202,1.0,0.00333333,,-72.3052463953,-72.3052463953,102.6,-72.3052463953,0.00333333,500,299.999969474,2572.19515456,500.0,-85.0409,100,2,1.0,1.0,5.43914e-20
7131.12148901,1.0,0.0025,-79.6935,0.9,67.6015,1.0,0.0025,,-87.7351133853,-87.7351133853,120.39,-87.7351133853,0.0025,500,400.0,7131.12148901,500.0,-86.6459,100,2,1.0,1.0,5.4346e-20
9219.79024734,1.00263,0.002,-81.2973,0.9,79.4791,0.000329598,0.00409246,0.363521,-96.7038421074,-96.7038421074,130.58,-96.7038421074,6.57468e-07,500,367.405424027,9219.79024734,365.52407857,-88.5702,100,1,1.3679,2.05161,1.44647e-06
3741.2694187,1.0,0.01,-76.5989,0.9,60.8593,1.0,0.01,,-76.5989211904,-76.5989211904,107.35,-76.5989211904,0.01,500,100.0,3741.2694187,500.0,-90.5037,100,2,1.0,1.0,3.50449e-18
4887.8882163,1.0,0.005,-78.8901,0.9,65.3963,1.0,0.005,,-81.1811926045,-81.1811926045,112.6,-81.1811926045,0.005,500,200.000000102,4887.8882163,500.0,-88.7222,100,2,1.0,1.0,2.1793e-19
7192.80558328,1.0,0.00333333,-81.6732,0.9,72.3895,1.0,0.00333333,,-87.2393807574,-87.2393807574,119.45,-87.2393807574,0.00333333,500,299.999969474,7192.80558328,500.0,-89.7011,100,2,1.0,1.0,5.43914e-20
9273.66701902,1.0,0.0025,-85.3578,0.9,79.159,1.0,0.0025,,-96.4115631293,-96.4115631293,130.08,-96.4115631293,0.0025,500,400.0,9273.66701902,500.0,-92.3101,100,2,1.0,1.0,5.4346e-20
3745.90758958,1.00378,0.002,-66.8428,0.9,50.486,4.6645e-11,0.0207712,4.17618,-77.8393226424,-77.8393226424,109.72,-77.8393226424,9.2939e-14,500,97.3419140586,3745.90758958,97.4696355523,-80.9269,100,1,5.1298,10.4248,1.65793e-05
10340.6982518,1.0,0.01,-97.2824,0.9,101.179,1.0,0.01,,-97.2823695184,-97.2823695184,131.27,-97.2823695184,0.01,500,100.0,10340.6982518,500.0,-111.187,100,2,1.0,1.0,3.50449e-18
6020.31235165,1.0,0.005,-91.5544,0.9,90.1749,1.0,0.005,,-85.8265066253,-85.8265066253,118.96,-85.8265066253,0.005,500,200.000000102,6020.31235165,500.0,-101.387,100,2,1.0,1.0,2.1793e-19
2597.25697367,1.0,0.00333333,-85.3412,0.9,79.7202,1.0,0.00333333,,-72.9148249562,-72.9148249562,102.74,-72.9148249562,0.00333333,500,299.999969474,2597.25697367,500.0,-93.3691,100,2,1.0,1.0,5.43914e-20
6003.75179999,1.0,0.0025,-85.2136,0.9,79.0725,1.0,0.0025,,-84.8305610465,-84.8305610465,117.33,-84.8305610465,0.0025,500,400.0,6003.75179999,500.0,-92.1659,100,2,1.0,1.0,5.4346e-20
134.646428445,0.980429,0.002,-75.1501,0.9,71.513,6.05333e-08,0.00852161,1.33276,-65.9472046673,-65.9472046673,95.25,-65.9472046673,1.23483e-10,500,209.755893275,134.646428445,209.908819895,-84.7474,100,1,2.38199,4.17742,5.54599e-06
6084.3587871,1.0,0.01,-82.5959,0.9,77.6113,1.0,0.01,,-82.595858814,-82.595858814,113.89,-82.595858814,0.01,500,100.0,6084.3587871,500.0,-96.4998,100,2,1.0,1.0,3.50449e-18
6041.99958489,1.0,0.005,-82.7446,0.9,77.4762,1.0,0.005,,-82.8932409489,-82.8932409489,114.79,-82.8932409489,0.005,500,200.000000102,6041.99958489,500.0,-92.5764,100,2,1.0,1.0,2.1793e-19
1374.74131569,1.0,0.00333333,-78.6702,0.9,66.9969,1.0,0.00333333,,-70.5213545412,-70.5213545412,100.76,-70.5213545412,0.00333333,500,299.999969474,1374.74131569,500.0,-86.6979,100,2,1.0,1.0,5.43914e-20
4890.05529365,1.0,0.0025,-79.1067,0.9,67.6557,1.0,0.0025,,-80.4164586858,-80.4164586858,111.86,-80.4164586858,0.0025,500,400.0,4890.05529365,500.0,-86.059,100,2,1.0,1.0,5.4346e-20
7118.95828814,0.995021,0.002,-78.4479,0.9,62.0517,0.674407,0.00915411,0.186096,-88.3879582192,-88.3879582192,121.2,-88.3879582192,0.00135556,500,421.021940351,7118.95828814,382.658208897,-85.556,100,1,1.30665,4.55427,7.51852e-07
1335.68029991,1.0,0.01,-66.9406,0.9,36.3638,1.0,0.01,,-66.9405936012,-66.9405936012,95.6,-66.9405936012,0.01,500,100.0,1335.68029991,500.0,-80.8423,100,2,1.0,1.0,3.50449e-18
6000.37076539,1.0,0.005,-76.3488,0.9,60.9907,1.0,0.005,,-85.7570090799,-85.7570090799,117.84,-85.7570090799,0.005,500,200.000000102,6000.37076539,500.0,-86.1808,100,2,1.0,1.0,2.1793e-19
6049.5069407,1.0,0.00333333,-78.927,0.9,67.004,1.0,0.00333333,,-84.0834918012,-84.0834918012,115.96,-84.0834918012,0.00333333,500,299.999969474,6049.5069407,500.0,-86.9549,100,2,1.0,1.0,5.43914e-20
11355.0415248,1.0,0.0025,-84.6765,0.9,79.2256,1.0,0.0025,,-101.924755957,-101.924755957,136.02,-101.924755957,0.0025,500,400.0,11355.0415248,500.0,-91.6288,100,2,1.0,1.0,5.4346e-20
4913.62675288,0.949031,0.002,-78.2808,0.9,74.0682,0.000713815,0.016497,0.944831,-80.9772915684,-80.9772915684,112.46,-80.9772915684,1.5043e-06,500,244.26638546,4913.62675288,238.620221968,-87.2822,100,1,2.09538,7.82808,4.19617e-06
9328.87092386,1.0,0.01,-93.7081,0.9,96.1019,1.0,0.01,,-93.7081077139,-93.7081077139,127.41,-93.7081077139,0.01,500,100.0,9328.87092386,500.0,-107.613,100,2,1.0,1.0,3.50449e-18
7166.38860985,1.0,0.005,-90.4634,0.9,90.4195,1.0,0.005,,-87.2187128869,-87.2187128869,120.01,-87.2187128869,0.005,500,200.000000102,7166.38860985,500.0,-100.296,100,2,1.0,1.0,2.1793e-19
9150.65579924,1.0,0.00333333,-92.7884,0.9,92.0922,1.0,0.00333333,,-97.4384342542,-97.4384342542,131.73,-97.4384342542,0.00333333,500,299.999969474,9150.65579924,500.0,-100.817,100,2,1.0,1.0,5.43914e-20
8188.25372198,1.0,0.0025,-92.7315,0.9,91.5824,1.0,0.0025,,-92.5606904073,-92.5606904073,126.17,-92.5606904073,0.0025,500,400.0,8188.25372198,500.0,-99.6845,100,2,1.0,1.0,5.4346e-20
7172.08095339,1.02733,0.002,-68.9337,0.9,41.5887,,0.0204395,5.69749,-87.753518683,-87.753518683,120.58,-87.753518683,,500,78.2772276668,7172.08095339,84.2076859943,-84.0876,100,1,5.9377,10.4991,2.15934e-05
3758.43690063,1.0,0.01,-76.6542,0.9,60.9988,1.0,0.01,,-76.6542475104,-76.6542475104,107.85,-76.6542475104,0.01,500,100.0,3758.43690063,500.0,-90.5588,100,2,1.0,1.0,3.50449e-18
2600.77255703,1.0,0.005,-75.1778,0.9,56.1248,1.0,0.005,,-73.7013840508,-73.7013840508,104.03,-73.7013840508,0.005,500,200.000000102,2600.77255703,500.0,-85.0098,100,2,1.0,1.0,2.1793e-19
11447.8257086,1.0,0.00333333,-83.1575,0.9,77.4928,1.0,0.00333333,,-99.1169798382,-99.1169798382,132.73,-99.1169798382,0.00333333,500,299.999969474,11447.8257086,500.0,-91.1854,100,2,1.0,1.0,5.43914e-20
7140.68193266,1.0,0.0025,-84.2276,0.9,79.2124,1.0,0.0025,,-87.4378584135,-87.4378584135,119.39,-87.4378584135,0.0025,500,400.0,7140.68193266,500.0,-91.18,100,2,1.0,1.0,5.4346e-20
3807.61618663,0.96551,0.002,-80.6169,0.9,74.9388,0.220231,0.00992609,0.391642,-76.8967668961,-76.8967668961,107.39,-76.8967668961,0.000456195,500,352.290772372,3807.61618663,350.812522949,-88.0407,100,1,1.42526,4.79187,1.68049e-06
8231.01137429,1.0,0.01,-91.4245,0.9,90.2702,1.0,0.01,,-91.424499943,-91.424499943,124.68,-91.424499943,0.01,500,100.0,8231.01137429,500.0,-105.329,100,2,1.0,1.0,3.50449e-18
4924.09163029,1.0,0.005,-85.9554,0.9,80.8807,1.0,0.005,,-80.4863795945,-80.4863795945,111.85,-80.4863795945,0.005,500,200.000000102,4924.09163029,500.0,-95.7876,100,2,1.0,1.0,2.1793e-19
7265.91631825,1.0,0.00333333,-85.6434,0.9,82.2136,1.0,0.00333333,,-85.01929511,-85.01929511,116.22,-85.01929511,0.00333333,500,299.999969474,7265.91631825,500.0,-93.6713,100,2,1.0,1.0,5.43914e-20
7198.25820253,1.0,0.0025,-85.7782,0.9,82.7703,1.0,0.0025,,-86.1825561546,-86.1825561546,118.28,-86.1825561546,0.0025,500,400.0,7198.25820253,500.0,-92.7306,100,2,1.0,1.0,5.4346e-20
6038.10545398,1.05373,0.002,-73.4659,0.9,79.0704,5.38764e-31,0.0114302,2.45409,-83.3124987848,-83.3124987848,115.2,-83.3124987848,1.02258e-33,500,155.969030027,6038.10545398,145.661157527,-84.987,100,1,3.43262,6.02218,8.84075e-06
10215.531583,1.0,0.01,-100.459,0.9,100.565,1.0,0.01,,-100.459341496,-100.459341496,135.38,-100.459341496,0.01,500,100.0,10215.531583,500.0,-114.364,100,2,1.0,1.0,3.50449e-18
1384.21293771,1.0,0.005,-85.2537,0.9,77.2857,1.0,0.005,,-70.0481566051,-70.0481566051,99.58,-70.0481566051,0.005,500,200.000000102,1384.21293771,500.0,-95.0859,100,2,1.0,1.0,2.1793e-19
7147.51980962,1.0,0.00333333,-86.2391,0.9,79.6409,1.0,0.00333333,,-88.2096443416,-88.2096443416,121.03,-88.2096443416,0.00333333,500,299.999969474,7147.51980962,500.0,-94.267,100,2,1.0,1.0,5.43914e-20
8231.07683108,1.0,0.0025,-87.5398,0.9,82.4577,1.0,0.0025,,-91.441889829,-91.441889829,125.1,-91.441889829,0.0025,500,400.0,8231.07683108,500.0,-94.4921,100,2,1.0,1.0,5.4346e-20
6001.86773348,0.86875,0.002,-70.5945,0.9,58.1035,6.96836e-28,0.0250797,3.85665,-85.5467593765,-85.5467593765,117.96,-85.5467593765,1.60423e-30,500,81.9702607752,6001.86773348,82.3387633716,-85.9182,100,1,6.07247,10.894,2.044e-05
4905.09154276,1.0,0.01,-81.5807,0.9,69.6853,1.0,0.01,,-81.5807071503,-81.5807071503,113.3,-81.5807071503,0.01,500,100.0,4905.09154276,500.0,-95.4854,100,2,1.0,1.0,3.50449e-18
4906.61478606,1.0,0.005,-80.3707,0.9,69.7012,1.0,0.005,,-79.1607880011,-79.1607880011,110.84,-79.1607880011,0.005,500,200.000000102,4906.61478606,500.0,-90.2029,100,2,1.0,1.0,2.1793e-19
3765.62718467,1.0,0.00333333,-79.3155,0.9,66.9606,1.0,0.00333333,,-77.2049519981,-77.2049519981,108.04,-77.2049519981,0.00333333,500,299.999969474,3765.62718467,500.0,-87.3434,100,2,1.0,1.0,5.43914e-20
4920.76629799,1.0,0.0025,-79.9263,0.9,67.689,1.0,0.0025,,-81.7589153133,-81.7589153133,113.74,-81.7589153133,0.0025,500,400.0,4920.76629799,500.0,-86.8787,100,2,1.0,1.0,5.4346e-20
2593.9772752,0.989672,0.002,-77.8028,0.9,61.2178,0.737706,0.00864886,0.113159,-74.7290440929,-74.7290440929,105.7,-74.7290440929,0.00149081,500,448.309051875,2593.9772752,435.925335165,-84.4626,100,1,1.14699,4.27977,4.62132e-07
9277.86243679,1.0,0.01,-95.1799,0.9,95.8388,1.0,0.01,,-95.1798730196,-95.1798730196,129.08,-95.1798730196,0.01,500,100.0,9277.86243679,500.0,-109.085,100,2,1.0,1.0,3.50449e-18
10264.0533966,1.0,0.005,-97.0977,0.9,98.3714,1.0,0.005,,-99.0154957427,-99.0154957427,133.89,-99.0154957427,0.005,500,200.000000102,10264.0533966,500.0,-106.93,100,2,1.0,1.0,2.1793e-19
179.809507911,1.0,0.00333333,-87.2895,0.9,81.872,1.0,0.00333333,,-67.6729643908,-67.6729643908,96.88,-67.6729643908,0.00333333,500,299.999969474,179.809507911,500.0,-95.3173,100,2,1.0,1.0,5.43914e-20
10409.1783755,1.0,0.0025,-89.4991,0.9,87.2822,1.0,0.0025,,-96.1281128474,-96.1281128474,129.54,-96.1281128474,0.0025,500,400.0,10409.1783755,500.0,-96.4515,100,2,1.0,1.0,5.4346e-20
4811.9524473,0.994154,0.002,-78.461,0.9,92.1267,3.88008e-12,0.014233,1.72076,-82.5260680194,-82.5260680194,114.99,-82.5260680194,7.80579e-15,500,182.643405516,4811.9524473,175.78876031,-88.9484,100,1,2.84432,7.07489,6.96423e-06
9137.52221408,1.0,0.01,-96.6323,0.9,95.1112,1.0,0.01,,-96.6322907391,-96.6322907391,131.15,-96.6322907391,0.01,500,100.0,9137.52221408,500.0,-110.537,100,2,1.0,1.0,3.50449e-18
8219.11471711,1.0,0.005,-93.9501,0.9,92.7293,1.0,0.005,,-91.2679769708,-91.2679769708,124.13,-91.2679769708,0.005,500,200.000000102,8219.11471711,500.0,-103.782,100,2,1.0,1.0,2.1793e-19
4935.43117166,1.0,0.00333333,-88.8033,0.9,86.1055,1.0,0.00333333,,-78.5096551442,-78.5096551442,108.7,-78.5096551442,0.00333333,500,299.999969474,4935.43117166,500.0,-96.8312,100,2,1.0,1.0,5.43914e-20
7173.56041742,1.0,0.0025,-88.3752,0.9,85.6541,1.0,0.0025,,-87.0910438353,-87.0910438353,119.8,-87.0910438353,0.0025,500,400.0,7173.56041742,500.0,-95.3276,100,2,1.0,1.0,5.4346e-20
3809.17310669,0.966408,0.002,-80.2959,0.9,88.0504,0.0232225,0.0406763,1.39756,-77.5100272575,-77.5100272575,108.74,-77.5100272575,4.80593e-05,500,200.528328715,3809.17310669,255.869035783,-88.9885,100,1,1.95412,19.655,5.98562e-06
8234.08898175,1.0,0.01,-90.4168,0.9,90.287,1.0,0.01,,-90.4168305783,-90.4168305783,123.49,-90.4168305783,0.01,500,100.0,8234.08898175,500.0,-104.321,100,2,1.0,1.0,3.50449e-18
6018.10192357,1.0,0.005,-87.4387,0.9,84.0458,1.0,0.005,,-84.4605778168,-84.4605778168,116.66,-84.4605778168,0.005,500,200.000000102,6018.10192357,500.0,-97.2708,100,2,1.0,1.0,2.1793e-19
3782.77272354,1.0,0.00333333,-83.7402,0.9,77.3615,1.0,0.00333333,,-76.3431616257,-76.3431616257,106.61,-76.3431616257,0.00333333,500,299.999969474,3782.77272354,500.0,-91.7681,100,2,1.0,1.0,5.43914e-20
2602.29184556,1.0,0.0025,-81.0727,0.9,71.7915,1.0,0.0025,,-73.0700768149,-73.0700768149,102.86,-73.0700768149,0.0025,500,400.0,2602.29184556,500.0,-88.025,100,2,1.0,1.0,5.4346e-20
10330.4711932,1.0394,0.002,-81.7098,0.9,73.6892,0.281555,0.0132559,0.393328,-97.8740055479,-97.8740055479,131.24,-97.8740055479,0.000541763,500,366.745304428,10330.4711932,365.091178264,-88.987,100,1,1.36952,6.88911,1.45629e-06
4885.92096035,1.0,0.01,-82.2487,0.9,69.549,1.0,0.01,,-82.2486919427,-82.2486919427,114.04,-82.2486919427,0.01,500,100.0,4885.92096035,500.0,-96.1533,100,2,1.0,1.0,3.50449e-18
4912.88826902,1.0,0.005,-81.8371,0.9,69.6461,1.0,0.005,,-81.4256027947,-81.4256027947,113.28,-81.4256027947,0.005,500,200.000000102,4912.88826902,500.0,-91.6693,100,2,1.0,1.0,2.1793e-19
8163.23167201,1.0,0.00333333,-85.7045,0.9,77.1848,1.0,0.00333333,,-93.4392313434,-93.4392313434,127.06,-93.4392313434,0.00333333,500,299.999969474,8163.23167201,500.0,-93.7324,100,2,1.0,1.0,5.43914e-20
7165.68645864,1.0,0.0025,-86.1816,0.9,79.0083,1.0,0.0025,,-87.6130729333,-87.6130729333,119.66,-87.6130729333,0.0025,500,400.0,7165.68645864,500.0,-93.134,100,2,1.0,1.0,5.4346e-20
6041.6681069,1.06994,0.002,-68.7092,0.9,49.0764,5.64476e-22,0.0176786,4.60388,-83.3375397186,-83.3375397186,115.1,-83.3375397186,1.05516e-24,500,99.7283964765,6041.6681069,102.132301662,-82.468,100,1,4.89561,9.45752,1.60866e-05
8173.0001891,1.0,0.01,-93.7138,0.9,89.9515,1.0,0.01,,-93.7137850551,-93.7137850551,127.6,-93.7137850551,0.01,500,100.0,8173.0001891,500.0,-107.619,100,2,1.0,1.0,3.50449e-18
1410.84541859,1.0,0.005,-82.458,0.9,69.7904,1.0,0.005,,-71.202274863,-71.202274863,101.44,-71.202274863,0.005,500,200.000000102,1410.84541859,500.0,-92.2902,100,2,1.0,1.0,2.1793e-19
6053.17342087,1.0,0.00333333,-83.0739,0.9,72.4254,1.0,0.00333333,,-84.3056050234,-84.3056050234,116.96,-84.3056050234,0.00333333,500,299.999969474,6053.17342087,500.0,-91.1018,100,2,1.0,1.0,5.43914e-20
3746.98861809,1.0,0.0025,-82.0029,0.9,69.7488,1.0,0.0025,,-78.7899943185,-78.7899943185,110.45,-78.7899943185,0.0025,500,400.0,3746.98861809,500.0,-88.9553,100,2,1.0,1.0,5.4346e-20
8308.38337411,0.990888,0.002,-80.2489,0.9,65.1663,0.181397,0.0147888,0.459572,-89.1743382587,-89.1743382587,121.03,-89.1743382587,0.00036613,500,340.802258512,8308.38337411,357.455787867,-87.6034,100,1,1.39877,7.32701,1.87225e-06
3782.31729633,1.0,0.01,-77.3737,0.9,61.1923,1.0,0.01,,-77.3736625023,-77.3736625023,108.25,-77.3736625023,0.01,500,100.0,3782.31729633,500.0,-91.2775,100,2,1.0,1.0,3.50449e-18
6056.87685053,1.0,0.005,-81.8782,0.9,69.9335,1.0,0.005,,-86.3826638876,-86.3826638876,119.02,-86.3826638876,0.005,500,200.000000102,6056.87685053,500.0,-91.7102,100,2,1.0,1.0,2.1793e-19
3741.64586001,1.0,0.00333333,-80.0903,0.9,67.0939,1.0,0.00333333,,-76.5144456586,-76.5144456586,107.59,-76.5144456586,0.00333333,500,299.999969474,3741.64586001,500.0,-88.1181,100,2,1.0,1.0,5.43914e-20
3763.38800186,1.0,0.0025,-79.7251,0.9,65.6356,1.0,0.0025,,-78.6298076393,-78.6298076393,110.12,-78.6298076393,0.0025,500,400.0,3763.38800186,500.0,-86.6775,100,2,1.0,1.0,5.4346e-20
11328.2678242,0.988223,0.002,-78.6136,0.9,74.5359,1.88034e-06,0.0180991,0.829132,-100.902803912,-100.902803912,135.18,-100.902803912,3.80551e-09,500,270.66309652,11328.2678242,305.380028967,-86.5711,100,1,1.6373,8.94298,3.39605e-06
4859.82961559,1.0,0.01,-82.7433,0.9,69.363,1.0,0.01,,-82.7433162522,-82.7433162522,114.73,-82.7433162522,0.01,500,100.0,4859.82961559,500.0,-96.648,100,2,1.0,1.0,3.50449e-18
3800.63120825,1.0,0.005,-78.7655,0.9,65.5954,1.0,0.005,,-74.7876571116,-74.7876571116,104.7,-74.7876571116,0.005,500,200.000000102,3800.63120825,500.0,-88.5976,100,2,1.0,1.0,2.1793e-19
8183.57238988,1.0,0.00333333,-83.5075,0.9,74.927,1.0,0.00333333,,-92.9916461046,-92.9916461046,126.92,-92.9916461046,0.00333333,500,299.999969474,8183.57238988,500.0,-91.5355,100,2,1.0,1.0,5.43914e-20
7169.80485224,1.0,0.0025,-84.4887,0.9,77.3819,1.0,0.0025,,-87.4320625958,-87.4320625958,120.02,-87.4320625958,0.0025,500,400.0,7169.80485224,500.0,-91.441,100,2,1.0,1.0,5.4346e-20
9277.88117796,1.14823,0.002,-80.4918,0.9,76.5503,0.124323,0.0268144,1.88544,-94.3819939469,-94.3819939469,128.17,-94.3819939469,0.000216549,500,205.998047577,9277.88117796,223.04914479,-89.802,100,1,2.24166,15.3945,5.72027e-06
8251.30381186,1.0,0.01,-91.4024,0.9,90.3814,1.0,0.01,,-91.4024121398,-91.4024121398,124.87,-91.4024121398,0.01,500,100.0,8251.30381186,500.0,-105.307,100,2,1.0,1.0,3.50449e-18
7190.15540718,1.0,0.005,-89.1614,0.9,87.456,1.0,0.005,,-86.9204417986,-86.9204417986,119.27,-86.9204417986,0.005,500,200.000000102,7190.15540718,500.0,-98.9936,100,2,1.0,1.0,2.1793e-19
8295.87767149,1.0,0.00333333,-89.5112,0.9,88.5263,1.0,0.00333333,,-90.2106397538,-90.2106397538,122.86,-90.2106397538,0.00333333,500,299.999969474,8295.87767149,500.0,-97.5391,100,2,1.0,1.0,5.43914e-20
9216.1234251,1.0,0.0025,-91.1123,0.9,90.3679,1.0,0.0025,,-95.9155211233,-95.9155211233,130.49,-95.9155211233,0.0025,500,400.0,9216.1234251,500.0,-98.0646,100,2,1.0,1.0,5.4346e-20
9244.04059535,0.920364,0.002,-86.0785,0.9,90.7669,0.00109311,0.0111589,0.503151,-94.843459336,-94.843459336,129.16,-94.843459336,2.37538e-06,500,313.912435067,9244.04059535,310.999770289,-93.9632,100,1,1.60772,5.13513,2.37596e-06
4890.97663188,1.0,0.01,-82.0642,0.9,69.585,1.0,0.01,,-82.0641599715,-82.0641599715,113.89,-82.0641599715,0.01,500,100.0,4890.97663188,500.0,-95.9689,100,2,1.0,1.0,3.50449e-18
10353.2324744,1.0,0.005,-89.6746,0.9,87.1998,1.0,0.005,,-97.2849568014,-97.2849568014,130.83,-97.2849568014,0.005,500,200.000000102,10353.2324744,500.0,-99.5067,100,2,1.0,1.0,2.1793e-19
1341.27253018,1.0,0.00333333,-83.1198,0.9,74.8181,1.0,0.00333333,,-70.0101746038,-70.0101746038,99.83,-70.0101746038,0.00333333,500,299.999969474,1341.27253018,500.0,-91.1477,100,2,1.0,1.0,5.43914e-20
4946.47061637,1.0,0.0025,-82.0289,0.9,73.6623,1.0,0.0025,,-78.7563949423,-78.7563949423,109.62,-78.7563949423,0.0025,500,400.0,4946.47061637,500.0,-88.9813,100,2,1.0,1.0,5.4346e-20
3734.44790599,0.932738,0.002,-70.9933,0.9,53.4794,4.1129e-15,0.0112384,1.66263,-77.9369204,-77.9369204,109.43,-77.9369204,8.81897e-18,500,171.983713509,3734.44790599,174.041525605,-81.5333,100,1,2.87288,5.24126,7.64429e-06
3744.51747113,1.0,0.01,-77.8499,0.9,60.8857,1.0,0.01,,-77.8498816481,-77.8498816481,109.13,-77.8498816481,0.01,500,100.0,3744.51747113,500.0,-91.7546,100,2,1.0,1.0,3.50449e-18
6078.15225677,1.0,0.005,-80.4724,0.9,69.7789,1.0,0.005,,-83.0948466915,-83.0948466915,114.68,-83.0948466915,0.005,500,200.000000102,6078.15225677,500.0,-90.3045,100,2,1.0,1.0,2.1793e-19
3805.74923854,1.0,0.00333333,-78.4307,0.9,67.1588,1.0,0.00333333,,-74.3473738158,-74.3473738158,104.26,-74.3473738158,0.00333333,500,299.999969474,3805.74923854,500.0,-86.4586,100,2,1.0,1.0,5.43914e-20
8293.40122756,1.0,0.0025,-81.1745,0.9,73.8778,1.0,0.0025,,-89.4058983915,-89.4058983915,121.98,-89.4058983915,0.0025,500,400.0,8293.40122756,500.0,-88.1269,100,2,1.0,1.0,5.4346e-20
8283.91373714,1.11869,0.002,-72.8368,0.9,70.443,2.63217e-07,0.0163551,3.0567,-89.6444356492,-89.6444356492,122.1,-89.6444356492,4.70582e-10,500,145.449676278,8283.91373714,147.843526759,-84.2725,100,1,3.38195,9.14816,9.77e-06
8177.75500403,1.0,0.01,-92.489,0.9,89.9776,1.0,0.01,,-92.4889893982,-92.4889893982,126.48,-92.4889893982,0.01,500,100.0,8177.75500403,500.0,-106.394,100,2,1.0,1.0,3.50449e-18
5014.12245523,1.0,0.005,-86.4997,0.9,81.0299,1.0,0.005,,-80.5103338909,-80.5103338909,111.61,-80.5103338909,0.005,500,200.000000102,5014.12245523,500.0,-96.3317,100,2,1.0,1.0,2.1793e-19
3768.04694918,1.0,0.00333333,-83.2919,0.9,75.1084,1.0,0.00333333,,-76.8764289542,-76.8764289542,107.7,-76.8764289542,0.00333333,500,299.999969474,3768.04694918,500.0,-91.3198,100,2,1.0,1.0,5.43914e-20
7234.18705405,1.0,0.0025,-83.7794,0.9,77.6024,1.0,0.0025,,-85.2419803876,-85.2419803876,117.3,-85.2419803876,0.0025,500,400.0,7234.18705405,500.0,-90.7318,100,2,1.0,1.0,5.4346e-20
4928.72565566,0.988939,0.002,-81.932,0.9,71.575,0.649941,0.00718351,0.0842186,-81.5890199184,-81.5890199184,113.95,-81.5890199184,0.00131442,500,460.430051991,4928.72565566,427.655977843,-88.6558,100,1,1.16916,3.55203,3.44453e-07
6006.98515551,1.0,0.01,-84.8745,0.9,77.1162,1.0,0.01,,-84.8745126078,-84.8745126078,117.13,-84.8745126078,0.01,500,100.0,6006.98515551,500.0,-98.7793,100,2,1.0,1.0,3.50449e-18
8218.0134214,1.0,0.005,-88.0379,0.9,83.9725,1.0,0.005,,-91.2013580833,-91.2013580833,123.89,-91.2013580833,0.005,500,200.000000102,8218.0134214,500.0,-97.8701,100,2,1.0,1.0,2.1793e-19
6108.13725623,1.0,0.00333333,-86.5094,0.9,81.9834,1.0,0.00333333,,-83.4521937495,-83.4521937495,115.08,-83.4521937495,0.00333333,500,299.999969474,6108.13725623,500.0,-94.5373,100,2,1.0,1.0,5.43914e-20
7058.35165714,1.0,0.0025,-87.3675,0.9,82.4021,1.0,0.0025,,-89.9419370188,-89.9419370188,123.67,-89.9419370188,0.0025,500,400.0,7058.35165714,500.0,-94.3199,100,2,1.0,1.0,5.4346e-20
9220.58143909,0.992021,0.002,-86.2525,0.9,97.3971,0.00356943,0.00588113,0.57177,-96.0584428102,-96.0584428102,130.45,-96.0584428102,7.19627e-06,500,316.487018488,9220.58143909,324.811131061,-93.9677,100,1,1.53936,2.9171,2.32402e-06
9284.94742926,1.0,0.01,-94.7943,0.9,95.8754,1.0,0.01,,-94.7942703037,-94.7942703037,128.0,-94.7942703037,0.01,500,100.0,9284.94742926,500.0,-108.699,100,2,1.0,1.0,3.50449e-18
8204.36362306,1.0,0.005,-93.3107,0.9,93.0559,1.0,0.005,,-91.8271238345,-91.8271238345,124.74,-91.8271238345,0.005,500,200.000000102,8204.36362306,500.0,-103.143,100,2,1.0,1.0,2.1793e-19
4951.31068869,1.0,0.00333333,-88.9779,0.9,86.2811,1.0,0.00333333,,-80.3121999697,-80.3121999697,111.32,-80.3121999697,0.00333333,500,299.999969474,4951.31068869,500.0,-97.0058,100,2,1.0,1.0,5.43914e-20
4901.0253842,1.0,0.0025,-87.4725,0.9,82.481,1.0,0.0025,,-82.9563179518,-82.9563179518,115.67,-82.9563179518,0.0025,500,400.0,4901.0253842,500.0,-94.4249,100,2,1.0,1.0,5.4346e-20
9264.00616946,0.981692,0.002,-84.9681,0.9,89.6516,0.0240551,0.00904298,0.705773,-95.3702280207,-95.3702280207,129.13,-95.3702280207,4.90075e-05,500,288.870347454,9264.00616946,277.316891057,-93.3179,100,1,1.80299,4.43871,2.92938e-06
4918.48230916,1.0,0.01,-79.7781,0.9,69.7803,1.0,0.01,,-79.7780609046,-79.7780609046,111.48,-79.7780609046,0.01,500,100.0,4918.48230916,500.0,-93.6828,100,2,1.0,1.0,3.50449e-18
4979.44025939,1.0,0.005,-79.0871,0.9,69.9996,1.0,0.005,,-78.3961928059,-78.3961928059,108.96,-78.3961928059,0.005,500,200.000000102,4979.44025939,500.0,-88.9193,100,2,1.0,1.0,2.1793e-19
6031.18985085,1.0,0.00333333,-80.9554,0.9,72.5528,1.0,0.00333333,,-84.6918592422,-84.6918592422,116.86,-84.6918592422,0.00333333,500,299.999969474,6031.18985085,500.0,-88.9833,100,2,1.0,1.0,5.43914e-20
1362.82868927,1.0,0.0025,-78.0453,0.9,65.6554,1.0,0.0025,,-69.3152732776,-69.3152732776,98.86,-69.3152732776,0.0025,500,400.0,1362.82868927,500.0,-84.9977,100,2,1.0,1.0,5.4346e-20
9226.19291287,1.03461,0.002,-78.901,0.9,63.931,0.561153,0.0307855,0.843757,-94.8910217756,-94.8910217756,129.1,-94.8910217756,0.00108476,500,279.848958978,9226.19291287,361.441767196,-86.2148,100,1,1.38335,15.9255,3.15301e-06
6004.66811796,1.0,0.01,-85.4594,0.9,77.1014,1.0,0.01,,-85.4594178434,-85.4594178434,118.24,-85.4594178434,0.01,500,100.0,6004.66811796,500.0,-99.3638,100,2,1.0,1.0,3.50449e-18
1364.59216566,1.0,0.005,-77.8724,0.9,60.8716,1.0,0.005,,-70.2854275198,-70.2854275198,100.79,-70.2854275198,0.005,500,200.000000102,1364.59216566,500.0,-87.7044,100,2,1.0,1.0,2.1793e-19
2600.16303519,1.0,0.00333333,-75.9689,0.9,57.7541,1.0,0.00333333,,-72.161875585,-72.161875585,102.31,-72.161875585,0.00333333,500,299.999969474,2600.16303519,500.0,-83.9968,100,2,1.0,1.0,5.43914e-20
8217.57837136,1.0,0.0025,-79.7336,0.9,67.6611,1.0,0.0025,,-91.0277187392,-91.0277187392,123.89,-91.0277187392,0.0025,500,400.0,8217.57837136,500.0,-86.6859,100,2,1.0,1.0,5.4346e-20
2611.24836263,1.05527,0.002,-71.9694,0.9,62.9606,5.37268e-10,0.0145175,1.20881,-74.3611405332,-74.3611405332,105.11,-74.3611405332,1.01826e-12,500,240.000393904,2611.24836263,240.152211342,-80.942,100,1,2.08201,7.65993,4.34201e-06
6024.59159935,1.0,0.01,-85.1064,0.9,77.2292,1.0,0.01,,-85.1064240763,-85.1064240763,117.48,-85.1064240763,0.01,500,100.0,6024.59159935,500.0,-99.011,100,2,1.0,1.0,3.50449e-18
8220.75360327,1.0,0.005,-88.0424,0.9,84.0242,1.0,0.005,,-90.9784837581,-90.9784837581,124.28,-90.9784837581,0.005,500,200.000000102,8220.75360327,500.0,-97.8746,100,2,1.0,1.0,2.1793e-19
7161.23085882,1.0,0.00333333,-87.4191,0.9,84.0874,1.0,0.00333333,,-86.1725233369,-86.1725233369,118.23,-86.1725233369,0.00333333,500,299.999969474,7161.23085882,500.0,-95.447,100,2,1.0,1.0,5.43914e-20
8152.01635385,1.0,0.0025,-88.5982,0.9,85.5851,1.0,0.0025,,-92.1354333992,-92.1354333992,125.78,-92.1354333992,0.0025,500,400.0,8152.01635385,500.0,-95.5506,100,2,1.0,1.0,5.4346e-20
7149.85972942,0.940512,0.002,-73.5113,0.9,78.9516,7.62732e-14,0.0210406,3.57087,-86.2034358832,-86.2034358832,118.57,-86.2034358832,1.62195e-16,500,99.4272497873,7149.85972942,96.8426146811,-87.641,100,1,5.16302,9.89445,1.61475e-05
10251.4271948,1.0,0.01,-99.0227,0.9,100.742,1.0,0.01,,-99.0227125217,-99.0227125217,133.89,-99.0227125217,0.01,500,100.0,10251.4271948,500.0,-112.927,100,2,1.0,1.0,3.50449e-18
2596.70413353,1.0,0.005,-86.2216,0.9,80.7694,1.0,0.005,,-73.4204484801,-73.4204484801,103.48,-73.4204484801,0.005,500,200.000000102,2596.70413353,500.0,-96.0537,100,2,1.0,1.0,2.1793e-19
1371.90837546,1.0,0.00333333,-80.8602,0.9,69.709,1.0,0.00333333,,-70.1374515902,-70.1374515902,100.72,-70.1374515902,0.00333333,500,299.999969474,1371.90837546,500.0,-88.8881,100,2,1.0,1.0,5.43914e-20
7178.68046703,1.0,0.0025,-83.1439,0.9,73.7352,1.0,0.0025,,-89.9948542275,-89.9948542275,123.14,-89.9948542275,0.0025,500,400.0,7178.68046703,500.0,-90.0962,100,2,1.0,1.0,5.4346e-20
3802.73347493,1.02423,0.002,-68.7094,0.9,53.8555,1.26792e-08,0.0167532,3.28087,-76.8767093207,-76.8767093207,107.88,-76.8767093207,2.47585e-11,500,121.32289705,3802.73347493,119.252456724,-81.4424,100,1,4.19279,8.57957,1.25099e-05
8278.77527203,1.0,0.01,-90.9416,0.9,90.5317,1.0,0.01,,-90.941564194,-90.941564194,123.81,-90.941564194,0.01,500,100.0,8278.77527203,500.0,-104.846,100,2,1.0,1.0,3.50449e-18
2605.88659001,1.0,0.005,-82.2275,0.9,73.9178,1.0,0.005,,-73.5134357709,-73.5134357709,103.58,-73.5134357709,0.005,500,200.000000102,2605.88659001,500.0,-92.0596,100,2,1.0,1.0,2.1793e-19
4906.77402494,1.0,0.00333333,-81.507,0.9,72.5454,1.0,0.00333333,,-80.0659158213,-80.0659158213,111.37,-80.0659158213,0.00333333,500,299.999969474,4906.77402494,500.0,-89.5349,100,2,1.0,1.0,5.43914e-20
6024.44448932,1.0,0.0025,-82.4714,0.9,73.7629,1.0,0.0025,,-85.3646884431,-85.3646884431,117.76,-85.3646884431,0.0025,500,400.0,6024.44448932,500.0,-89.4238,100,2,1.0,1.0,5.4346e-20
3739.81628013,0.970501,0.002,-67.4939,0.9,45.5038,,0.0255305,3.93367,-78.8581576136,-78.8581576136,110.55,-78.8581576136,,500,96.7476876404,3739.81628013,103.406109127,-81.1677,100,1,4.8353,12.3887,1.67057e-05
4943.37707463,1.0,0.01,-80.49,0.9,69.9567,1.0,0.01,,-80.4899503055,-80.4899503055,111.87,-80.4899503055,0.01,500,100.0,4943.37707463,500.0,-94.3938,100,2,1.0,1.0,3.50449e-18
1381.79508015,1.0,0.005,-74.5199,0.9,56.2726,1.0,0.005,,-68.5498340839,-68.5498340839,96.85,-68.5498340839,0.005,500,200.000000102,1381.79508015,500.0,-84.352,100,2,1.0,1.0,2.1793e-19
6049.28394555,1.0,0.00333333,-77.7151,0.9,64.2476,1.0,0.00333333,,-84.1056581329,-84.1056581329,115.97,-84.1056581329,0.00333333,500,299.999969474,6049.28394555,500.0,-85.743,100,2,1.0,1.0,5.43914e-20
8238.10607296,1.0,0.0025,-81.1447,0.9,71.9029,1.0,0.0025,,-91.4335504186,-91.4335504186,124.34,-91.4335504186,0.0025,500,400.0,8238.10607296,500.0,-88.0971,100,2,1.0,1.0,5.4346e-20
3783.2490829,1.06724,0.002,-73.7341,0.9,65.1034,5.90563e-08,0.0213879,1.0734,-75.8571835443,-75.8571835443,106.97,-75.8571835443,1.10671e-10,500,257.663439258,3783.2490829,253.90486643,-82.4603,100,1,1.96924,11.4131,3.76961e-06
5991.87526397,1.0,0.01,-85.3511,0.9,77.0192,1.0,0.01,,-85.3511228941,-85.3511228941,117.89,-85.3511228941,0.01,500,100.0,5991.87526397,500.0,-99.2559,100,2,1.0,1.0,3.50449e-18
7112.13357903,1.0,0.005,-87.4841,0.9,80.5669,1.0,0.005,,-89.6170462947,-89.6170462947,122.86,-89.6170462947,0.005,500,200.000000102,7112.13357903,500.0,-97.3162,100,2,1.0,1.0,2.1793e-19
4924.61432943,1.0,0.00333333,-84.7872,0.9,77.2465,1.0,0.00333333,,-79.3933718999,-79.3933718999,110.16,-79.3933718999,0.00333333,500,299.999969474,4924.61432943,500.0,-92.8151,100,2,1.0,1.0,5.43914e-20
3755.93476989,1.0,0.0025,-82.811,0.9,73.5974,1.0,0.0025,,-76.8825346635,-76.8825346635,108.43,-76.8825346635,0.0025,500,400.0,3755.93476989,500.0,-89.7634,100,2,1.0,1.0,5.4346e-20
3752.60239329,0.975145,0.002,-76.4253,0.9,70.0825,0.404119,0.0562763,2.89125,-76.8646240826,-76.8646240826,108.23,-76.8646240826,0.000828838,500,123.933059873,3752.60239329,499.994516433,-82.6437,100,1,1.00001,27.4388,1.21621e-05
2575.47995292,1.0,0.01,-73.2149,0.9,50.4948,1.0,0.01,,-73.2149370226,-73.2149370226,103.46,-73.2149370226,0.01,500,100.0,2575.47995292,500.0,-87.1195,100,2,1.0,1.0,3.50449e-18
4900.24364388,1.0,0.005,-76.8122,0.9,60.9379,1.0,0.005,,-80.4095267187,-80.4095267187,112.16,-80.4095267187,0.005,500,200.000000102,4900.24364388,500.0,-86.6444,100,2,1.0,1.0,2.1793e-19
1433.38469935,1.0,0.00333333,-74.7151,0.9,54.3822,1.0,0.00333333,,-70.5208835833,-70.5208835833,100.66,-70.5208835833,0.00333333,500,299.999969474,1433.38469935,500.0,-82.743,100,2,1.0,1.0,5.43914e-20
2568.54977523,1.0,0.0025,-74.6409,0.9,53.421,1.0,0.0025,,-74.4182232901,-74.4182232901,105.08,-74.4182232901,0.0025,500,400.0,2568.54977523,500.0,-81.5933,100,2,1.0,1.0,5.4346e-20
2553.73769484,0.979995,0.002,-73.9183,0.9,48.7329,0.585737,0.00619698,0.0821468,-74.8656735116,-74.8656735116,106.4,-74.8656735116,0.00119539,500,460.674978116,2553.73769484,451.088562142,-80.4651,100,1,1.10843,3.03651,3.42139e-07
6081.13409479,1.0,0.01,-82.0271,0.9,77.5907,1.0,0.01,,-82.0271064301,-82.0271064301,112.93,-82.0271064301,0.01,500,100.0,6081.13409479,500.0,-95.9319,100,2,1.0,1.0,3.50449e-18
8255.0472608,1.0,0.005,-87.0895,0.9,84.3922,1.0,0.005,,-92.1518767279,-92.1518767279,125.2,-92.1518767279,0.005,500,200.000000102,8255.0472608,500.0,-96.9217,100,2,1.0,1.0,2.1793e-19
2690.7907787,1.0,0.00333333,-83.3209,0.9,75.2621,1.0,0.00333333,,-75.7836832571,-75.7836832571,107.33,-75.7836832571,0.00333333,500,299.999969474,2690.7907787,500.0,-91.3488,100,2,1.0,1.0,5.43914e-20
2541.52342936,1.0,0.0025,-81.0914,0.9,69.9445,1.0,0.0025,,-74.4031045057,-74.4031045057,105.22,-74.4031045057,0.0025,500,400.0,2541.52342936,500.0,-88.0438,100,2,1.0,1.0,5.4346e-20
7216.2620936,1.03439,0.002,-72.658,0.9,71.4904,1.25399e-10,0.0156501,2.71861,-87.5021766427,-87.5021766427,119.84,-87.5021766427,2.42459e-13,500,141.412577862,7216.2620936,140.276383978,-84.3981,100,1,3.56439,8.09416,1.01633e-05
4898.1476958,1.0,0.01,-81.1782,0.9,69.636,1.0,0.01,,-81.1782193461,-81.1782193461,113.17,-81.1782193461,0.01,500,100.0,4898.1476958,500.0,-95.0829,100,2,1.0,1.0,3.50449e-18
6067.55751245,1.0,0.005,-82.0356,0.9,73.6801,1.0,0.005,,-82.8929629765,-82.8929629765,114.95,-82.8929629765,0.005,500,200.000000102,6067.55751245,500.0,-91.8677,100,2,1.0,1.0,2.1793e-19
6016.77370568,1.0,0.00333333,-82.7398,0.9,74.8712,1.0,0.00333333,,-84.1483002613,-84.1483002613,116.46,-84.1483002613,0.00333333,500,299.999969474,6016.77370568,500.0,-90.7677,100,2,1.0,1.0,5.43914e-20
3762.39355032,1.0,0.0025,-81.6242,0.9,71.6882,1.0,0.0025,,-78.2773398864,-78.2773398864,109.08,-78.2773398864,0.0025,500,400.0,3762.39355032,500.0,-88.5765,100,2,1.0,1.0,5.4346e-20
3728.58523426,0.952439,0.002,-69.099,0.9,43.0634,1.79576e-30,0.0243616,4.91806,-79.3514686741,-79.3514686741,111.08,-79.3514686741,3.77086e-33,500,77.9950970141,3728.58523426,84.5458351152,-84.2212,100,1,5.91395,11.6015,2.1686e-05
8246.6052709,1.0,0.01,-90.7544,0.9,90.3556,1.0,0.01,,-90.7543537772,-90.7543537772,123.62,-90.7543537772,0.01,500,100.0,8246.6052709,500.0,-104.659,100,2,1.0,1.0,3.50449e-18
4846.32373555,1.0,0.005,-86.8153,0.9,80.601,1.0,0.005,,-82.8762111735,-82.8762111735,115.71,-82.8762111735,0.005,500,200.000000102,4846.32373555,500.0,-96.6474,100,2,1.0,1.0,2.1793e-19
4951.07513862,1.0,0.00333333,-84.388,0.9,77.3088,1.0,0.00333333,,-79.5334727353,-79.5334727353,111.18,-79.5334727353,0.00333333,500,299.999969474,4951.07513862,500.0,-92.4159,100,2,1.0,1.0,5.43914e-20
3740.11971391,1.0,0.0025,-83.0941,0.9,73.5744,1.0,0.0025,,-79.2123565824,-79.2123565824,111.25,-79.2123565824,0.0025,500,400.0,3740.11971391,500.0,-90.0465,100,2,1.0,1.0,5.4346e-20
7138.88761983,1.01459,0.002,-80.5215,0.9,79.9654,2.02613e-05,0.00892925,0.558178,-86.892009908,-86.892009908,119.6,-86.892009908,3.994e-08,500,324.43124609,7138.88761983,308.606752539,-88.4366,100,1,1.62018,4.52975,2.16897e-06
4898.62001565,1.0,0.01,-80.3492,0.9,69.6393,1.0,0.01,,-80.3492190848,-80.3492190848,112.05,-80.3492190848,0.01,500,100.0,4898.62001565,500.0,-94.254,100,2,1.0,1.0,3.50449e-18
4887.38319746,1.0,0.005,-81.392,0.9,69.6072,1.0,0.005,,-82.4348444624,-82.4348444624,114.16,-82.4348444624,0.005,500,200.000000102,4887.38319746,500.0,-91.2242,100,2,1.0,1.0,2.1793e-19
6024.37452717,1.0,0.00333333,-82.6396,0.9,72.2583,1.0,0.00333333,,-85.1347184165,-85.1347184165,117.19,-85.1347184165,0.00333333,500,299.999969474,6024.37452717,500.0,-90.6675,100,2,1.0,1.0,5.43914e-20
2603.53726611,1.0,0.0025,-80.3452,0.9,67.647,1.0,0.0025,,-73.4619228108,-73.4619228108,103.42,-73.4619228108,0.0025,500,400.0,2603.53726611,500.0,-87.2975,100,2,1.0,1.0,5.4346e-20
1387.60873958,1.06977,0.002,-71.4492,0.9,53.4441,6.9339e-06,0.068443,3.33613,-70.677945186,-70.677945186,100.49,-70.677945186,1.29633e-08,500,127.899847299,1387.60873958,243.00132743,-80.3691,100,1,2.0576,36.6092,1.16606e-05
6081.78140381,1.0,0.01,-84.709,0.9,77.5949,1.0,0.01,,-84.709019064,-84.709019064,116.19,-84.709019064,0.01,500,100.0,6081.78140381,500.0,-98.6135,100,2,1.0,1.0,3.50449e-18
10420.157651,1.0,0.005,-90.5415,0.9,90.5675,1.0,0.005,,-96.3740851964,-96.3740851964,129.89,-96.3740851964,0.005,500,200.000000102,10420.157651,500.0,-100.374,100,2,1.0,1.0,2.1793e-19
9381.48047397,1.0,0.00333333,-91.0009,0.9,92.5453,1.0,0.00333333,,-91.9194442703,-91.9194442703,124.47,-91.9194442703,0.00333333,500,299.999969474,9381.48047397,500.0,-99.0288,100,2,1.0,1.0,5.43914e-20
10273.4189448,1.0,0.0025,-92.8483,0.9,94.7438,1.0,0.0025,,-98.390795313,-98.390795313,132.68,-98.390795313,0.0025,500,400.0,10273.4189448,500.0,-99.8007,100,2,1.0,1.0,5.4346e-20
4908.51042468,0.987464,0.002,-87.7165,0.9,89.1146,0.00650703,0.0160576,0.477239,-80.3171532708,-80.3171532708,111.85,-80.3171532708,1.31793e-05,500,335.918848041,4908.51042468,341.777688831,-95.2378,100,1,1.46294,7.92817,1.95773e-06
3774.64592176,1.0,0.01,-75.2643,0.9,61.1302,1.0,0.01,,-75.2643378116,-75.2643378116,105.64,-75.2643378116,0.01,500,100.0,3774.64592176,500.0,-89.169,100,2,1.0,1.0,3.50449e-18
8073.99645109,1.0,0.005,-84.8369,0.9,77.1797,1.0,0.005,,-94.4093827043,-94.4093827043,128.65,-94.4093827043,0.005,500,200.000000102,8073.99645109,500.0,-94.669,100,2,1.0,1.0,2.1793e-19
9303.41442598,1.0,0.00333333,-87.9501,0.9,84.0277,1.0,0.00333333,,-94.1764546368,-94.1764546368,127.5,-94.1764546368,0.00333333,500,299.999969474,9303.41442598,500.0,-95.978,100,2,1.0,1.0,5.43914e-20
4910.36093904,1.0,0.0025,-86.0732,0.9,80.755,1.0,0.0025,,-80.4427669317,-80.4427669317,111.74,-80.4427669317,0.0025,500,400.0,4910.36093904,500.0,-93.0256,100,2,1.0,1.0,5.4346e-20
9289.64496287,1.0435,0.002,-80.8617,0.9,96.5097,0.000138107,0.0132476,1.79391,-93.4049422976,-93.4049422976,126.32,-93.4049422976,2.647e-07,500,189.095180517,9289.64496287,196.970388583,-90.7691,100,1,2.53845,6.91191,6.58987e-06
6060.12677272,1.0,0.01,-84.0925,0.9,77.4566,1.0,0.01,,-84.0925263062,-84.0925263062,116.29,-84.0925263062,0.01,500,100.0,6060.12677272,500.0,-97.9973,100,2,1.0,1.0,3.50449e-18
9247.79186549,1.0,0.005,-89.6715,0.9,87.227,1.0,0.005,,-95.2505018516,-95.2505018516,129.61,-95.2505018516,0.005,500,200.000000102,9247.79186549,500.0,-99.5036,100,2,1.0,1.0,2.1793e-19
4878.65854888,1.0,0.00333333,-87.0514,0.9,81.8294,1.0,0.00333333,,-81.8111691096,-81.8111691096,113.47,-81.8111691096,0.00333333,500,299.999969474,4878.65854888,500.0,-95.0793,100,2,1.0,1.0,5.43914e-20
6056.39221471,1.0,0.0025,-85.926,0.9,80.7762,1.0,0.0025,,-82.5497330381,-82.5497330381,114.09,-82.5497330381,0.0025,500,400.0,6056.39221471,500.0,-92.8783,100,2,1.0,1.0,5.4346e-20
6073.61854083,1.02242,0.002,-72.987,0.9,84.3615,5.8244e-21,0.0119438,1.94802,-82.9486552338,-82.9486552338,114.82,-82.9486552338,1.13934e-23,500,174.837056592,6073.61854083,175.524442748,-83.4823,100,1,2.84861,6.10577,7.45414e-06
6077.81100866,1.0,0.01,-82.4212,0.9,77.5695,1.0,0.01,,-82.421218493,-82.421218493,114.07,-82.421218493,0.01,500,100.0,6077.81100866,500.0,-96.3258,100,2,1.0,1.0,3.50449e-18
10364.6600995,1.0,0.005,-89.7674,0.9,90.5151,1.0,0.005,,-97.1135276024,-97.1135276024,131.35,-97.1135276024,0.005,500,200.000000102,10364.6600995,500.0,-99.5994,100,2,1.0,1.0,2.1793e-19
9326.3088216,1.0,0.00333333,-91.3658,0.9,92.438,1.0,0.00333333,,-94.5627879867,-94.5627879867,128.14,-94.5627879867,0.00333333,500,299.999969474,9326.3088216,500.0,-99.3938,100,2,1.0,1.0,5.43914e-20
12265.5974993,1.0,0.0025,-94.9664,0.9,97.3818,1.0,0.0025,,-105.76814014,-105.76814014,141.19,-105.76814014,0.0025,500,400.0,12265.5974993,500.0,-101.919,100,2,1.0,1.0,5.4346e-20
4922.21662434,1.11728,0.002,-83.6338,0.9,95.6441,1.26282e-08,0.0239395,1.89565,-79.5700854735,-79.5700854735,111.18,-79.5700854735,2.26051e-11,500,198.766191173,4922.21662434,207.638873556,-93.2834,100,1,2.40803,13.3736,6.07422e-06
3732.38689688,1.0,0.01,-78.1407,0.9,60.787,1.0,0.01,,-78.1407409075,-78.1407409075,109.33,-78.1407409075,0.01,500,100.0,3732.38689688,500.0,-92.0454,100,2,1.0,1.0,3.50449e-18
7165.33205471,1.0,0.005,-82.8003,0.9,73.594,1.0,0.005,,-87.4598452152,-87.4598452152,119.8,-87.4598452152,0.005,500,200.000000102,7165.33205471,500.0,-92.6324,100,2,1.0,1.0,2.1793e-19
6051.29361146,1.0,0.00333333,-83.3755,0.9,74.8886,1.0,0.00333333,,-84.526036526,-84.526036526,116.56,-84.526036526,0.00333333,500,299.999969474,6051.29361146,500.0,-91.4034,100,2,1.0,1.0,5.43914e-20
3786.70392055,1.0,0.0025,-81.6258,0.9,71.7818,1.0,0.0025,,-76.3763927862,-76.3763927862,106.86,-76.3763927862,0.0025,500,400.0,3786.70392055,500.0,-88.5782,100,2,1.0,1.0,5.4346e-20
7119.54585693,1.09521,0.002,-70.8012,0.9,40.7889,7.09077e-15,0.0131268,2.9327,-87.9668386744,-87.9668386744,120.64,-87.9668386744,1.29487e-17,500,145.346224764,7119.54585693,128.615050611,-83.062,100,1,3.88757,7.18833,9.77982e-06
4895.36630032,1.0,0.01,-80.6419,0.9,69.6162,1.0,0.01,,-80.6419288875,-80.6419288875,112.34,-80.6419288875,0.01,500,100.0,4895.36630032,500.0,-94.5467,100,2,1.0,1.0,3.50449e-18
3766.17317572,1.0,0.005,-77.8993,0.9,65.5361,1.0,0.005,,-75.1567527704,-75.1567527704,105.54,-75.1567527704,0.005,500,200.000000102,3766.17317572,500.0,-87.7315,100,2,1.0,1.0,2.1793e-19
3790.04216483,1.0,0.00333333,-77.3064,0.9,64.1462,1.0,0.00333333,,-76.1205671264,-76.1205671264,105.87,-76.1205671264,0.00333333,500,299.999969474,3790.04216483,500.0,-85.3343,100,2,1.0,1.0,5.43914e-20
7119.59609013,1.0,0.0025,-80.1196,0.9,69.799,1.0,0.0025,,-88.5593278505,-88.5593278505,121.32,-88.5593278505,0.0025,500,400.0,7119.59609013,500.0,-87.072,100,2,1.0,1.0,5.4346e-20
2624.66739157,1.03512,0.002,-72.7426,0.9,50.036,2.34321e-06,0.00746353,1.31981,-72.6712884316,-72.6712884316,103.28,-72.6712884316,4.52742e-09,500,224.284598868,2624.66739157,222.361734584,-82.0673,100,1,2.24859,3.86281,4.9271e-06
6045.64170299,1.0,0.01,-84.1332,0.9,77.364,1.0,0.01,,-84.1331941307,-84.1331941307,116.7,-84.1331941307,0.01,500,100.0,6045.64170299,500.0,-98.0379,100,2,1.0,1.0,3.50449e-18
9349.48395694,1.0,0.005,-88.6015,0.9,87.4103,1.0,0.005,,-93.0698828283,-93.0698828283,126.45,-93.0698828283,0.005,500,200.000000102,9349.48395694,500.0,-98.4337,100,2,1.0,1.0,2.1793e-19
11287.5405214,1.0,0.00333333,-93.4567,0.9,94.158,1.0,0.00333333,,-103.166954287,-103.166954287,137.88,-103.166954287,0.00333333,500,299.999969474,11287.5405214,500.0,-101.485,100,2,1.0,1.0,5.43914e-20
7133.27450455,1.0,0.0025,-91.9515,0.9,91.7692,1.0,0.0025,,-87.4358701542,-87.4358701542,119.85,-87.4358701542,0.0025,500,400.0,7133.27450455,500.0,-98.9039,100,2,1.0,1.0,5.4346e-20
8240.90305946,1.00704,0.002,-82.5939,0.9,108.57,3.96062e-07,0.0119066,1.68179,-90.5596565458,-90.5596565458,123.41,-90.5596565458,7.86589e-10,500,188.320200648,8240.90305946,195.911583299,-92.5282,100,1,2.55217,5.99518,6.63347e-06
6002.51049045,1.0,0.01,-84.5911,0.9,77.0875,1.0,0.01,,-84.5910681576,-84.5910681576,117.25,-84.5910681576,0.01,500,100.0,6002.51049045,500.0,-98.4955,100,2,1.0,1.0,3.50449e-18
5991.86273813,1.0,0.005,-84.9031,0.9,77.054,1.0,0.005,,-85.2152179797,-85.2152179797,117.65,-85.2152179797,0.005,500,200.000000102,5991.86273813,500.0,-94.7352,100,2,1.0,1.0,2.1793e-19
3775.48832637,1.0,0.00333333,-82.118,0.9,72.247,1.0,0.00333333,,-76.5477698773,-76.5477698773,107.38,-76.5477698773,0.00333333,500,299.999969474,3775.48832637,500.0,-90.1459,100,2,1.0,1.0,5.43914e-20
7082.31821408,1.0,0.0025,-84.0843,0.9,75.3604,1.0,0.0025,,-89.9829741468,-89.9829741468,123.24,-89.9829741468,0.0025,500,400.0,7082.31821408,500.0,-91.0366,100,2,1.0,1.0,5.4346e-20
7200.30172905,0.927645,0.002,-67.1961,0.9,43.7258,1.85204e-10,0.0241792,4.11172,-85.4306132255,-85.4306132255,117.2,-85.4306132255,3.99299e-13,500,86.6761707734,7200.30172905,95.2935227639,-81.4401,100,1,5.24695,11.2148,1.91126e-05
6111.59284651,1.0,0.01,-83.7507,0.9,77.7848,1.0,0.01,,-83.7506753103,-83.7506753103,115.62,-83.7506753103,0.01,500,100.0,6111.59284651,500.0,-97.6553,100,2,1.0,1.0,3.50449e-18
8190.33609086,1.0,0.005,-87.9007,0.9,84.2418,1.0,0.005,,-92.0506306967,-92.0506306967,125.82,-92.0506306967,0.005,500,200.000000102,8190.33609086,500.0,-97.7327,100,2,1.0,1.0,2.1793e-19
4901.11556156,1.0,0.00333333,-85.6546,0.9,79.7407,1.0,0.00333333,,-81.1624623901,-81.1624623901,112.58,-81.1624623901,0.00333333,500,299.999969474,4901.11556156,500.0,-93.6825,100,2,1.0,1.0,5.43914e-20
4942.5515274,1.0,0.0025,-84.4555,0.9,77.4372,1.0,0.0025,,-80.8581898248,-80.8581898248,112.76,-80.8581898248,0.0025,500,400.0,4942.5515274,500.0,-91.4078,100,2,1.0,1.0,5.4346e-20
7145.0407898,0.896961,0.002,-73.0294,0.9,67.586,,0.0212724,2.8869,-87.5196923639,-87.5196923639,120.13,-87.5196923639,,500,109.144421561,7145.0407898,129.437998971,-85.2511,100,1,3.86285,9.54024,1.43531e-05
8237.8747563,1.0,0.01,-90.4122,0.9,90.3078,1.0,0.01,,-90.4122125073,-90.4122125073,123.32,-90.4122125073,0.01,500,100.0,8237.8747563,500.0,-104.317,100,2,1.0,1.0,3.50449e-18
6009.41157935,1.0,0.005,-87.0276,0.9,84.0468,1.0,0.005,,-83.6430678132,-83.6430678132,115.47,-83.6430678132,0.005,500,200.000000102,6009.41157935,500.0,-96.8598,100,2,1.0,1.0,2.1793e-19
4922.26020647,1.0,0.00333333,-84.6587,0.9,79.6543,1.0,0.00333333,,-79.9207438655,-79.9207438655,111.72,-79.9207438655,0.00333333,500,299.999969474,4922.26020647,500.0,-92.6866,100,2,1.0,1.0,5.43914e-20
7153.42817928,1.0,0.0025,-85.4816,0.9,80.8153,1.0,0.0025,,-87.9505480039,-87.9505480039,120.83,-87.9505480039,0.0025,500,400.0,7153.42817928,500.0,-92.434,100,2,1.0,1.0,5.4346e-20
3810.85431489,1.04592,0.002,-82.3513,0.9,76.7107,0.479537,0.0192798,0.324089,-76.906437961,-76.906437961,107.75,-76.906437961,0.00091697,500,385.902193534,3810.85431489,423.606995533,-89.1071,100,1,1.18034,10.0825,1.18504e-06
5970.41386248,1.0,0.01,-84.9209,0.9,76.8811,1.0,0.01,,-84.9209213912,-84.9209213912,117.31,-84.9209213912,0.01,500,100.0,5970.41386248,500.0,-98.8257,100,2,1.0,1.0,3.50449e-18
3757.50856876,1.0,0.005,-82.4201,0.9,69.4376,1.0,0.005,,-79.9191807833,-79.9191807833,111.74,-79.9191807833,0.005,500,200.000000102,3757.50856876,500.0,-92.2522,100,2,1.0,1.0,2.1793e-19
6076.35539989,1.0,0.00333333,-82.5426,0.9,72.2469,1.0,0.00333333,,-82.7876878926,-82.7876878926,113.89,-82.7876878926,0.00333333,500,299.999969474,6076.35539989,500.0,-90.5705,100,2,1.0,1.0,5.43914e-20
4886.88746263,1.0,0.0025,-82.1852,0.9,71.5863,1.0,0.0025,,-81.1131176123,-81.1131176123,112.58,-81.1131176123,0.0025,500,400.0,4886.88746263,500.0,-89.1376,100,2,1.0,1.0,5.4346e-20
6044.32117925,0.986327,0.002,-79.3537,0.9,74.6161,0.000117661,0.0110175,0.494894,-83.9289834096,-83.9289834096,115.34,-83.9289834096,2.38584e-07,500,331.633736408,6044.32117925,335.87240016,-86.9409,100,1,1.48866,5.43341,2.03484e-06
6037.7689118,1.0,0.01,-83.8839,0.9,77.3136,1.0,0.01,,-83.8838677403,-83.8838677403,116.13,-83.8838677403,0.01,500,100.0,6037.7689118,500.0,-97.7886,100,2,1.0,1.0,3.50449e-18
6049.8493642,1.0,0.005,-83.8982,0.9,77.3523,1.0,0.005,,-83.9125166784,-83.9125166784,115.47,-83.9125166784,0.005,500,200.000000102,6049.8493642,500.0,-93.7303,100,2,1.0,1.0,2.1793e-19
7093.8528493,1.0,0.00333333,-85.5468,0.9,79.5947,1.0,0.00333333,,-88.8438553475,-88.8438553475,121.73,-88.8438553475,0.00333333,500,299.999969474,7093.8528493,500.0,-93.5747,100,2,1.0,1.0,5.43914e-20
5996.20851138,1.0,0.0025,-85.8938,0.9,78.9678,1.0,0.0025,,-86.9347802398,-86.9347802398,120.06,-86.9347802398,0.0025,500,400.0,5996.20851138,500.0,-92.8461,100,2,1.0,1.0,5.4346e-20
4902.49331561,0.998307,0.002,-83.5971,0.9,77.8255,0.28491,0.00559903,0.145395,-80.903277761,-80.903277761,112.59,-80.903277761,0.000570787,500,436.454720427,4902.49331561,434.646234593,-90.2666,100,1,1.15036,2.79478,5.83554e-07
4879.61967177,1.0,0.01,-81.2721,0.9,69.5041,1.0,0.01,,-81.2720619303,-81.2720619303,113.47,-81.2720619303,0.01,500,100.0,4879.61967177,500.0,-95.1768,100,2,1.0,1.0,3.50449e-18
6033.25276862,1.0,0.005,-83.0486,0.9,73.5189,1.0,0.005,,-84.8250920665,-84.8250920665,117.61,-84.8250920665,0.005,500,200.000000102,6033.25276862,500.0,-92.8807,100,2,1.0,1.0,2.1793e-19
9267.47337848,1.0,0.00333333,-87.1171,0.9,81.8213,1.0,0.00333333,,-95.2542544234,-95.2542544234,129.57,-95.2542544234,0.00333333,500,299.999969474,9267.47337848,500.0,-95.1451,100,2,1.0,1.0,5.43914e-20
7101.69000545,1.0,0.0025,-87.5355,0.9,82.3361,1.0,0.0025,,-88.7905840009,-88.7905840009,122.04,-88.7905840009,0.0025,500,400.0,7101.69000545,500.0,-94.4879,100,2,1.0,1.0,5.4346e-20
4908.33880119,0.965683,0.002,-83.6822,0.9,74.4901,0.289578,0.00670844,0.110421,-80.9755606923,-80.9755606923,112.34,-80.9755606923,0.000599736,500,447.159700332,4908.33880119,402.542146774,-90.6126,100,1,1.24211,3.23911,4.73632e-07
7054.60089487,1.0,0.01,-89.7127,0.9,83.5707,1.0,0.01,,-89.7126955898,-89.7126955898,123.13,-89.7126955898,0.01,500,100.0,7054.60089487,500.0,-103.617,100,2,1.0,1.0,3.50449e-18
1387.43703919,1.0,0.005,-79.4771,0.9,65.449,1.0,0.005,,-69.2414799009,-69.2414799009,98.88,-69.2414799009,0.005,500,200.000000102,1387.43703919,500.0,-89.3092,100,2,1.0,1.0,2.1793e-19
1451.83419754,1.0,0.00333333,-76.3159,0.9,57.9207,1.0,0.00333333,,-69.9934909908,-69.9934909908,99.23,-69.9934909908,0.00333333,500,299.999969474,1451.83419754,500.0,-84.3438,100,2,1.0,1.0,5.43914e-20
2612.15713266,1.0,0.0025,-75.8719,0.9,56.2424,1.0,0.0025,,-74.5398351678,-74.5398351678,105.37,-74.5398351678,0.0025,500,400.0,2612.15713266,500.0,-82.8243,100,2,1.0,1.0,5.4346e-20
3762.31448608,0.95661,0.002,-74.3594,0.9,60.5926,0.00186513,0.0234151,0.869043,-79.2913354523,-79.2913354523,110.59,-79.2913354523,3.89947e-06,500,256.703961747,3762.31448608,302.896051212,-82.3489,100,1,1.65073,11.1996,3.79867e-06
2583.96686906,1.0,0.01,-74.5844,0.9,50.5779,1.0,0.01,,-74.5844022092,-74.5844022092,105.45,-74.5844022092,0.01,500,100.0,2583.96686906,500.0,-88.489,100,2,1.0,1.0,3.50449e-18
3767.18710958,1.0,0.005,-75.9698,0.9,56.0869,1.0,0.005,,-77.3551194036,-77.3551194036,108.76,-77.3551194036,0.005,500,200.000000102,3767.18710958,500.0,-85.8018,100,2,1.0,1.0,2.1793e-19
4898.79663614,1.0,0.00333333,-77.7964,0.9,60.9954,1.0,0.00333333,,-81.4498052336,-81.4498052336,113.46,-81.4498052336,0.00333333,500,299.999969474,4898.79663614,500.0,-85.8243,100,2,1.0,1.0,5.43914e-20
2612.59706406,1.0,0.0025,-76.5597,0.9,58.6646,1.0,0.0025,,-72.8496103927,-72.8496103927,103.17,-72.8496103927,0.0025,500,400.0,2612.59706406,500.0,-83.5121,100,2,1.0,1.0,5.4346e-20
6085.29285392,1.17714,0.002,-73.8819,0.9,48.9445,0.682174,0.0267249,0.947343,-82.6553054243,-82.6553054243,114.08,-82.6553054243,0.00115904,500,297.210827507,6085.29285392,378.304842718,-81.0308,100,1,1.32169,15.7295,2.73471e-06
8094.65931927,1.0,0.01,-94.1556,0.9,89.5193,1.0,0.01,,-94.1556271705,-94.1556271705,128.03,-94.1556271705,0.01,500,100.0,8094.65931927,500.0,-108.06,100,2,1.0,1.0,3.50449e-18
4916.85249876,1.0,0.005,-87.5449,0.9,80.5258,1.0,0.005,,-80.934122414,-80.934122414,112.52,-80.934122414,0.005,500,200.000000102,4916.85249876,500.0,-97.377,100,2,1.0,1.0,2.1793e-19
4877.4053249,1.0,0.00333333,-85.8688,0.9,77.059,1.0,0.00333333,,-82.5166523018,-82.5166523018,114.52,-82.5166523018,0.00333333,500,299.999969474,4877.4053249,500.0,-93.8967,100,2,1.0,1.0,5.43914e-20
2607.74683055,1.0,0.0025,-82.9874,0.9,71.5814,1.0,0.0025,,-74.3431662688,-74.3431662688,104.68,-74.3431662688,0.0025,500,400.0,2607.74683055,500.0,-89.9397,100,2,1.0,1.0,5.4346e-20
4908.82250561,0.970254,0.002,-81.1939,0.9,77.1537,0.000219877,0.00360808,0.283329,-81.9570846419,-81.9570846419,114.06,-81.9570846419,4.53236e-07,500,384.507489447,4908.82250561,403.009224918,-88.1202,100,1,1.24067,1.75037,1.20387e-06
3772.1608186,1.0,0.01,-75.2249,0.9,61.1101,1.0,0.01,,-75.2248920467,-75.2248920467,105.29,-75.2248920467,0.01,500,100.0,3772.1608186,500.0,-89.126,100,2,1.0,1.0,3.50449e-18
4991.56112054,1.0,0.005,-76.5619,0.9,65.8774,1.0,0.005,,-77.8988333532,-77.8988333532,107.9,-77.8988333532,0.005,500,200.000000102,4991.56112054,500.0,-86.3939,100,2,1.0,1.0,2.1793e-19
8195.91130381,1.0,0.00333333,-81.5609,0.9,75.1522,1.0,0.00333333,,-91.5590354046,-91.5590354046,124.94,-91.5590354046,0.00333333,500,299.999969474,8195.91130381,500.0,-89.5887,100,2,1.0,1.0,5.43914e-20
7148.43497692,1.0,0.0025,-83.1143,0.9,77.5394,1.0,0.0025,,-87.7746534768,-87.7746534768,120.56,-87.7746534768,0.0025,500,400.0,7148.43497692,500.0,-90.0666,100,2,1.0,1.0,5.4346e-20
2581.17817077,1.07323,0.002,-74.9632,0.9,71.1664,0.00836324,0.00805329,1.05839,-73.5614741631,-73.5614741631,103.69,-73.5614741631,1.55851e-05,500,260.818738377,2581.17817077,286.537041622,-83.1775,100,1,1.74498,4.32153,3.67551e-06
2591.6060422,1.0,0.01,-71.9343,0.9,50.6526,1.0,0.01,,-71.9343036558,-71.9343036558,102.31,-71.9343036558,0.01,500,100.0,2591.6060422,500.0,-85.8386,100,2,1.0,1.0,3.50449e-18
4892.95147325,1.0,0.005,-75.9551,0.9,61.0002,1.0,0.005,,-79.9759563318,-79.9759563318,111.26,-79.9759563318,0.005,500,200.000000102,4892.95147325,500.0,-85.7872,100,2,1.0,1.0,2.1793e-19
14208.7960237,1.0,0.00333333,-87.8029,0.9,86.3153,1.0,0.00333333,,-111.498498326,-111.498498326,147.78,-111.498498326,0.00333333,500,299.999969474,14208.7960237,500.0,-95.8309,100,2,1.0,1.0,5.43914e-20
4919.01649414,1.0,0.0025,-85.6793,0.9,82.5756,1.0,0.0025,,-79.3083383788,-79.3083383788,110.32,-79.3083383788,0.0025,500,400.0,4919.01649414,500.0,-92.6317,100,2,1.0,1.0,5.4346e-20
9209.13386699,1.09859,0.002,-85.3767,0.9,84.5711,0.0631844,0.0132602,0.410905,-95.7265105754,-95.7265105754,130.14,-95.7265105754,0.000115028,500,373.196235679,9209.13386699,389.459830325,-92.4231,100,1,1.28383,7.28377,1.36185e-06
2561.61262489,1.0,0.01,-73.0347,0.9,50.3587,1.0,0.01,,-73.03465681,-73.03465681,103.12,-73.03465681,0.01,500,100.0,2561.61262489,500.0,-86.9394,100,2,1.0,1.0,3.50449e-18
7151.10923467,1.0,0.005,-80.1385,0.9,69.7012,1.0,0.005,,-87.242451769,-87.242451769,119.39,-87.242451769,0.005,500,200.000000102,7151.10923467,500.0,-89.9707,100,2,1.0,1.0,2.1793e-19
8223.92773644,1.0,0.00333333,-83.8127,0.9,77.3288,1.0,0.00333333,,-91.1610134874,-91.1610134874,123.98,-91.1610134874,0.00333333,500,299.999969474,8223.92773644,500.0,-91.8406,100,2,1.0,1.0,5.43914e-20
6042.77289699,1.0,0.0025,-84.0216,0.9,77.3338,1.0,0.0025,,-84.6484278713,-84.6484278713,117.06,-84.6484278713,0.0025,500,400.0,6042.77289699,500.0,-90.974,100,2,1.0,1.0,5.4346e-20
7183.03747719,0.942349,0.002,-70.7923,0.9,57.8151,8.35799e-24,0.0702954,5.44824,-88.3159297527,-88.3159297527,120.64,-88.3159297527,1.77386e-26,500,70.1953150194,7183.03747719,169.231681716,-81.4809,100,1,2.95453,33.1214,2.4541e-05
11381.0521605,1.0,0.01,-101.571,0.9,106.147,1.0,0.01,,-101.570520726,-101.570520726,135.97,-101.570520726,0.01,500,100.0,11381.0521605,500.0,-115.475,100,2,1.0,1.0,3.50449e-18
9227.34420911,1.0,0.005,-98.2736,0.9,101.055,1.0,0.005,,-94.9766594172,-94.9766594172,129.29,-94.9766594172,0.005,500,200.000000102,9227.34420911,500.0,-108.106,100,2,1.0,1.0,2.1793e-19
3729.21310891,1.0,0.00333333,-91.3568,0.9,90.1906,1.0,0.00333333,,-77.5233332008,-77.5233332008,108.46,-77.5233332008,0.00333333,500,299.999969474,3729.21310891,500.0,-99.3848,100,2,1.0,1.0,5.43914e-20
4933.60763233,1.0,0.0025,-88.3341,0.9,85.7277,1.0,0.0025,,-79.2657389322,-79.2657389322,110.01,-79.2657389322,0.0025,500,400.0,4933.60763233,500.0,-95.2864,100,2,1.0,1.0,5.4346e-20
8253.24392221,1.2962,0.002,-85.4692,0.9,123.81,4.32952e-05,0.00971905,2.4865,-90.4241047044,-90.4241047044,123.63,-90.4241047044,6.68033e-08,500,201.858481227,8253.24392221,346.152309842,-92.9428,100,1,1.44445,6.29892,5.91977e-06
2619.81517663,1.0,0.01,-75.5152,0.9,50.9276,1.0,0.01,,-75.5151852621,-75.5151852621,106.37,-75.5151852621,0.01,500,100.0,2619.81517663,500.0,-89.4197,100,2,1.0,1.0,3.50449e-18
2582.53170731,1.0,0.005,-74.4277,0.9,50.7577,1.0,0.005,,-73.3402172203,-73.3402172203,103.17,-73.3402172203,0.005,500,200.000000102,2582.53170731,500.0,-84.2597,100,2,1.0,1.0,2.1793e-19
6134.54143895,1.0,0.00333333,-76.632,0.9,61.251,1.0,0.00333333,,-81.0405940984,-81.0405940984,111.5,-81.0405940984,0.00333333,500,299.999969474,6134.54143895,500.0,-84.6599,100,2,1.0,1.0,5.43914e-20
4929.63512921,1.0,0.0025,-77.4735,0.9,63.5293,1.0,0.0025,,-79.9979287499,-79.9979287499,111.64,-79.9979287499,0.0025,500,400.0,4929.63512921,500.0,-84.4259,100,2,1.0,1.0,5.4346e-20
6047.47967838,1.18674,0.002,-76.2369,0.9,69.4167,0.370405,0.00692619,1.16951,-84.6514900775,-84.6514900775,116.72,-84.6514900775,0.000624242,500,273.409994877,6047.47967838,406.041466859,-83.1374,100,1,1.2314,4.10978,3.32166e-06
4930.73632775,1.0,0.01,-79.6561,0.9,69.8672,1.0,0.01,,-79.6560880771,-79.6560880771,110.67,-79.6560880771,0.01,500,100.0,4930.73632775,500.0,-93.5607,100,2,1.0,1.0,3.50449e-18
13229.2158932,1.0,0.005,-94.1209,0.9,95.9083,1.0,0.005,,-108.585648771,-108.585648771,144.72,-108.585648771,0.005,500,200.000000102,13229.2158932,500.0,-103.953,100,2,1.0,1.0,2.1793e-19
7164.75606413,1.0,0.00333333,-91.588,0.9,92.2468,1.0,0.00333333,,-86.5223258127,-86.5223258127,118.72,-86.5223258127,0.00333333,500,299.999969474,7164.75606413,500.0,-99.6159,100,2,1.0,1.0,5.43914e-20
6040.42055602,1.0,0.0025,-89.5771,0.9,88.8214,1.0,0.0025,,-83.5442809471,-83.5442809471,115.73,-83.5442809471,0.0025,500,400.0,6040.42055602,500.0,-96.5298,100,2,1.0,1.0,5.4346e-20
4905.85109535,1.15401,0.002,-84.4029,0.9,95.9634,1.07613e-06,0.00309609,0.65601,-81.1909385873,-81.1909385873,112.74,-81.1909385873,1.86504e-09,500,335.207441098,4905.85109535,399.801276755,-91.3574,100,1,1.25062,1.78645,1.9704e-06
6060.04147952,1.0,0.01,-83.839,0.9,77.4561,1.0,0.01,,-83.8389544407,-83.8389544407,115.24,-83.8389544407,0.01,500,100.0,6060.04147952,500.0,-97.7436,100,2,1.0,1.0,3.50449e-18
7068.38473246,1.0,0.005,-86.6868,0.9,80.664,1.0,0.005,,-89.5346803989,-89.5346803989,123.12,-89.5346803989,0.005,500,200.000000102,7068.38473246,500.0,-96.519,100,2,1.0,1.0,2.1793e-19
10128.7638748,1.0,0.00333333,-91.652,0.9,87.9181,1.0,0.00333333,,-101.582488891,-101.582488891,137.01,-101.582488891,0.00333333,500,299.999969474,10128.7638748,500.0,-99.68,100,2,1.0,1.0,5.43914e-20
3761.74634621,1.0,0.0025,-88.3434,0.9,82.2257,1.0,0.0025,,-78.4173537733,-78.4173537733,109.78,-78.4173537733,0.0025,500,400.0,3761.74634621,500.0,-95.2957,100,2,1.0,1.0,5.4346e-20
4976.66637658,2.04172,0.002,-81.8256,0.9,123.227,0.00720122,0.0105889,9.58685,-80.1381356035,-80.1381356035,111.53,-80.1381356035,7.05408e-06,500,151.736875582,4976.66637658,327.797956046,-89.5056,100,1,1.52533,10.8098,9.19908e-06
3761.74153805,1.0,0.01,-78.3015,0.9,61.0256,1.0,0.01,,-78.3014523961,-78.3014523961,109.34,-78.3014523961,0.01,500,100.0,3761.74153805,500.0,-92.2061,100,2,1.0,1.0,3.50449e-18
1402.96488742,1.0,0.005,-74.7019,0.9,50.6901,1.0,0.005,,-71.1023203103,-71.1023203103,101.67,-71.1023203103,0.005,500,200.000000102,1402.96488742,500.0,-84.5339,100,2,1.0,1.0,2.1793e-19
7092.85506216,1.0,0.00333333,-79.171,0.9,63.9811,1.0,0.00333333,,-88.1091999699,-88.1091999699,120.81,-88.1091999699,0.00333333,500,299.999969474,7092.85506216,500.0,-87.1988,100,2,1.0,1.0,5.43914e-20
7011.76458894,1.0,0.0025,-82.4354,0.9,69.5526,1.0,0.0025,,-92.2286751758,-92.2286751758,126.44,-92.2286751758,0.0025,500,400.0,7011.76458894,500.0,-89.3877,100,2,1.0,1.0,5.4346e-20
4959.75439839,3.32102,0.002,-64.6188,0.9,46.9066,0.615691,0.169872,447.198,-79.6236132579,-79.6236132579,110.6,-79.6236132579,0.000370785,500,12.0580708259,4959.75439839,245.131247925,-73.4999,100,1,2.03972,282.074,0.000162188
7181.7324414,1.0,0.01,-88.5937,0.9,84.3203,1.0,0.01,,-88.593740827,-88.593740827,121.37,-88.593740827,0.01,500,100.0,7181.7324414,500.0,-102.498,100,2,1.0,1.0,3.50449e-18
6043.38184334,1.0,0.005,-86.2619,0.9,80.9436,1.0,0.005,,-83.9300481156,-83.9300481156,115.53,-83.9300481156,0.005,500,200.000000102,6043.38184334,500.0,-96.094,100,2,1.0,1.0,2.1793e-19
14119.8931192,1.0,0.00333333,-95.0539,0.9,95.8232,1.0,0.00333333,,-112.638057728,-112.638057728,149.15,-112.638057728,0.00333333,500,299.999969474,14119.8931192,500.0,-103.082,100,2,1.0,1.0,5.43914e-20
6044.35328242,1.0,0.0025,-92.2743,0.9,91.6827,1.0,0.0025,,-83.9354436022,-83.9354436022,115.83,-83.9354436022,0.0025,500,400.0,6044.35328242,500.0,-99.2267,100,2,1.0,1.0,5.4346e-20
4940.30724025,1.16744,0.002,-86.8876,0.9,87.4246,0.108784,0.00388348,0.403852,-80.3803140748,-80.3803140748,111.6,-80.3803140748,0.000186362,500,385.884101319,4940.30724025,384.851987698,-93.9755,100,1,1.2992,2.26687,1.18525e-06
2601.11200943,1.0,0.01,-72.7621,0.9,50.7455,1.0,0.01,,-72.7620729589,-72.7620729589,103.15,-72.7620729589,0.01,500,100.0,2601.11200943,500.0,-86.6666,100,2,1.0,1.0,3.50449e-18
7169.44623488,1.0,0.005,-80.2579,0.9,69.9472,1.0,0.005,,-87.7536684003,-87.7536684003,120.29,-87.7536684003,0.005,500,200.000000102,7169.44623488,500.0,-90.09,100,2,1.0,1.0,2.1793e-19
1369.46888146,1.0,0.00333333,-77.2361,0.9,61.0895,1.0,0.00333333,,-71.1925933261,-71.1925933261,101.74,-71.1925933261,0.00333333,500,299.999969474,1369.46888146,500.0,-85.264,100,2,1.0,1.0,5.43914e-20
6078.76014228,1.0,0.0025,-78.56,0.9,65.6407,1.0,0.0025,,-82.5318069443,-82.5318069443,114.04,-82.5318069443,0.0025,500,400.0,6078.76014228,500.0,-85.5124,100,2,1.0,1.0,5.4346e-20
6057.3267192,1.10449,0.002,-78.8662,0.9,67.518,0.069473,0.00210654,0.0491355,-84.0635792205,-84.0635792205,116.45,-84.0635792205,0.000125801,500,480.678638121,6057.3267192,484.121414483,-85.1858,100,1,1.0328,1.16333,1.61112e-07
6111.72802962,1.0,0.01,-81.2591,0.9,77.7857,1.0,0.01,,-81.2591192766,-81.2591192766,112.23,-81.2591192766,0.01,500,100.0,6111.72802962,500.0,-95.1637,100,2,1.0,1.0,3.50449e-18
3746.75393282,1.0,0.005,-78.9023,0.9,69.8964,1.0,0.005,,-76.5454268819,-76.5454268819,107.27,-76.5454268819,0.005,500,200.000000102,3746.75393282,500.0,-88.7343,100,2,1.0,1.0,2.1793e-19
8250.84490541,1.0,0.00333333,-83.0591,0.9,77.5522,1.0,0.00333333,,-91.3725940645,-91.3725940645,123.98,-91.3725940645,0.00333333,500,299.999969474,8250.84490541,500.0,-91.087,100,2,1.0,1.0,5.43914e-20
2535.34664675,1.0,0.0025,-81.2866,0.9,71.7473,1.0,0.0025,,-75.9694732904,-75.9694732904,106.71,-75.9694732904,0.0025,500,400.0,2535.34664675,500.0,-88.239,100,2,1.0,1.0,5.4346e-20
7096.30097162,3.0674,0.002,-69.9442,0.9,57.9136,0.0479354,0.0771523,241.445,-88.8275124976,-88.8275124976,121.94,-88.8275124976,3.12547e-05,500,18.7901179614,7096.30097162,279.970023885,-78.2543,100,1,1.78591,118.329,0.000102645
2517.72205367,1.0,0.01,-75.6832,0.9,49.9254,1.0,0.01,,-75.6831799828,-75.6831799828,107.28,-75.6831799828,0.01,500,100.0,2517.72205367,500.0,-89.5877,100,2,1.0,1.0,3.50449e-18
6100.23990816,1.0,0.005,-79.8438,0.9,65.4462,1.0,0.005,,-84.0043609424,-84.0043609424,115.87,-84.0043609424,0.005,500,200.000000102,6100.23990816,500.0,-89.6757,100,2,1.0,1.0,2.1793e-19
4897.68871341,1.0,0.00333333,-80.1001,0.9,66.8718,1.0,0.00333333,,-80.6127122191,-80.6127122191,112.19,-80.6127122191,0.00333333,500,299.999969474,4897.68871341,500.0,-88.1279,100,2,1.0,1.0,5.43914e-20
5995.14442781,1.0,0.0025,-81.4334,0.9,69.5917,1.0,0.0025,,-85.4333560754,-85.4333560754,118.07,-85.4333560754,0.0025,500,400.0,5995.14442781,500.0,-88.3857,100,2,1.0,1.0,5.4346e-20
3731.85903073,1.19778,0.002,-79.7961,0.9,85.0517,0.757288,0.0125968,1.75939,-77.0554095222,-77.0554095222,107.9,-77.0554095222,0.00126449,500,224.831909378,3731.85903073,432.070670678,-86.4854,100,1,1.15722,7.54411,4.90535e-06
6066.46803617,1.0,0.01,-82.1918,0.9,77.4971,1.0,0.01,,-82.1918471809,-82.1918471809,113.7,-82.1918471809,0.01,500,100.0,6066.46803617,500.0,-96.0966,100,2,1.0,1.0,3.50449e-18
3789.11496784,1.0,0.005,-80.0679,0.9,69.8786,1.0,0.005,,-77.9439284725,-77.9439284725,109.56,-77.9439284725,0.005,500,200.000000102,3789.11496784,500.0,-89.9001,100,2,1.0,1.0,2.1793e-19
10213.5979443,1.0,0.00333333,-86.5436,0.9,81.9128,1.0,0.00333333,,-99.4948872103,-99.4948872103,134.19,-99.4948872103,0.00333333,500,299.999969474,10213.5979443,500.0,-94.5715,100,2,1.0,1.0,5.43914e-20
4931.88358857,1.0,0.0025,-84.6813,0.9,79.1412,1.0,0.0025,,-79.0943988177,-79.0943988177,109.53,-79.0943988177,0.0025,500,400.0,4931.88358857,500.0,-91.6337,100,2,1.0,1.0,5.4346e-20
9176.4152542,1.43409,0.002,-82.244,0.9,87.8607,0.169646,0.0083262,3.06272,-97.2565203243,-97.2565203243,131.92,-97.2565203243,0.000236591,500,201.107109696,9176.4152542,298.912348632,-90.2865,100,1,1.67273,5.97026,5.95684e-06
2591.89115111,1.0,0.01,-75.234,0.9,50.6554,1.0,0.01,,-75.2340139823,-75.2340139823,106.33,-75.2340139823,0.01,500,100.0,2591.89115111,500.0,-89.1376,100,2,1.0,1.0,3.50449e-18
4872.9998529,1.0,0.005,-78.3207,0.9,60.8658,1.0,0.005,,-81.407375464,-81.407375464,113.05,-81.407375464,0.005,500,200.000000102,4872.9998529,500.0,-88.1526,100,2,1.0,1.0,2.1793e-19
5995.88746834,1.0,0.00333333,-80.9007,0.9,66.7961,1.0,0.00333333,,-86.0606128812,-86.0606128812,118.94,-86.0606128812,0.00333333,500,299.999969474,5995.88746834,500.0,-88.9286,100,2,1.0,1.0,5.43914e-20
7118.4833982,1.0,0.0025,-82.6776,0.9,71.5373,1.0,0.0025,,-88.0082210703,-88.0082210703,120.8,-88.0082210703,0.0025,500,400.0,7118.4833982,500.0,-89.6299,100,2,1.0,1.0,5.4346e-20
4919.74577871,1.01257,0.002,-80.7959,0.9,77.3141,0.00130296,0.00291986,0.321239,-79.1558628495,-79.1558628495,109.82,-79.1558628495,2.57358e-06,500,380.89857001,4919.74577871,446.637121608,-87.3753,100,1,1.11948,1.47828,1.25325e-06
8202.21233771,1.0,0.01,-91.9393,0.9,90.1121,1.0,0.01,,-91.9393040079,-91.9393040079,125.23,-91.9393040079,0.01,500,100.0,8202.21233771,500.0,-105.844,100,2,1.0,1.0,3.50449e-18
5937.47335555,1.0,0.005,-89.5944,0.9,83.6937,1.0,0.005,,-87.2495071127,-87.2495071127,120.68,-87.2495071127,0.005,500,200.000000102,5937.47335555,500.0,-99.4265,100,2,1.0,1.0,2.1793e-19
4968.32732458,1.0,0.00333333,-85.7964,0.9,79.6126,1.0,0.00333333,,-78.2003101993,-78.2003101993,109.1,-78.2003101993,0.00333333,500,299.999969474,4968.32732458,500.0,-93.8243,100,2,1.0,1.0,5.43914e-20
6064.18349881,1.0,0.0025,-85.1771,0.9,79.0927,1.0,0.0025,,-83.3192747274,-83.3192747274,114.74,-83.3192747274,0.0025,500,400.0,6064.18349881,500.0,-92.1295,100,2,1.0,1.0,5.4346e-20
10266.7094501,1.07188,0.002,-87.4372,0.9,91.6536,0.183435,0.00479654,0.312081,-98.705713183,-98.705713183,133.32,-98.705713183,0.000342269,500,393.365233945,10266.7094501,464.131560363,-93.8914,100,1,1.07728,2.57065,1.08652e-06
6046.95210478,1.0,0.01,-84.9064,0.9,77.3724,1.0,0.01,,-84.9063690706,-84.9063690706,117.19,-84.9063690706,0.01,500,100.0,6046.95210478,500.0,-98.811,100,2,1.0,1.0,3.50449e-18
7152.58224629,1.0,0.005,-85.9899,0.9,80.839,1.0,0.005,,-87.0735018615,-87.0735018615,119.7,-87.0735018615,0.005,500,200.000000102,7152.58224629,500.0,-95.8221,100,2,1.0,1.0,2.1793e-19
8142.4422529,1.0,0.00333333,-88.3082,0.9,83.9904,1.0,0.00333333,,-92.9446252352,-92.9446252352,127.4,-92.9446252352,0.00333333,500,299.999969474,8142.4422529,500.0,-96.3361,100,2,1.0,1.0,5.43914e-20
4846.26318108,1.0,0.0025,-86.7464,0.9,80.6074,1.0,0.0025,,-82.0609995487,-82.0609995487,114.83,-82.0609995487,0.0025,500,400.0,4846.26318108,500.0,-93.6987,100,2,1.0,1.0,5.4346e-20
7197.21824014,1.69025,0.002,-79.7162,0.9,93.2407,0.601652,0.0356089,10.4757,-85.9050226629,-85.9050226629,117.87,-85.9050226629,0.000711908,500,107.309867361,7197.21824014,278.268549361,-88.0517,100,1,1.79683,30.094,1.4667e-05
5985.44006313,1.0,0.01,-85.338,0.9,76.9778,1.0,0.01,,-85.3380348498,-85.3380348498,118.18,-85.3380348498,0.01,500,100.0,5985.44006313,500.0,-99.2428,100,2,1.0,1.0,3.50449e-18
3766.30652655,1.0,0.005,-81.158,0.9,69.6031,1.0,0.005,,-76.9778945908,-76.9778945908,108.54,-76.9778945908,0.005,500,200.000000102,3766.30652655,500.0,-90.9901,100,2,1.0,1.0,2.1793e-19
4890.65710777,1.0,0.00333333,-81.493,0.9,69.5979,1.0,0.00333333,,-82.1630122583,-82.1630122583,114.45,-82.1630122583,0.00333333,500,299.999969474,4890.65710777,500.0,-89.5209,100,2,1.0,1.0,5.43914e-20
8133.04068781,1.0,0.0025,-84.6336,0.9,75.3354,1.0,0.0025,,-94.0552963634,-94.0552963634,127.8,-94.0552963634,0.0025,500,400.0,8133.04068781,500.0,-91.5859,100,2,1.0,1.0,5.4346e-20
6016.24092608,1.23538,0.002,-82.2414,0.9,81.9423,0.172851,0.0763297,4.80208,-84.4605794394,-84.4605794394,116.73,-84.4605794394,0.000279834,500,120.766346067,6016.24092608,366.073055694,-89.5088,100,1,1.36585,47.148,1.2586e-05
9232.31017835,1.0,0.01,-96.2386,0.9,95.6033,1.0,0.01,,-96.2385932031,-96.2385932031,130.97,-96.2385932031,0.01,500,100.0,9232.31017835,500.0,-110.143,100,2,1.0,1.0,3.50449e-18
3747.27592683,1.0,0.005,-85.8838,0.9,80.8215,1.0,0.005,,-75.5290191227,-75.5290191227,105.79,-75.5290191227,0.005,500,200.000000102,3747.27592683,500.0,-95.716,100,2,1.0,1.0,2.1793e-19
4915.034781,1.0,0.00333333,-84.1037,0.9,77.3501,1.0,0.00333333,,-80.5433599325,-80.5433599325,112.5,-80.5433599325,0.00333333,500,299.999969474,4915.034781,500.0,-92.1316,100,2,1.0,1.0,5.43914e-20
6084.01929121,1.0,0.0025,-84.054,0.9,77.415,1.0,0.0025,,-83.9052191466,-83.9052191466,115.52,-83.9052191466,0.0025,500,400.0,6084.01929121,500.0,-91.0064,100,2,1.0,1.0,5.4346e-20
4942.38478175,1.29029,0.002,-76.1167,0.9,60.1042,0.000602364,0.0151725,4.34882,-79.5357539009,-79.5357539009,110.75,-79.5357539009,9.33692e-07,500,138.621877262,4942.38478175,291.353843463,-84.2628,100,1,1.71613,9.78843,1.04486e-05
6003.12619406,1.0,0.01,-84.587,0.9,77.0915,1.0,0.01,,-84.5869732383,-84.5869732383,116.74,-84.5869732383,0.01,500,100.0,6003.12619406,500.0,-98.4917,100,2,1.0,1.0,3.50449e-18
9298.18092186,1.0,0.005,-89.2719,0.9,87.1556,1.0,0.005,,-93.9568655936,-93.9568655936,127.48,-93.9568655936,0.005,500,200.000000102,9298.18092186,500.0,-99.1041,100,2,1.0,1.0,2.1793e-19
4878.83804546,1.0,0.00333333,-86.4132,0.9,81.795,1.0,0.00333333,,-80.6958446616,-80.6958446616,112.63,-80.6958446616,0.00333333,500,299.999969474,4878.83804546,500.0,-94.4412,100,2,1.0,1.0,5.43914e-20
4955.54720056,1.0,0.0025,-85.1251,0.9,79.0525,1.0,0.0025,,-81.2606571777,-81.2606571777,112.84,-81.2606571777,0.0025,500,400.0,4955.54720056,500.0,-92.0775,100,2,1.0,1.0,5.4346e-20
3774.88789066,1.44399,0.002,-76.7935,0.9,66.929,0.622524,0.00986488,2.41609,-75.4819147514,-75.4819147514,105.79,-75.4819147514,0.000862225,500,231.866214383,3774.88789066,307.763878125,-84.7196,100,1,1.62462,7.12242,4.63493e-06
4895.48970994,1.0,0.01,-81.164,0.9,69.6171,1.0,0.01,,-81.1640359521,-81.1640359521,112.72,-81.1640359521,0.01,500,100.0,4895.48970994,500.0,-95.0685,100,2,1.0,1.0,3.50449e-18
2583.31960161,1.0,0.005,-78.4138,0.9,60.9063,1.0,0.005,,-75.6636465228,-75.6636465228,106.76,-75.6636465228,0.005,500,200.000000102,2583.31960161,500.0,-88.2458,100,2,1.0,1.0,2.1793e-19
6091.95770893,1.0,0.00333333,-80.0892,0.9,67.0001,1.0,0.00333333,,-83.4397932613,-83.4397932613,115.13,-83.4397932613,0.00333333,500,299.999969474,6091.95770893,500.0,-88.1171,100,2,1.0,1.0,5.43914e-20
6024.04191789,1.0,0.0025,-81.271,0.9,69.7273,1.0,0.0025,,-84.8166548151,-84.8166548151,117.17,-84.8166548151,0.0025,500,400.0,6024.04191789,500.0,-88.2234,100,2,1.0,1.0,5.4346e-20
4967.00720871,1.17461,0.002,-77.6692,0.9,64.2096,0.659537,0.0204654,0.580368,-77.6507995065,-77.6507995065,108.26,-77.6507995065,0.00112298,500,352.161494993,4967.00720871,365.166478684,-84.9456,100,1,1.36924,12.0194,1.68257e-06
13348.9371101,1.0,0.01,-107.698,0.9,114.958,1.0,0.01,,-107.69797295,-107.69797295,142.41,-107.69797295,0.01,500,100.0,13348.9371101,500.0,-121.604,100,2,1.0,1.0,3.50449e-18
3758.44527071,1.0,0.005,-92.2058,0.9,93.3175,1.0,0.005,,-76.7136237101,-76.7136237101,107.54,-76.7136237101,0.005,500,200.000000102,3758.44527071,500.0,-102.039,100,2,1.0,1.0,2.1793e-19
4932.23267038,1.0,0.00333333,-88.1076,0.9,86.4099,1.0,0.00333333,,-79.911191211,-79.911191211,111.35,-79.911191211,0.00333333,500,299.999969474,4932.23267038,500.0,-96.1362,100,2,1.0,1.0,5.43914e-20
2580.34722125,1.0,0.0025,-84.3165,0.9,79.2575,1.0,0.0025,,-72.9433916432,-72.9433916432,102.9,-72.9433916432,0.0025,500,400.0,2580.34722125,500.0,-91.2695,100,2,1.0,1.0,5.4346e-20
9292.66567465,1.07374,0.002,-83.6984,0.9,78.463,0.359421,0.0121117,0.51529,-93.4356579235,-93.4356579235,126.48,-93.4356579235,0.000669473,500,345.768920948,9292.66567465,378.48672771,-90.8463,100,1,1.32105,6.50241,1.78777e-06
7093.83060487,1.0,0.01,-89.5519,0.9,83.8027,1.0,0.01,,-89.551884425,-89.551884425,122.83,-89.551884425,0.01,500,100.0,7093.83060487,500.0,-103.457,100,2,1.0,1.0,3.50449e-18
8230.528868,1.0,0.005,-90.9574,0.9,87.1065,1.0,0.005,,-92.3629465669,-92.3629465669,126.09,-92.3629465669,0.005,500,200.000000102,8230.528868,500.0,-100.79,100,2,1.0,1.0,2.1793e-19
4905.05759393,1.0,0.00333333,-87.684,0.9,81.8441,1.0,0.00333333,,-81.137047468,-81.137047468,113.17,-81.137047468,0.00333333,500,299.999969474,4905.05759393,500.0,-95.7119,100,2,1.0,1.0,5.43914e-20
6019.43756895,1.0,0.0025,-86.8006,0.9,80.7217,1.0,0.0025,,-84.1505745184,-84.1505745184,116.18,-84.1505745184,0.0025,500,400.0,6019.43756895,500.0,-93.753,100,2,1.0,1.0,5.4346e-20
7107.12049429,1.05756,0.002,-84.0311,0.9,72.448,0.707762,0.0225114,0.448746,-88.7272147617,-88.7272147617,121.64,-88.7272147617,0.00133848,500,357.03539346,7107.12049429,370.244100644,-91.2575,100,1,1.35046,11.9036,1.6049e-06
11150.7380418,1.0,0.01,-103.778,0.9,105.068,1.0,0.01,,-103.777570561,-103.777570561,139.56,-103.777570561,0.01,500,100.0,11150.7380418,500.0,-117.682,100,2,1.0,1.0,3.50449e-18
2614.75003774,1.0,0.005,-89.1246,0.9,83.8369,1.0,0.005,,-74.4716626999,-74.4716626999,104.8,-74.4716626999,0.005,500,200.000000102,2614.75003774,500.0,-98.9568,100,2,1.0,1.0,2.1793e-19
6071.0128056,1.0,0.00333333,-87.4915,0.9,81.82,1.0,0.00333333,,-84.2252266866,-84.2252266866,116.31,-84.2252266866,0.00333333,500,299.999969474,6071.0128056,500.0,-95.5194,100,2,1.0,1.0,5.43914e-20
8191.67297469,1.0,0.0025,-88.7515,0.9,83.9827,1.0,0.0025,,-92.5316171968,-92.5316171968,125.88,-92.5316171968,0.0025,500,400.0,8191.67297469,500.0,-95.7039,100,2,1.0,1.0,5.4346e-20
4908.30200687,1.0816,0.002,-83.967,0.9,77.6533,0.64891,0.0221383,0.649314,-80.1094302928,-80.1094302928,111.51,-80.1094302928,0.00119991,500,321.765727448,4908.30200687,348.353906235,-91.4169,100,1,1.43532,11.9724,2.22015e-06
2590.45098867,1.0,0.01,-74.3515,0.9,50.6414,1.0,0.01,,-74.3515386954,-74.3515386954,105.25,-74.3515386954,0.01,500,100.0,2590.45098867,500.0,-88.2561,100,2,1.0,1.0,3.50449e-18
6134.69649331,1.0,0.005,-78.7582,0.9,65.8663,1.0,0.005,,-83.1649664801,-83.1649664801,115.02,-83.1649664801,0.005,500,200.000000102,6134.69649331,500.0,-88.5902,100,2,1.0,1.0,2.1793e-19
143.133676642,1.0,0.00333333,-74.522,0.9,54.547,1.0,0.00333333,,-66.049548728,-66.049548728,95.03,-66.049548728,0.00333333,500,299.999969474,143.133676642,500.0,-82.5498,100,2,1.0,1.0,5.43914e-20
3774.51009868,1.0,0.0025,-75.5213,0.9,56.2913,1.0,0.0025,,-78.5192906246,-78.5192906246,110.16,-78.5192906246,0.0025,500,400.0,3774.51009868,500.0,-82.4736,100,2,1.0,1.0,5.4346e-20
6015.05210888,1.12624,0.002,-74.929,0.9,54.1096,0.656829,0.0527408,2.19949,-84.7090149647,-84.7090149647,117.28,-84.7090149647,0.00116641,500,183.112416226,6015.05210888,361.815075864,-82.239,100,1,1.38192,29.6994,6.93615e-06
6046.04667008,1.0,0.01,-83.1689,0.9,77.3666,1.0,0.01,,-83.1688754342,-83.1688754342,115.13,-83.1688754342,0.01,500,100.0,6046.04667008,500.0,-97.0736,100,2,1.0,1.0,3.50449e-18
8253.40143209,1.0,0.005,-87.3017,0.9,84.2336,1.0,0.005,,-91.4345648831,-91.4345648831,124.86,-91.4345648831,0.005,500,200.000000102,8253.40143209,500.0,-97.1339,100,2,1.0,1.0,2.1793e-19
7123.2737113,1.0,0.00333333,-87.7854,0.9,84.1508,1.0,0.00333333,,-88.7527810675,-88.7527810675,121.38,-88.7527810675,0.00333333,500,299.999969474,7123.2737113,500.0,-95.8133,100,2,1.0,1.0,5.43914e-20
4957.76619149,1.0,0.0025,-85.4746,0.9,80.9573,1.0,0.0025,,-78.5422676747,-78.5422676747,109.03,-78.5422676747,0.0025,500,400.0,4957.76619149,500.0,-92.427,100,2,1.0,1.0,5.4346e-20
3802.05218024,1.10831,0.002,-76.7312,0.9,91.3149,7.38254e-14,0.00520038,1.61738,-77.3873266783,-77.3873266783,108.17,-77.3873266783,1.33222e-16,500,216.069836256,3802.05218024,255.353573924,-85.4327,100,1,1.95807,2.88181,5.26682e-06
4891.23223604,1.0,0.01,-80.6791,0.9,69.5868,1.0,0.01,,-80.6791459882,-80.6791459882,112.32,-80.6791459882,0.01,500,100.0,4891.23223604,500.0,-94.5839,100,2,1.0,1.0,3.50449e-18
7188.13502499,1.0,0.005,-83.595,0.9,77.3808,1.0,0.005,,-86.5107695372,-86.5107695372,118.6,-86.5107695372,0.005,500,200.000000102,7188.13502499,500.0,-93.4271,100,2,1.0,1.0,2.1793e-19
8236.79799702,1.0,0.00333333,-86.1252,0.9,81.9927,1.0,0.00333333,,-91.1856400594,-91.1856400594,124.52,-91.1856400594,0.00333333,500,299.999969474,8236.79799702,500.0,-94.1531,100,2,1.0,1.0,5.43914e-20
4907.26998891,1.0,0.0025,-85.0321,0.9,79.1217,1.0,0.0025,,-81.752808093,-81.752808093,113.4,-81.752808093,0.0025,500,400.0,4907.26998891,500.0,-91.9845,100,2,1.0,1.0,5.4346e-20
4894.04043483,1.1228,0.002,-78.1476,0.9,62.4389,0.0585822,0.011571,0.991307,-80.5225822893,-80.5225822893,112.35,-80.5225822893,0.00010435,500,280.151268664,4894.04043483,313.233008453,-86.0041,100,1,1.59626,6.49601,3.14529e-06
5973.71992186,1.0,0.01,-85.5137,0.9,76.9024,1.0,0.01,,-85.5137212911,-85.5137212911,118.4,-85.5137212911,0.01,500,100.0,5973.71992186,500.0,-99.4184,100,2,1.0,1.0,3.50449e-18
8322.85816513,1.0,0.005,-87.3514,0.9,84.1438,1.0,0.005,,-89.1891089557,-89.1891089557,121.3,-89.1891089557,0.005,500,200.000000102,8322.85816513,500.0,-97.1844,100,2,1.0,1.0,2.1793e-19
3741.76182926,1.0,0.00333333,-83.9101,0.9,77.3213,1.0,0.00333333,,-77.0274735476,-77.0274735476,107.95,-77.0274735476,0.00333333,500,299.999969474,3741.76182926,500.0,-91.9387,100,2,1.0,1.0,5.43914e-20
6019.61700897,1.0,0.0025,-84.3266,0.9,77.2937,1.0,0.0025,,-85.5761334595,-85.5761334595,118.52,-85.5761334595,0.0025,500,400.0,6019.61700897,500.0,-91.2796,100,2,1.0,1.0,5.4346e-20
8221.93334721,1.15213,0.002,-79.1361,0.9,79.5741,0.000245407,0.00564997,1.08238,-91.2755960543,-91.2755960543,124.74,-91.2755960543,4.26005e-07,500,275.667096875,8221.93334721,286.904504252,-87.3459,100,1,1.74274,3.25475,3.26163e-06
4897.64007096,1.0,0.01,-80.0177,0.9,69.6323,1.0,0.01,,-80.0177219385,-80.0177219385,111.42,-80.0177219385,0.01,500,100.0,4897.64007096,500.0,-93.9224,100,2,1.0,1.0,3.50449e-18
1396.87488175,1.0,0.005,-75.6077,0.9,55.9932,1.0,0.005,,-71.19766969,-71.19766969,101.35,-71.19766969,0.005,500,200.000000102,1396.87488175,500.0,-85.4398,100,2,1.0,1.0,2.1793e-19
3755.1388265,1.0,0.00333333,-75.6102,0.9,57.7005,1.0,0.00333333,,-75.6150699238,-75.6150699238,106.31,-75.6150699238,0.00333333,500,299.999969474,3755.1388265,500.0,-83.6381,100,2,1.0,1.0,5.43914e-20
1417.07539566,1.0,0.0025,-74.154,0.9,53.4238,1.0,0.0025,,-69.785392008,-69.785392008,99.05,-69.785392008,0.0025,500,400.0,1417.07539566,500.0,-81.1063,100,2,1.0,1.0,5.4346e-20
3761.55221142,1.33067,0.002,-70.2928,0.9,37.8406,0.677022,0.0327037,6.18182,-78.8683484718,-78.8683484718,110.93,-78.8683484718,0.00101756,500,111.502241716,3761.55221142,328.784793967,-77.9612,100,1,1.52075,21.759,1.39648e-05
5959.94490717,1.0,0.01,-86.718,0.9,76.8137,1.0,0.01,,-86.7180421589,-86.7180421589,119.92,-86.7180421589,0.01,500,100.0,5959.94490717,500.0,-100.623,100,2,1.0,1.0,3.50449e-18
7181.26913386,1.0,0.005,-86.2626,0.9,80.6543,1.0,0.005,,-85.8072247459,-85.8072247459,117.56,-85.8072247459,0.005,500,200.000000102,7181.26913386,500.0,-96.0948,100,2,1.0,1.0,2.1793e-19
2622.82505341,1.0,0.00333333,-81.9867,0.9,72.3798,1.0,0.00333333,,-73.4347628926,-73.4347628926,103.81,-73.4347628926,0.00333333,500,299.999969474,2622.82505341,500.0,-90.0146,100,2,1.0,1.0,5.43914e-20
7140.14134673,1.0,0.0025,-83.4517,0.9,75.5166,1.0,0.0025,,-87.8469290099,-87.8469290099,120.44,-87.8469290099,0.0025,500,400.0,7140.14134673,500.0,-90.4041,100,2,1.0,1.0,5.4346e-20
8192.30269626,1.15938,0.002,-81.6146,0.9,89.2846,0.027726,0.0183967,1.71375,-91.987102778,-91.987102778,125.36,-91.987102778,4.78291e-05,500,220.029773015,8192.30269626,261.086079207,-90.22,100,1,1.91508,10.6644,5.09984e-06
4886.57121483,1.0,0.01,-82.7754,0.9,69.5536,1.0,0.01,,-82.7754285166,-82.7754285166,114.9,-82.7754285166,0.01,500,100.0,4886.57121483,500.0,-96.6801,100,2,1.0,1.0,3.50449e-18
9207.19821891,1.0,0.005,-89.08,0.9,83.7625,1.0,0.005,,-95.3845323464,-95.3845323464,129.41,-95.3845323464,0.005,500,200.000000102,9207.19821891,500.0,-98.9121,100,2,1.0,1.0,2.1793e-19
8269.33975724,1.0,0.00333333,-89.6508,0.9,86.0638,1.0,0.00333333,,-90.7924469545,-90.7924469545,123.37,-90.7924469545,0.00333333,500,299.999969474,8269.33975724,500.0,-97.6787,100,2,1.0,1.0,5.43914e-20
2594.86048819,1.0,0.0025,-85.933,0.9,78.9869,1.0,0.0025,,-74.7795474368,-74.7795474368,106.01,-74.7795474368,0.0025,500,400.0,2594.86048819,500.0,-92.8853,100,2,1.0,1.0,5.4346e-20
6043.21403223,1.06351,0.002,-84.6962,0.9,75.6649,0.744131,0.0123789,0.218429,-84.7168359423,-84.7168359423,117.17,-84.7168359423,0.00139939,500,419.204649243,6043.21403223,430.72778683,-91.3959,100,1,1.16083,6.58256,7.7248e-07
4931.70059076,1.0,0.01,-80.4536,0.9,69.8741,1.0,0.01,,-80.4536192983,-80.4536192983,112.05,-80.4536192983,0.01,500,100.0,4931.70059076,500.0,-94.3584,100,2,1.0,1.0,3.50449e-18
6024.8206445,1.0,0.005,-82.0685,0.9,73.662,1.0,0.005,,-83.6834618258,-83.6834618258,116.02,-83.6834618258,0.005,500,200.000000102,6024.8206445,500.0,-91.9011,100,2,1.0,1.0,2.1793e-19
6035.23210352,1.0,0.00333333,-82.879,0.9,74.9021,1.0,0.00333333,,-84.4997705895,-84.4997705895,116.46,-84.4997705895,0.00333333,500,299.999969474,6035.23210352,500.0,-90.9072,100,2,1.0,1.0,5.43914e-20
8280.34424249,1.0,0.0025,-84.4861,0.9,79.151,1.0,0.0025,,-89.3075302894,-89.3075302894,122.15,-89.3075302894,0.0025,500,400.0,8280.34424249,500.0,-91.4388,100,2,1.0,1.0,5.4346e-20
9335.5964153,1.05315,0.002,-83.2834,0.9,75.7807,0.673114,0.0192446,0.423579,-93.470128978,-93.470128978,126.6,-93.470128978,0.00127829,500,362.019655434,9335.5964153,369.922228474,-90.5132,100,1,1.35164,10.1337,1.52762e-06
4937.62992046,1.0,0.01,-79.9389,0.9,69.916,1.0,0.01,,-79.9389263669,-79.9389263669,111.22,-79.9389263669,0.01,500,100.0,4937.62992046,500.0,-93.8434,100,2,1.0,1.0,3.50449e-18
4865.01126561,1.0,0.005,-80.9959,0.9,69.6665,1.0,0.005,,-82.0528406136,-82.0528406136,114.04,-82.0528406136,0.005,500,200.000000102,4865.01126561,500.0,-90.8279,100,2,1.0,1.0,2.1793e-19
7135.51967825,1.0,0.00333333,-83.1237,0.9,74.8291,1.0,0.00333333,,-87.3792052901,-87.3792052901,120.06,-87.3792052901,0.00333333,500,299.999969474,7135.51967825,500.0,-91.1515,100,2,1.0,1.0,5.43914e-20
7036.64629284,1.0,0.0025,-84.7092,0.9,77.1275,1.0,0.0025,,-89.4658524571,-89.4658524571,122.82,-89.4658524571,0.0025,500,400.0,7036.64629284,500.0,-91.6615,100,2,1.0,1.0,5.4346e-20
9201.12658133,0.981514,0.002,-87.0372,0.9,81.5113,0.464447,0.00219917,0.0108465,-97.4747065696,-97.4747065696,131.72,-97.4747065696,0.000946389,500,494.44513773,9201.12658133,496.752864531,-93.2759,100,1,1.00654,1.07926,4.50357e-08
7135.22522355,1.0,0.01,-88.8095,0.9,84.0468,1.0,0.01,,-88.8094823121,-88.8094823121,122.43,-88.8094823121,0.01,500,100.0,7135.22522355,500.0,-102.714,100,2,1.0,1.0,3.50449e-18
2578.84713755,1.0,0.005,-81.618,0.9,69.715,1.0,0.005,,-74.4264459671,-74.4264459671,104.82,-74.4264459671,0.005,500,200.000000102,2578.84713755,500.0,-91.4501,100,2,1.0,1.0,2.1793e-19
2618.54496116,1.0,0.00333333,-78.3852,0.9,64.2273,1.0,0.00333333,,-71.9195187323,-71.9195187323,101.79,-71.9195187323,0.00333333,500,299.999969474,2618.54496116,500.0,-86.413,100,2,1.0,1.0,5.43914e-20
9330.2872278,1.0,0.0025,-82.5358,0.9,73.8565,1.0,0.0025,,-94.9876153894,-94.9876153894,128.91,-94.9876153894,0.0025,500,400.0,9330.2872278,500.0,-89.4881,100,2,1.0,1.0,5.4346e-20
6066.69469908,0.958975,0.002,-77.7728,0.9,88.7409,7.29272e-10,0.0060314,0.97308,-84.3711824021,-84.3711824021,116.44,-84.3711824021,1.52094e-12,500,243.1908552,6066.69469908,252.995539,-86.5147,100,1,1.97632,2.89198,4.23247e-06
3737.44618047,1.0,0.01,-75.9807,0.9,60.8282,1.0,0.01,,-75.9806544979,-75.9806544979,106.25,-75.9806544979,0.01,500,100.0,3737.44618047,500.0,-89.8854,100,2,1.0,1.0,3.50449e-18
1392.06646414,1.0,0.005,-72.8305,0.9,50.4879,1.0,0.005,,-69.680284996,-69.680284996,99.42,-69.680284996,0.005,500,200.000000102,1392.06646414,500.0,-82.6626,100,2,1.0,1.0,2.1793e-19
1352.83548053,1.0,0.00333333,-71.5338,0.9,46.359,1.0,0.00333333,,-68.9403556368,-68.9403556368,98.46,-68.9403556368,0.00333333,500,299.999969474,1352.83548053,500.0,-79.5617,100,2,1.0,1.0,5.43914e-20
4962.74925753,1.0,0.0025,-73.5807,0.9,53.4108,1.0,0.0025,,-79.721433015,-79.721433015,110.44,-79.721433015,0.0025,500,400.0,4962.74925753,500.0,-80.5331,100,2,1.0,1.0,5.4346e-20
4930.45873799,1.07458,0.002,-70.7822,0.9,57.5754,8.41642e-11,0.00461145,1.15107,-79.7321415529,-79.7321415529,110.77,-79.7321415529,1.56646e-13,500,250.646748663,4930.45873799,297.365619482,-78.8456,100,1,1.68143,2.47768,3.98734e-06
7114.62804013,1.0,0.01,-88.9474,0.9,83.9254,1.0,0.01,,-88.9473566826,-88.9473566826,121.63,-88.9473566826,0.01,500,100.0,7114.62804013,500.0,-102.852,100,2,1.0,1.0,3.50449e-18
2580.61025765,1.0,0.005,-80.2818,0.9,69.8157,1.0,0.005,,-71.6162567303,-71.6162567303,101.63,-71.6162567303,0.005,500,200.000000102,2580.61025765,500.0,-90.1139,100,2,1.0,1.0,2.1793e-19
7143.83072655,1.0,0.00333333,-82.7951,0.9,74.9639,1.0,0.00333333,,-87.82172931,-87.82172931,120.19,-87.82172931,0.00333333,500,299.999969474,7143.83072655,500.0,-90.823,100,2,1.0,1.0,5.43914e-20
8191.53904381,1.0,0.0025,-85.2992,0.9,79.1259,1.0,0.0025,,-92.8114189932,-92.8114189932,126.34,-92.8114189932,0.0025,500,400.0,8191.53904381,500.0,-92.2516,100,2,1.0,1.0,5.4346e-20
7128.65850329,1.2478,0.002,-80.8633,0.9,87.9399,0.0785992,0.00618221,1.31741,-88.4738224331,-88.4738224331,121.4,-88.4738224331,0.00012598,500,271.087153826,7128.65850329,352.788420429,-88.2663,100,1,1.41728,3.8571,3.38445e-06
2619.10522986,1.0,0.01,-72.6599,0.9,50.9207,1.0,0.01,,-72.6598550136,-72.6598550136,102.77,-72.6598550136,0.01,500,100.0,2619.10522986,500.0,-86.5645,100,2,1.0,1.0,3.50449e-18
7206.87666393,1.0,0.005,-79.6165,0.9,70.0875,1.0,0.005,,-86.573140064,-86.573140064,118.53,-86.573140064,0.005,500,200.000000102,7206.87666393,500.0,-89.4486,100,2,1.0,1.0,2.1793e-19
3767.5248784,1.0,0.00333333,-78.9661,0.9,67.2233,1.0,0.00333333,,-77.6651634325,-77.6651634325,108.72,-77.6651634325,0.00333333,500,299.999969474,3767.5248784,500.0,-86.994,100,2,1.0,1.0,5.43914e-20
3730.39415896,1.0,0.0025,-79.0055,0.9,65.6696,1.0,0.0025,,-79.1239482331,-79.1239482331,111.02,-79.1239482331,0.0025,500,400.0,3730.39415896,500.0,-85.9579,100,2,1.0,1.0,5.4346e-20
7089.07598942,1.41607,0.002,-72.4235,0.9,49.6075,3.08729e-05,0.0167988,6.49967,-88.8838105637,-88.8838105637,122.51,-88.8838105637,4.36037e-08,500,118.067476169,7089.07598942,283.466970145,-80.6822,100,1,1.76387,11.8941,1.29653e-05
4938.9143365,1.0,0.01,-82.3597,0.9,69.9251,1.0,0.01,,-82.3597292148,-82.3597292148,114.82,-82.3597292148,0.01,500,100.0,4938.9143365,500.0,-96.2645,100,2,1.0,1.0,3.50449e-18
7093.95039345,1.0,0.005,-85.2437,0.9,77.2307,1.0,0.005,,-88.1276502225,-88.1276502225,120.99,-88.1276502225,0.005,500,200.000000102,7093.95039345,500.0,-95.0758,100,2,1.0,1.0,2.1793e-19
2564.66897224,1.0,0.00333333,-80.5666,0.9,69.7602,1.0,0.00333333,,-71.2123302914,-71.2123302914,100.62,-71.2123302914,0.00333333,500,299.999969474,2564.66897224,500.0,-88.5945,100,2,1.0,1.0,5.43914e-20
4918.49177166,1.0,0.0025,-80.3619,0.9,69.7661,1.0,0.0025,,-79.7477259281,-79.7477259281,111.55,-79.7477259281,0.0025,500,400.0,4918.49177166,500.0,-87.3142,100,2,1.0,1.0,5.4346e-20
7148.82231551,1.22652,0.002,-76.7034,0.9,69.744,0.00399892,0.00293684,0.666034,-87.9270523402,-87.9270523402,120.86,-87.9270523402,6.52076e-06,500,346.775666389,7148.82231551,398.692527776,-83.6672,100,1,1.2541,1.80105,1.77095e-06
8269.29990243,1.0,0.01,-89.8425,0.9,90.4799,1.0,0.01,,-89.8425477396,-89.8425477396,122.57,-89.8425477396,0.01,500,100.0,8269.29990243,500.0,-103.747,100,2,1.0,1.0,3.50449e-18
3749.28967808,1.0,0.005,-82.0369,0.9,77.525,1.0,0.005,,-74.2312757434,-74.2312757434,104.41,-74.2312757434,0.005,500,200.000000102,3749.28967808,500.0,-91.869,100,2,1.0,1.0,2.1793e-19
8241.095697,1.0,0.00333333,-85.0746,0.9,82.1265,1.0,0.00333333,,-91.1498671174,-91.1498671174,124.31,-91.1498671174,0.00333333,500,299.999969474,8241.095697,500.0,-93.1025,100,2,1.0,1.0,5.43914e-20
8161.20457684,1.0,0.0025,-87.003,0.9,84.1999,1.0,0.0025,,-92.7881432666,-92.7881432666,126.32,-92.7881432666,0.0025,500,400.0,8161.20457684,500.0,-93.9553,100,2,1.0,1.0,5.4346e-20
4896.38201894,1.08472,0.002,-85.1685,0.9,83.0335,0.103985,0.00216107,0.0660842,-79.5025274758,-79.5025274758,110.92,-79.5025274758,0.000191727,500,473.460127557,4896.38201894,486.238782047,-91.4743,100,1,1.0283,1.17208,2.24658e-07
6040.84086824,1.0,0.01,-84.2824,0.9,77.3333,1.0,0.01,,-84.2823526008,-84.2823526008,115.88,-84.2823526008,0.01,500,100.0,6040.84086824,500.0,-98.187,100,2,1.0,1.0,3.50449e-18
6049.41177174,1.0,0.005,-83.5763,0.9,77.3639,1.0,0.005,,-82.8703522676,-82.8703522676,114.22,-82.8703522676,0.005,500,200.000000102,6049.41177174,500.0,-93.4085,100,2,1.0,1.0,2.1793e-19
4941.31571908,1.0,0.00333333,-82.5773,0.9,74.985,1.0,0.00333333,,-80.5791103683,-80.5791103683,111.92,-80.5791103683,0.00333333,500,299.999969474,4941.31571908,500.0,-90.6052,100,2,1.0,1.0,5.43914e-20
9330.63545476,1.0,0.0025,-85.265,0.9,80.9201,1.0,0.0025,,-93.3280465247,-93.3280465247,126.55,-93.3280465247,0.0025,500,400.0,9330.63545476,500.0,-92.2173,100,2,1.0,1.0,5.4346e-20
4911.43272958,1.22282,0.002,-83.0334,0.9,108.814,0.112547,0.0118845,1.78836,-79.5788720816,-79.5788720816,110.86,-79.5788720816,0.000184077,500,227.935488792,4911.43272958,459.295102105,-89.5215,100,1,1.08862,7.26632,4.78397e-06
9313.37633618,1.0,0.01,-94.2896,0.9,96.0221,1.0,0.01,,-94.2896182603,-94.2896182603,127.64,-94.2896182603,0.01,500,100.0,9313.37633618,500.0,-108.194,100,2,1.0,1.0,3.50449e-18
1378.30494317,1.0,0.005,-82.3421,0.9,73.7233,1.0,0.005,,-70.3946747623,-70.3946747623,100.37,-70.3946747623,0.005,500,200.000000102,1378.30494317,500.0,-92.1743,100,2,1.0,1.0,2.1793e-19
4940.56728903,1.0,0.00333333,-81.8298,0.9,72.4867,1.0,0.00333333,,-80.8051878072,-80.8051878072,112.49,-80.8051878072,0.00333333,500,299.999969474,4940.56728903,500.0,-89.8577,100,2,1.0,1.0,5.43914e-20
6036.00591662,1.0,0.0025,-82.7865,0.9,73.7388,1.0,0.0025,,-85.6564479068,-85.6564479068,118.33,-85.6564479068,0.0025,500,400.0,6036.00591662,500.0,-89.7389,100,2,1.0,1.0,5.4346e-20
7126.47489768,6.24104,0.002,-68.7407,0.9,58.9005,0.413357,0.0647848,957.601,-88.2834857294,-88.2834857294,121.21,-88.2834857294,0.000132464,500,19.5804424142,7126.47489768,499.996185332,-74.9592,100,1,1.00001,202.162,9.83399e-05
9208.78968108,1.0,0.01,-95.6686,0.9,95.4814,1.0,0.01,,-95.6686016189,-95.6686016189,129.62,-95.6686016189,0.01,500,100.0,9208.78968108,500.0,-109.574,100,2,1.0,1.0,3.50449e-18
5984.91951059,1.0,0.005,-90.6761,0.9,86.8666,1.0,0.005,,-85.6836508495,-85.6836508495,118.21,-85.6836508495,0.005,500,200.000000102,5984.91951059,500.0,-100.509,100,2,1.0,1.0,2.1793e-19
8290.37924615,1.0,0.00333333,-90.5202,0.9,88.1273,1.0,0.00333333,,-90.2083055151,-90.2083055151,122.74,-90.2083055151,0.00333333,500,299.999969474,8290.37924615,500.0,-98.5486,100,2,1.0,1.0,5.43914e-20
1378.29480758,1.0,0.0025,-85.5476,0.9,78.9944,1.0,0.0025,,-70.6300212465,-70.6300212465,100.95,-70.6300212465,0.0025,500,400.0,1378.29480758,500.0,-92.5004,100,2,1.0,1.0,5.4346e-20
3764.79976321,1.20316,0.002,-81.5878,0.9,74.6449,0.0583833,0.00377544,0.512062,-78.297098421,-78.297098421,109.62,-78.297098421,9.70499e-05,500,369.542926657,3764.79976321,397.292732466,-88.5642,100,1,1.25852,2.27123,1.41493e-06
1396.38775671,1.0,0.01,-70.9969,0.9,37.181,1.0,0.01,,-70.9969370437,-70.9969370437,101.15,-70.9969370437,0.01,500,100.0,1396.38775671,500.0,-84.9014,100,2,1.0,1.0,3.50449e-18
6051.63539881,1.0,0.005,-77.6829,0.9,61.0858,1.0,0.005,,-84.3688887332,-84.3688887332,116.48,-84.3688887332,0.005,500,200.000000102,6051.63539881,500.0,-87.515,100,2,1.0,1.0,2.1793e-19
7138.98798373,1.0,0.00333333,-81.0873,0.9,69.7617,1.0,0.00333333,,-87.8960173748,-87.8960173748,119.87,-87.8960173748,0.00333333,500,299.999969474,7138.98798373,500.0,-89.1152,100,2,1.0,1.0,5.43914e-20
8261.58265794,1.0,0.0025,-83.5671,0.9,75.5858,1.0,0.0025,,-91.0065010099,-91.0065010099,124.13,-91.0065010099,0.0025,500,400.0,8261.58265794,500.0,-90.5194,100,2,1.0,1.0,5.4346e-20
4943.45021889,1.24231,0.002,-76.5973,0.9,57.4306,0.238718,0.0358921,9.26766,-78.6233543019,-78.6233543019,109.14,-78.6233543019,0.000384312,500,71.500939411,4943.45021889,302.207496739,-84.5958,100,1,1.65449,22.2946,2.40198e-05
7098.63876721,1.0,0.01,-88.2276,0.9,83.8311,1.0,0.01,,-88.2276244764,-88.2276244764,121.05,-88.2276244764,0.01,500,100.0,7098.63876721,500.0,-102.132,100,2,1.0,1.0,3.50449e-18
4971.04294174,1.0,0.005,-83.468,0.9,77.4412,1.0,0.005,,-78.708442073,-78.708442073,109.61,-78.708442073,0.005,500,200.000000102,4971.04294174,500.0,-93.3001,100,2,1.0,1.0,2.1793e-19
7080.43687465,1.0,0.00333333,-85.7543,0.9,79.6561,1.0,0.00333333,,-90.3267987204,-90.3267987204,123.52,-90.3267987204,0.00333333,500,299.999969474,7080.43687465,500.0,-93.7822,100,2,1.0,1.0,5.43914e-20
6000.97029514,1.0,0.0025,-85.4811,0.9,79.0208,1.0,0.0025,,-84.6616183528,-84.6616183528,116.65,-84.6616183528,0.0025,500,400.0,6000.97029514,500.0,-92.4335,100,2,1.0,1.0,5.4346e-20
3782.21995825,1.12065,0.002,-81.7203,0.9,73.1775,0.252622,0.0231883,0.516113,-77.1804149894,-77.1804149894,108.0,-77.1804149894,0.00045085,500,354.572780488,3782.21995825,402.58360467,-88.6503,100,1,1.24198,12.993,1.64386e-06
11366.3956315,1.0,0.01,-100.387,0.9,106.079,1.0,0.01,,-100.38667747,-100.38667747,134.37,-100.38667747,0.01,500,100.0,11366.3956315,500.0,-114.291,100,2,1.0,1.0,3.50449e-18
4908.22325207,1.0,0.005,-90.8348,0.9,90.2617,1.0,0.005,,-81.2829129341,-81.2829129341,113.72,-81.2829129341,0.005,500,200.000000102,4908.22325207,500.0,-100.667,100,2,1.0,1.0,2.1793e-19
4950.44994876,1.0,0.00333333,-87.0496,0.9,84.2244,1.0,0.00333333,,-79.4790786894,-79.4790786894,110.52,-79.4790786894,0.00333333,500,299.999969474,4950.44994876,500.0,-95.0775,100,2,1.0,1.0,5.43914e-20
7171.94738806,1.0,0.0025,-87.1439,0.9,84.2342,1.0,0.0025,,-87.4269627371,-87.4269627371,120.2,-87.4269627371,0.0025,500,400.0,7171.94738806,500.0,-94.0963,100,2,1.0,1.0,5.4346e-20
4905.93345679,1.39711,0.002,-80.1548,0.9,85.3862,0.651412,0.0124322,3.63727,-80.5839441501,-80.5839441501,111.6,-80.5839441501,0.000932514,500,174.842985252,4905.93345679,327.428033896,-87.8391,100,1,1.52705,8.68458,7.45374e-06
3750.96617791,1.0,0.01,-76.3464,0.9,60.9381,1.0,0.01,,-76.3464296898,-76.3464296898,106.98,-76.3464296898,0.01,500,100.0,3750.96617791,500.0,-90.251,100,2,1.0,1.0,3.50449e-18
8209.0624253,1.0,0.005,-83.8908,0.9,77.3119,1.0,0.005,,-91.4351957238,-91.4351957238,124.98,-91.4351957238,0.005,500,200.000000102,8209.0624253,500.0,-93.723,100,2,1.0,1.0,2.1793e-19
