ESSRenyi,ESSClassic,delta,IterType,VanillaAvgRet,MinNormIw,renyi2,J,AvgRet,AvgEpLen,MinVanillaIw,AvgDiscRet,VarDiscRet,EpsThisIter,AvgVanillaIw,VarVanillaIw,Bound,BatchSize,VarRet,VarNormIw,MaxNormIw,SamplesThisIter,MaxVanillaIw,AvgNormIw,VarJ
nan,2.99996976279,0.6,1,-5.78932152574,,nan,3083.36,-5.78932152574,500.0,,-5.78932152574,55.3137930336,100,3.0947e+18,inf,7.94778,100,55.3137930336,1.82968e-05,0.332268,50000,1.86117e+22,5.52486e-05,42.9741
nan,2.99994941424,0.6,1,-3.11440391759,,nan,2155.01,-3.11440391759,500.0,,-3.11440391759,37.7464154497,100,3.72724e+19,inf,6.73269,100,37.7464154497,1.82329e-05,0.331686,50000,2.23765e+23,5.52486e-05,47.007
nan,0.484907154023,0.6,1,-3.8075980341,3.37272e-24,nan,1034.86,-3.8075980341,500.0,2.6063e-19,-3.8075980341,45.02381752,100,4.2694,198.32,1.10568,100,45.02381752,3.32105e-08,0.00225486,50000,174.247,5.52486e-05,83.9933
nan,2.72427592216,0.6,1,-2.67013924093,,nan,1606.69,-2.67013924093,500.0,,-2.67013924093,21.54304942,100,1.13026e+07,4.87309e+17,4.7938,100,21.54304942,1.16437e-05,0.252599,50000,5.1676e+10,5.52486e-05,44.0025
nan,2.96895807543,0.6,1,-2.93730862782,8.54487e-23,nan,679.128,-2.93730862782,500.0,2.24958e-17,-2.93730862782,17.5975287597,100,14.5451,218325.0,0.787917,100,17.5975287597,3.15001e-06,0.137036,50000,36077.1,5.52486e-05,51.768
nan,1.29236418924,0.6,1,-3.4631499029,8.08549e-43,nan,718.841,-3.4631499029,500.0,1.02176e-37,-3.4631499029,22.3782837275,100,6.98734,2783.13,0.256805,100,22.3782837275,1.74001e-07,0.0207684,50000,2626.6,5.52486e-05,86.3951
nan,0.95130389472,0.6,1,-3.57262588186,4.34508e-20,nan,689.134,-3.57262588186,500.0,4.82207e-15,-3.57262588186,23.9277470253,100,6.13136,552.666,0.786736,100,23.9277470253,4.48736e-08,0.0039825,50000,441.969,5.52486e-05,50.509
nan,0.455709120477,0.6,1,-2.17221913473,5.85899e-23,nan,696.281,-2.17221913473,500.0,3.26911e-18,-2.17221913473,15.2088212661,100,3.08268,157.441,0.350123,100,15.2088212661,5.05712e-08,0.00836658,50000,466.827,5.52486e-05,128.198
nan,2.27834655886,0.6,1,-3.40867467116,,nan,924.203,-3.40867467116,500.0,,-3.40867467116,18.0373030064,100,15.9142,25117.4,1.25625,100,18.0373030064,3.02723e-07,0.0345308,50000,9946.53,5.52486e-05,53.2639
nan,0.750787990701,0.6,1,-2.62972872175,2.28484e-24,nan,736.734,-2.62972872175,500.0,1.44876e-19,-2.62972872175,27.2360446463,100,3.50319,108.683,1.27767,100,27.2360446463,2.7032e-08,0.00210126,50000,133.236,5.52486e-05,56.5937
nan,1.54799157833,0.6,1,-3.45834022063,,nan,812.468,-3.45834022063,500.0,,-3.45834022063,25.6835119025,100,14.9875,187843.0,1.6318,100,25.6835119025,2.55259e-06,0.0891273,50000,24177.8,5.52486e-05,51.6648
nan,3.37501246041,0.6,1,-4.48573758782,1.87823e-24,nan,523.716,-4.48573758782,500.0,1.85875e-19,-4.48573758782,27.3977677737,100,5.46757,644.328,-0.257273,100,27.3977677737,6.57903e-08,0.0124351,50000,1230.61,5.52486e-05,52.7359
nan,0.643946806754,0.6,1,-1.70823255676,2.84326e-38,nan,1174.93,-1.70823255676,500.0,3.76342e-33,-1.70823255676,29.8713844126,100,7.31285,1577.14,1.68853,100,29.8713844126,9.00204e-08,0.00613443,50000,811.97,5.52486e-05,91.8107
nan,2.99693650714,0.6,1,-3.24961404088,,nan,940.762,-3.24961404088,500.0,,-3.24961404088,23.1381636155,100,23.0451,1.1737e+06,2.24269,100,23.1381636155,6.74594e-06,0.20158,50000,84082.2,5.52486e-05,85.2023
nan,0.575643224661,0.6,1,-2.47143458296,5.85981e-36,nan,939.237,-2.47143458296,500.0,7.13333e-31,-2.47143458296,25.1202616552,100,6.72558,607.026,2.86869,100,25.1202616552,4.09629e-08,0.00357912,50000,435.697,5.52486e-05,37.6938
nan,2.9984747584,0.6,1,-2.76581527367,,nan,2213.86,-2.76581527367,500.0,,-2.76581527367,27.7440943514,100,2.18577e+19,inf,6.17608,100,27.7440943514,1.76175e-05,0.325961,50000,1.28958e+23,5.52486e-05,24.8694
nan,2.11443887312,0.6,1,-3.45454711254,3.80076e-32,nan,364.092,-3.45454711254,500.0,1.53731e-27,-3.45454711254,23.5139338327,100,2.23467,36.146,-0.621451,100,23.5139338327,2.20941e-08,0.00243863,50000,98.6366,5.52486e-05,38.4981
nan,1.95789359038,0.6,1,-3.80558744706,4.23101e-40,nan,1358.12,-3.80558744706,500.0,1.90217e-34,-3.80558744706,26.9407819043,100,24.8386,980345.0,1.85478,100,26.9407819043,4.8503e-06,0.207127,50000,93119.6,5.52486e-05,141.091
nan,0.519357786729,0.6,1,-1.61361321597,1.76587e-29,nan,1369.06,-1.61361321597,500.0,2.00364e-24,-1.61361321597,29.423326042,100,6.26875,888.523,3.15835,100,29.423326042,6.90161e-08,0.00445239,50000,505.188,5.52486e-05,106.421
nan,2.00007922434,0.6,1,-2.77326567852,,nan,1295.85,-2.77326567852,500.0,,-2.77326567852,23.3334104711,100,1728.52,2.60829e+10,2.54564,100,23.3334104711,2.66472e-05,0.491088,50000,1.53643e+07,5.52486e-05,94.375
nan,3.979432325,0.6,1,-2.70036502576,1.86233e-42,nan,1243.19,-2.70036502576,500.0,1.18464e-35,-2.70036502576,25.293566767,100,351.343,4.62162e+08,3.08868,100,25.293566767,1.14281e-05,0.23898,50000,1.51975e+06,5.52486e-05,70.598
nan,1.47445406586,0.6,1,-1.62180324155,,nan,1746.4,-1.62180324155,500.0,,-1.62180324155,27.1494155753,100,22.0717,519701.0,3.99443,100,27.1494155753,3.25629e-06,0.147214,50000,58812.0,5.52486e-05,137.017
nan,0.319284984313,0.6,1,-1.37945807074,4.07416e-23,nan,913.93,-1.37945807074,500.0,3.77696e-18,-1.37945807074,16.3264205245,100,5.12185,552.269,1.83377,100,16.3264205245,6.426e-08,0.00536836,50000,497.676,5.52486e-05,94.187
nan,2.99982432161,0.6,1,-2.26739226839,,nan,nan,-2.26739226839,500.0,,-2.26739226839,30.9206935983,100,7.27968e+13,3.14871e+31,nan,100,30.9206935983,1.81364e-05,0.3308,50000,4.3587e+17,5.52486e-05,nan
nan,1.60156180442,0.6,1,-1.46083223172,,nan,2396.06,-1.46083223172,500.0,,-1.46083223172,44.0568253751,100,10.4314,9604.91,8.06633,100,44.0568253751,2.69432e-07,0.0333295,50000,6292.9,5.52486e-05,206.886
nan,2.00000007115,0.6,1,-0.774826351556,,nan,3062.74,-0.774826351556,500.0,,-0.774826351556,50.7680794946,100,3.14975e+09,8.97795e+22,8.95134,100,50.7680794946,2.76228e-05,0.5,50000,2.85053e+13,5.52486e-05,121.464
nan,2.48595318621,0.6,1,0.808604151047,9.53135e-38,nan,2768.91,0.808604151047,500.0,3.2424e-32,0.808604151047,53.5840860825,100,18.7946,41727.2,10.5002,100,53.5840860825,3.60574e-07,0.0356953,50000,12142.9,5.52486e-05,93.9413
nan,1.2666685003,0.6,1,-0.307566592003,,nan,4614.88,-0.307566592003,500.0,,-0.307566592003,64.4323337406,100,6.77483e+18,inf,12.7125,100,64.4323337406,1.39741e-05,0.283033,50000,3.47068e+22,5.52486e-05,93.1551
nan,1.98352439629,0.6,1,0.221917140156,,nan,6968.25,0.221917140156,500.0,,0.221917140156,108.724149802,100,2.81428e+13,6.04382e+30,18.52,100,108.724149802,2.32927e-05,0.45725,50000,2.32916e+17,5.52486e-05,126.856
nan,1.89649221454,0.6,1,-1.01218195675,,nan,4211.2,-1.01218195675,500.0,,-1.01218195675,132.469236496,100,26.3147,658165.0,15.7591,100,132.469236496,2.90123e-06,0.154148,50000,73419.8,5.52486e-05,191.556
nan,1.65976710998,0.6,1,0.324563335616,,nan,4023.34,0.324563335616,500.0,,0.324563335616,130.33358309,100,15.2708,115454.0,15.5285,100,130.33358309,1.51121e-06,0.105553,50000,29175.2,5.52486e-05,158.881
nan,1.97713625088,0.6,1,2.28301300018,,nan,9001.38,2.28301300018,500.0,,2.28301300018,193.680887613,100,5.66571e+06,2.38157e+17,24.4506,100,193.680887613,2.26463e-05,0.450136,50000,4.61612e+10,5.52486e-05,277.514
nan,1.95462109039,0.6,1,3.54631343053,,nan,4527.34,3.54631343053,500.0,,3.54631343053,131.836832311,100,7.97179,41075.6,16.2987,100,131.836832311,1.97295e-06,0.130952,50000,18894.9,5.52486e-05,291.704
nan,1.1657890659,0.6,1,4.89014523357,3.59912e-33,nan,5342.66,4.89014523357,500.0,1.98982e-28,4.89014523357,241.216337605,100,3.0545,127.95,16.9532,100,241.216337605,4.18604e-08,0.00452643,50000,250.25,5.52486e-05,333.579
nan,1.79063298097,0.6,1,7.85880326853,,nan,7533.3,7.85880326853,500.0,,7.85880326853,334.683803747,100,22.804,607928.0,26.6166,100,334.683803747,3.56839e-06,0.169864,50000,70111.9,5.52486e-05,390.171
nan,1.69054467968,0.6,1,15.1099886528,,nan,9302.03,15.1099886528,500.0,,15.1099886528,249.527863213,100,185.631,1.46984e+08,31.3311,100,249.527863213,1.30201e-05,0.315622,50000,1.06046e+06,5.52486e-05,491.208
nan,0.681540679288,0.6,1,12.6570917705,1.00925e-31,nan,6300.18,12.6570917705,500.0,6.67366e-27,12.6570917705,209.772485425,100,3.65333,199.396,27.5329,100,209.772485425,4.56018e-08,0.00345161,50000,228.238,5.52486e-05,182.008
nan,0.97130774923,0.6,1,19.3191047917,3.34688e-32,nan,8679.28,19.3191047917,500.0,2.76285e-27,19.3191047917,226.202856318,100,4.56077,1479.29,35.4956,100,226.202856318,2.1708e-07,0.0270423,50000,2232.34,5.52486e-05,324.83
nan,1.1974424164,0.6,1,24.3339557031,7.34758e-22,nan,9464.51,24.3339557031,500.0,4.40929e-17,24.3339557031,347.394117321,100,3.31548,219.551,41.0134,100,347.394117321,6.09657e-08,0.0151331,50000,908.141,5.52486e-05,268.111
nan,1.10358048245,0.6,1,27.6119628074,1.075e-29,nan,9384.17,27.6119628074,500.0,6.83545e-25,27.6119628074,303.505805431,100,3.51301,144.635,41.0014,100,303.505805431,3.57732e-08,0.0028568,50000,181.651,5.52486e-05,196.493
nan,0.65805767794,0.6,1,25.8067782156,2.77749e-21,nan,9367.82,25.8067782156,500.0,1.76708e-16,25.8067782156,294.626551363,100,3.515,223.634,39.9992,100,294.626551363,5.52498e-08,0.00352929,50000,224.539,5.52486e-05,249.171
nan,0.643034753696,0.6,1,28.0419963486,1.62305e-31,nan,9925.22,28.0419963486,500.0,6.19806e-27,28.0419963486,317.15441065,100,2.10982,64.2535,40.7276,100,317.15441065,4.40603e-08,0.00382142,50000,145.932,5.52486e-05,443.515
nan,0.792924013213,0.6,1,30.9297410327,6.88105e-31,nan,11282.4,30.9297410327,500.0,4.99878e-26,30.9297410327,365.440759512,100,4.01357,240.312,47.4306,100,365.440759512,4.55362e-08,0.00317806,50000,230.872,5.52486e-05,298.987
nan,0.52944315517,0.6,1,28.1117256831,2.51762e-34,nan,10178.3,28.1117256831,500.0,1.18156e-29,28.1117256831,308.692452718,100,2.59291,74.9457,41.9792,100,308.692452718,3.40263e-08,0.00269279,50000,126.377,5.52486e-05,393.741
nan,0.679906585465,0.6,1,33.4105139547,1.12278e-23,nan,9484.33,33.4105139547,500.0,3.5983e-19,33.4105139547,253.356853597,100,1.77061,22.1927,41.4917,100,253.356853597,2.16076e-08,0.00187682,50000,60.1485,5.52486e-05,289.808
nan,0.441134170536,0.6,1,32.99347884,6.4698e-21,nan,9974.41,32.99347884,500.0,2.83274e-16,32.99347884,245.482266016,100,2.41901,59.6188,43.3318,100,245.482266016,3.10994e-08,0.00656907,50000,287.62,5.52486e-05,324.888
nan,0.881026184534,0.6,1,35.0523611688,9.23491e-29,nan,10432.6,35.0523611688,500.0,3.90892e-24,35.0523611688,316.967500586,100,2.33854,45.5167,46.5891,100,316.967500586,2.54052e-08,0.00177777,50000,75.2489,5.52486e-05,222.389
nan,0.575023731225,0.6,1,32.2369901327,,nan,9947.39,32.2369901327,500.0,,32.2369901327,238.527078365,100,2.46816,60.9963,42.0792,100,238.527078365,3.05631e-08,0.0027046,50000,120.825,5.52486e-05,317.912
nan,0.460261747863,0.6,1,34.7473540502,3.68041e-24,nan,10221.2,34.7473540502,500.0,1.07681e-19,34.7473540502,241.780491082,100,1.61646,27.569,44.383,100,241.780491082,3.22056e-08,0.0024106,50000,70.5292,5.52486e-05,395.508
nan,0.886035589907,0.6,1,38.3544245037,7.82128e-21,nan,10355.5,38.3544245037,500.0,2.65367e-16,38.3544245037,260.085930358,100,1.87452,23.5687,47.6627,100,260.085930358,2.04737e-08,0.00162864,50000,55.2578,5.52486e-05,202.014
nan,0.500889849831,0.6,1,37.5607381584,2.5374e-30,nan,11067.1,37.5607381584,500.0,1.04785e-25,37.5607381584,312.292095428,100,2.28155,46.9787,49.1683,100,312.292095428,2.75477e-08,0.00165364,50000,68.2889,5.52486e-05,259.35
nan,0.995706445228,0.6,1,44.3161159208,8.62476e-31,nan,10486.7,44.3161159208,500.0,1.91112e-26,44.3161159208,185.609528911,100,1.22423,6.01349,49.148,100,185.609528911,1.22474e-08,0.00117764,50000,26.0947,5.52486e-05,155.074
nan,0.805928031443,0.6,1,45.3130037435,9.29248e-21,nan,10724.6,45.3130037435,500.0,2.31236e-16,45.3130037435,189.856938457,100,1.37482,8.76091,50.2989,100,189.856938457,1.41482e-08,0.00111127,50000,27.653,5.52486e-05,168.911
nan,0.741018665357,0.6,1,41.133396674,1.45806e-22,nan,11464.8,41.133396674,500.0,5.92487e-18,41.133396674,292.417865529,100,2.24504,40.4517,50.7785,100,292.417865529,2.44981e-08,0.00178814,50000,72.6616,5.52486e-05,270.887
nan,1.08153277171,0.6,1,41.3673116912,2.67881e-38,nan,10369.8,41.3673116912,500.0,8.09351e-34,41.3673116912,200.103977943,100,1.66923,15.4993,48.4423,100,200.103977943,1.69793e-08,0.00124667,50000,37.6658,5.52486e-05,152.418
nan,0.578939560778,0.6,1,45.1018330163,2.98013e-17,nan,10773.4,45.1018330163,500.0,5.89877e-13,45.1018330163,213.945629135,100,1.09357,4.6733,49.3088,100,213.945629135,1.19281e-08,0.00120526,50000,23.8565,5.52486e-05,268.666
nan,1.0980015102,0.6,1,44.4352185499,2.57017e-29,nan,10992.8,44.4352185499,500.0,6.56306e-25,44.4352185499,227.87760743,100,1.4108,10.6483,51.5031,100,227.87760743,1.63302e-08,0.00127409,50000,32.5345,5.52486e-05,162.935
nan,0.850791536815,0.6,1,47.2820793203,1.54876e-19,nan,11541.3,47.2820793203,500.0,4.01488e-15,47.2820793203,236.663623413,100,1.43222,9.72398,52.6068,100,236.663623413,1.44699e-08,0.00142163,50000,36.8532,5.52486e-05,272.597
nan,1.21283659675,0.6,1,49.4822213288,6.87581e-28,nan,11683.2,49.4822213288,500.0,1.47849e-23,49.4822213288,260.638249552,100,1.188,5.94039,54.826,100,260.638249552,1.28477e-08,0.0012712,50000,27.3343,5.52486e-05,201.651
nan,0.904501686494,0.6,1,46.3008466943,8.59e-23,nan,11364.4,46.3008466943,500.0,2.13272e-18,46.3008466943,306.13935855,100,1.37171,8.13616,53.6694,100,306.13935855,1.31989e-08,0.000894888,50000,22.2183,5.52486e-05,156.157
nan,0.998512512291,0.6,1,53.220279735,2.13105e-15,nan,11929.1,53.220279735,500.0,4.63219e-11,53.220279735,177.184595909,100,1.20092,5.16342,56.3628,100,177.184595909,1.09283e-08,0.00104263,50000,22.6632,5.52486e-05,196.436
nan,1.18823582282,0.6,1,54.9119055591,1.14102e-17,nan,12292.0,54.9119055591,500.0,2.45293e-13,54.9119055591,200.281241831,100,1.18772,5.21883,57.9913,100,200.281241831,1.12924e-08,0.00109805,50000,23.6056,5.52486e-05,188.234
nan,0.664066913666,0.6,1,50.134674141,2.14237e-23,nan,12046.7,50.134674141,500.0,5.46522e-19,50.134674141,222.929752479,100,1.4094,10.4882,56.2331,100,222.929752479,1.61165e-08,0.000959189,50000,24.4691,5.52486e-05,169.622
nan,0.707149769538,0.6,1,50.4204523846,3.93732e-23,nan,11914.5,50.4204523846,500.0,1.03544e-18,50.4204523846,198.371106936,100,1.45293,8.79161,54.4251,100,198.371106936,1.27123e-08,0.00122021,50000,32.089,5.52486e-05,283.497
nan,1.00426323301,0.6,1,51.5334867413,1.00565e-21,nan,12088.5,51.5334867413,500.0,2.30819e-17,51.5334867413,280.530530501,100,1.26808,5.55373,57.3001,100,280.530530501,1.05422e-08,0.00109925,50000,25.2302,5.52486e-05,177.034
nan,0.767094004945,0.6,1,51.0861256236,8.93824e-27,nan,12543.9,51.0861256236,500.0,2.54969e-22,51.0861256236,254.733441601,100,1.576,13.0626,58.0449,100,254.733441601,1.60531e-08,0.00132109,50000,37.6848,5.52486e-05,227.117
nan,0.986507706316,0.6,1,54.3629146891,1.35732e-16,nan,12597.9,54.3629146891,500.0,3.01045e-12,54.3629146891,364.46623619,100,1.22538,5.55851,59.7455,100,364.46623619,1.12994e-08,0.000904591,50000,20.0633,5.52486e-05,169.846
nan,0.820892947452,0.6,1,51.6996371752,3.81454e-21,nan,12439.8,51.6996371752,500.0,9.18369e-17,51.6996371752,266.927488031,100,1.33014,8.88197,57.8319,100,266.927488031,1.53235e-08,0.00113343,50000,27.2879,5.52486e-05,199.166
nan,0.730987707786,0.6,1,54.2160413969,1.02606e-16,nan,12366.9,54.2160413969,500.0,2.45073e-12,54.2160413969,225.892981573,100,1.3196,5.97396,57.4815,100,225.892981573,1.04717e-08,0.00103999,50000,24.84,5.52486e-05,263.994
nan,0.885095332322,0.6,1,56.8010452867,3.90795e-16,nan,12626.7,56.8010452867,500.0,8.13083e-12,56.8010452867,248.339446065,100,1.1495,3.73287,60.1828,100,248.339446065,8.62325e-09,0.000918924,50000,19.119,5.52486e-05,175.116
nan,0.824408297283,0.6,1,54.0095028308,7.42076e-20,nan,12722.3,54.0095028308,500.0,1.65871e-15,54.0095028308,287.033833922,100,1.23494,6.29938,60.0713,100,287.033833922,1.26082e-08,0.00106496,50000,23.8044,5.52486e-05,181.017
nan,1.14789518754,0.6,1,60.1766966807,5.36286e-17,nan,12785.6,60.1766966807,500.0,1.05376e-12,60.1766966807,197.240281111,100,1.08559,2.64567,62.1481,100,197.240281111,6.85241e-09,0.00064414,50000,12.6569,5.52486e-05,119.691
nan,1.50173571967,0.6,1,59.1238271765,5.12848e-27,nan,13001.6,59.1238271765,500.0,1.11295e-22,59.1238271765,191.844144244,100,1.19897,4.7917,61.3406,100,191.844144244,1.01745e-08,0.00119323,50000,25.8948,5.52486e-05,203.743
nan,1.04320713249,0.6,1,62.1110281142,2.55483e-15,nan,13037.9,62.1110281142,500.0,4.61593e-11,62.1110281142,168.860560642,100,0.998202,1.95399,63.0139,100,168.860560642,5.98587e-09,0.000625893,50000,11.3083,5.52486e-05,169.253
nan,1.15755208282,0.6,1,61.9203074398,1.37728e-13,nan,13175.0,61.9203074398,500.0,2.53287e-09,61.9203074398,173.168093834,100,1.01604,2.3542,63.5769,100,173.168093834,6.96084e-09,0.000641426,50000,11.7961,5.52486e-05,137.546
nan,0.956334205098,0.6,1,62.751081657,2.83946e-16,nan,13404.6,62.751081657,500.0,5.83367e-12,62.751081657,190.17473042,100,1.13508,3.20941,64.2023,100,190.17473042,7.60351e-09,0.000796009,50000,16.354,5.52486e-05,173.996
nan,0.863722814596,0.6,1,61.9352082799,2.37962e-18,nan,13850.8,61.9352082799,500.0,5.97702e-14,61.9352082799,195.503107822,100,1.38771,6.64936,65.5492,100,195.503107822,1.05396e-08,0.000775893,50000,19.4885,5.52486e-05,179.096
nan,1.01831476025,0.6,1,61.3416097185,2.00541e-17,nan,12982.3,61.3416097185,500.0,3.78652e-13,61.3416097185,154.73806661,100,1.04318,2.88633,62.7842,100,154.73806661,8.09599e-09,0.000652085,50000,12.3124,5.52486e-05,134.93
nan,1.01881710088,0.6,1,64.7007100857,4.43399e-13,nan,13244.0,64.7007100857,500.0,8.62863e-09,64.7007100857,142.617931914,100,1.07515,2.12237,64.5611,100,142.617931914,5.60437e-09,0.000475559,50000,9.25446,5.52486e-05,126.592
nan,0.876429914886,0.6,1,63.5819851581,5.81879e-18,nan,13331.7,63.5819851581,500.0,1.05804e-13,63.5819851581,179.140087412,100,1.0046,2.09525,63.802,100,179.140087412,6.33716e-09,0.000676747,50000,12.3054,5.52486e-05,178.27
nan,0.710083874911,0.6,1,63.3087905642,1.73143e-16,nan,13828.8,63.3087905642,500.0,3.6805e-12,63.3087905642,198.493564717,100,1.17442,4.32222,65.2166,100,198.493564717,9.56545e-09,0.000783948,50000,16.6643,5.52486e-05,217.269
nan,0.601302712965,0.6,1,64.0994645144,2.97188e-13,nan,14182.4,64.0994645144,500.0,6.36641e-09,64.0994645144,231.169132942,100,1.18354,4.22861,66.5896,100,231.169132942,9.2145e-09,0.000724487,50000,15.5201,5.52486e-05,243.497
nan,0.877734644536,0.6,1,60.644314497,6.66303e-18,nan,13565.8,60.644314497,500.0,1.2904e-13,60.644314497,236.348049968,100,1.06998,3.2919,63.9552,100,236.348049968,8.7769e-09,0.000854352,50000,16.5459,5.52486e-05,239.144
nan,1.05815927267,0.6,1,65.9495241161,3.34366e-14,nan,13303.6,65.9495241161,500.0,6.27304e-10,65.9495241161,129.590175848,100,1.03652,1.52569,65.4551,100,129.590175848,4.33467e-09,0.000415395,50000,7.79321,5.52486e-05,97.7059
nan,1.33249261749,0.6,1,66.2295467237,3.11729e-14,nan,13654.9,66.2295467237,500.0,5.52292e-10,66.2295467237,169.39840311,100,0.978844,1.65952,66.6471,100,169.39840311,5.28687e-09,0.000576151,50000,10.2077,5.52486e-05,124.287
nan,1.06352673161,0.6,1,67.0914101763,6.58686e-16,nan,13753.5,67.0914101763,500.0,1.14359e-11,67.0914101763,155.142312427,100,0.959213,1.58949,66.9962,100,155.142312427,5.27314e-09,0.000609342,50000,10.5792,5.52486e-05,127.095
nan,0.939365399785,0.6,1,67.5358604038,1.96673e-17,nan,14044.2,67.5358604038,500.0,4.15526e-13,67.5358604038,150.420877918,100,1.16728,3.1243,67.933,100,150.420877918,6.99919e-09,0.000611141,50000,12.912,5.52486e-05,145.855
nan,0.904792392778,0.6,1,68.0505315006,7.66813e-16,nan,13888.6,68.0505315006,500.0,1.32494e-11,68.0505315006,122.0926834,100,0.954614,1.63212,67.3192,100,122.0926834,5.46689e-09,0.000512432,50000,8.85407,5.52486e-05,157.39
nan,1.15737038563,0.6,1,65.7279136489,3.1434e-12,nan,13379.8,65.7279136489,500.0,5.14945e-08,65.7279136489,216.83609706,100,0.90507,1.01923,65.4839,100,216.83609706,3.79796e-09,0.000496801,50000,8.13848,5.52486e-05,117.032
nan,0.991878448826,0.6,1,69.2182675304,4.27091e-13,nan,14011.1,69.2182675304,500.0,7.24179e-09,69.2182675304,130.257108707,100,0.936802,1.29023,69.2156,100,130.257108707,4.48759e-09,0.000403962,50000,6.84963,5.52486e-05,107.938
nan,0.913791677216,0.6,1,69.2419195384,1.83244e-12,nan,14716.5,69.2419195384,500.0,3.88727e-08,69.2419195384,217.620181279,100,1.17202,3.57113,70.4316,100,217.620181279,7.93552e-09,0.000703179,50000,14.917,5.52486e-05,186.187
nan,0.910621949514,0.6,1,69.7298589672,3.49145e-15,nan,14221.5,69.7298589672,500.0,7.05684e-11,69.7298589672,136.368270321,100,1.11667,2.32255,69.5248,100,136.368270321,5.68536e-09,0.00041782,50000,8.44488,5.52486e-05,106.626
nan,1.10878625798,0.6,1,68.4719480302,1.75822e-13,nan,14296.0,68.4719480302,500.0,2.89195e-09,68.4719480302,197.203975351,100,0.908737,1.64561,69.4338,100,197.203975351,6.08267e-09,0.000630185,50000,10.3654,5.52486e-05,150.438
nan,0.811585743134,0.6,1,67.6657766612,8.69461e-13,nan,14200.4,67.6657766612,500.0,1.49894e-08,67.6657766612,193.251237405,100,0.952479,1.7633,68.7868,100,193.251237405,5.93278e-09,0.000562773,50000,9.70214,5.52486e-05,155.165
nan,1.1041970559,0.6,1,68.7800697061,1.63888e-13,nan,14359.8,68.7800697061,500.0,3.59891e-09,68.7800697061,159.640051168,100,1.21324,3.30731,69.645,100,159.640051168,6.85845e-09,0.000634645,50000,13.9365,5.52486e-05,141.023
nan,1.29077323234,0.6,1,69.9756017119,8.49468e-14,nan,14353.7,69.9756017119,500.0,1.50416e-09,69.9756017119,208.876480748,100,0.97829,1.52398,70.4219,100,208.876480748,4.86055e-09,0.000508061,50000,8.99625,5.52486e-05,117.022
nan,0.982847593575,0.6,1,71.9363576786,7.72045e-13,nan,14369.4,71.9363576786,500.0,1.48501e-08,71.9363576786,113.924078393,100,1.06269,1.6403,70.6213,100,113.924078393,4.43354e-09,0.000407629,50000,7.84062,5.52486e-05,108.082
nan,1.08905795256,0.6,1,69.4938192613,3.03751e-14,nan,14423.4,69.4938192613,500.0,5.70746e-10,69.4938192613,156.11214415,100,1.03812,2.18962,69.8739,100,156.11214415,6.20182e-09,0.000653348,50000,12.2764,5.52486e-05,146.606
nan,0.840342902221,0.6,1,72.1504098262,4.45033e-14,nan,14799.3,72.1504098262,500.0,8.1137e-10,72.1504098262,223.243161037,100,1.00728,1.69402,72.4413,100,223.243161037,5.09641e-09,0.000421267,50000,7.68041,5.52486e-05,134.776
nan,0.830067815847,0.6,1,68.7235655289,9.13846e-14,nan,13968.4,68.7235655289,500.0,1.60559e-09,68.7235655289,156.228398649,100,0.970695,1.36433,68.3369,100,156.228398649,4.41974e-09,0.00044152,50000,7.75732,5.52486e-05,130.43
nan,1.11145999262,0.6,1,71.9493406917,5.56991e-14,nan,14848.9,71.9493406917,500.0,1.00858e-09,71.9493406917,187.297149737,100,1.00042,1.82049,72.544,100,187.297149737,5.55216e-09,0.000469526,50000,8.50203,5.52486e-05,129.424
nan,1.09415708204,0.6,1,74.2581012034,4.44617e-12,nan,14799.1,74.2581012034,500.0,7.51834e-08,74.2581012034,133.499910715,100,0.934238,1.12503,72.8399,100,133.499910715,3.93451e-09,0.000494195,50000,8.35669,5.52486e-05,114.336
nan,1.09451323158,0.6,1,71.4578788583,4.96112e-12,nan,14300.6,71.4578788583,500.0,8.4779e-08,71.4578788583,132.786810887,100,0.944126,1.24617,70.4527,100,132.786810887,4.26737e-09,0.000423466,50000,7.23647,5.52486e-05,107.666
nan,0.867627169894,0.6,1,74.4571230749,2.73769e-11,nan,14868.9,74.4571230749,500.0,4.99511e-07,74.4571230749,179.108446934,100,1.00805,1.30935,72.8781,100,179.108446934,3.93308e-09,0.000422243,50000,7.70412,5.52486e-05,140.94
nan,1.08589302381,0.6,1,73.7419634917,7.98814e-17,nan,14770.5,73.7419634917,500.0,1.58485e-12,73.7419634917,108.33969796,100,1.09614,2.10406,72.0696,100,108.33969796,5.34527e-09,0.00052401,50000,10.3964,5.52486e-05,131.607
nan,0.833802542832,0.6,1,73.7350631728,6.57288e-13,nan,14627.2,73.7350631728,500.0,1.11886e-08,73.7350631728,123.475960318,100,0.94046,1.05382,71.7081,100,123.475960318,3.63688e-09,0.000405575,50000,6.90382,5.52486e-05,123.516
nan,1.02380748657,0.6,1,73.4286033022,3.49717e-11,nan,14461.8,73.4286033022,500.0,5.99952e-07,73.4286033022,178.398732733,100,0.94781,0.837744,71.812,100,178.398732733,2.8465e-09,0.000372348,50000,6.38777,5.52486e-05,94.4231
nan,0.843662465667,0.6,1,72.1265280035,8.66647e-15,nan,14610.1,72.1265280035,500.0,1.68579e-10,72.1265280035,90.9343186027,100,1.07469,2.31962,70.9328,100,90.9343186027,6.13049e-09,0.000501027,50000,9.74591,5.52486e-05,134.842
nan,0.837917982649,0.6,1,75.5820772185,3.66495e-10,nan,14572.3,75.5820772185,500.0,6.67737e-06,75.5820772185,56.1161959281,100,1.00661,0.893249,71.6715,100,56.1161959281,2.6909e-09,0.000382768,50000,6.97386,5.52486e-05,123.704
nan,1.53945550561,0.6,1,76.2339300709,1.42855e-11,nan,14949.4,76.2339300709,500.0,2.45125e-07,76.2339300709,108.511437663,100,0.94801,0.994396,74.113,100,108.511437663,3.37735e-09,0.000408104,50000,7.00265,5.52486e-05,97.8899
nan,1.01012067109,0.6,1,73.2691109073,8.8919e-14,nan,14694.3,73.2691109073,500.0,1.75753e-09,73.2691109073,94.7965376769,100,1.09202,2.1453,72.0756,100,94.7965376769,5.49125e-09,0.000430242,50000,8.50397,5.52486e-05,112.245
nan,0.943359772266,0.6,1,74.9071574078,5.44454e-10,nan,14534.3,74.9071574078,500.0,9.7067e-06,74.9071574078,71.4373703286,100,0.98499,0.985184,72.1478,100,71.4373703286,3.09953e-09,0.000305815,50000,5.45217,5.52486e-05,88.6332
nan,1.00472640691,0.6,1,76.1543722222,1.01249e-12,nan,14856.7,76.1543722222,500.0,1.78693e-08,76.1543722222,128.205361267,100,0.975074,0.818077,73.5251,100,128.205361267,2.62641e-09,0.000363609,50000,6.41727,5.52486e-05,104.784
nan,0.975249515675,0.6,1,76.3400290689,4.84581e-10,nan,14782.7,76.3400290689,500.0,9.31237e-06,76.3400290689,79.9668361712,100,1.06173,1.07737,73.3708,100,79.9668361712,2.91727e-09,0.000309901,50000,5.95547,5.52486e-05,99.1631
nan,1.00266897285,0.6,1,75.3610556751,1.89851e-11,nan,14992.7,75.3610556751,500.0,3.3304e-07,75.3610556751,123.091354403,100,0.969179,1.25635,73.7139,100,123.091354403,4.08268e-09,0.000451631,50000,7.92258,5.52486e-05,122.227
nan,0.99503858587,0.6,1,74.1253885237,9.99859e-13,nan,14714.5,74.1253885237,500.0,1.77434e-08,74.1253885237,117.628841185,100,0.980437,1.21687,72.3538,100,117.628841185,3.8641e-09,0.000382682,50000,6.79104,5.52486e-05,115.412
nan,1.34369471867,0.6,1,75.0440076738,3.93439e-11,nan,14791.4,75.0440076738,500.0,6.48641e-07,75.0440076738,105.178754415,100,0.910854,0.912688,73.2437,100,105.178754415,3.3579e-09,0.00037792,50000,6.23057,5.52486e-05,94.057
nan,0.976264325763,0.6,1,76.0525991422,1.48093e-13,nan,15244.6,76.0525991422,500.0,2.77631e-09,76.0525991422,127.945006148,100,1.03575,1.63755,75.0002,100,127.945006148,4.65939e-09,0.000373132,50000,6.99512,5.52486e-05,112.741
nan,1.16563200239,0.6,1,73.9264050367,2.48204e-11,nan,14563.0,73.9264050367,500.0,3.96991e-07,73.9264050367,145.236867084,100,0.883675,0.76676,72.0865,100,145.236867084,2.99721e-09,0.00035342,50000,5.65278,5.52486e-05,96.7359
nan,0.892046492005,0.6,1,76.9031788924,2.63029e-14,nan,14930.6,76.9031788924,500.0,4.72965e-10,76.9031788924,116.723460709,100,0.99345,0.762092,73.8936,100,116.723460709,2.35699e-09,0.000311702,50000,5.60485,5.52486e-05,104.451
nan,0.989754297489,0.6,1,77.3778774356,2.31987e-10,nan,14817.5,77.3778774356,500.0,3.95675e-06,77.3778774356,71.2822764816,100,0.942315,0.611247,73.7882,100,71.2822764816,2.1012e-09,0.000275907,50000,4.70584,5.52486e-05,86.0939
nan,1.02947505193,0.6,1,76.9970501145,1.09679e-09,nan,14818.6,76.9970501145,500.0,1.81481e-05,76.9970501145,84.7961285521,100,0.91417,0.614884,73.7106,100,84.7961285521,2.24586e-09,0.000310785,50000,5.1424,5.52486e-05,87.4586
nan,0.880130194903,0.6,1,76.4469752973,3.94541e-09,nan,14702.3,76.4469752973,500.0,6.63672e-05,76.4469752973,93.4006819722,100,0.929357,0.614441,72.8513,100,93.4006819722,2.17149e-09,0.000334794,50000,5.63169,5.52486e-05,100.728
nan,1.03421812057,0.6,1,76.7739378425,5.50993e-12,nan,15200.0,76.7739378425,500.0,9.26357e-08,76.7739378425,181.385066185,100,0.928866,0.897766,75.4702,100,181.385066185,3.17614e-09,0.000315623,50000,5.30641,5.52486e-05,92.5768
nan,1.1427529776,0.6,1,75.7904788355,3.83665e-12,nan,14950.4,75.7904788355,500.0,6.97413e-08,75.7904788355,142.230591891,100,1.00429,1.04708,73.9206,100,142.230591891,3.16887e-09,0.000355263,50000,6.45784,5.52486e-05,105.592
nan,0.98224968,0.6,1,77.270602125,1.64869e-09,nan,14903.4,77.270602125,500.0,2.85823e-05,77.270602125,79.4428100372,100,0.957811,0.770299,74.0105,100,79.4428100372,2.56296e-09,0.000345709,50000,5.99334,5.52486e-05,102.025
nan,1.02222600368,0.6,1,76.41059185,3.35602e-11,nan,15100.2,76.41059185,500.0,5.97618e-07,76.41059185,147.571054717,100,0.98383,1.02469,74.6091,100,147.571054717,3.23145e-09,0.00034765,50000,6.19072,5.52486e-05,104.699
nan,1.05198487235,0.6,1,75.6504233758,3.46894e-13,nan,15118.2,75.6504233758,500.0,5.92919e-09,75.6504233758,167.152321327,100,0.944321,1.10837,74.6311,100,167.152321327,3.79391e-09,0.000361607,50000,6.18067,5.52486e-05,110.119
nan,1.18804225459,0.6,1,75.7809996353,4.93216e-11,nan,14985.4,75.7809996353,500.0,8.26245e-07,75.7809996353,129.728572285,100,0.925536,1.00428,73.8517,100,129.728572285,3.57858e-09,0.000435555,50000,7.29651,5.52486e-05,113.107
nan,1.02591254867,0.6,1,80.3008432232,5.23258e-08,nan,15242.0,80.3008432232,500.0,0.000895187,80.3008432232,63.0539100012,100,0.945191,0.517021,76.1756,100,63.0539100012,1.7665e-09,0.000235635,50000,4.03124,5.52486e-05,76.6988
nan,1.24533109663,0.6,1,77.2132728467,5.99262e-13,nan,15062.9,77.2132728467,500.0,1.0225e-08,77.2132728467,122.649259769,100,0.942689,0.767046,75.1343,100,122.649259769,2.63468e-09,0.000289283,50000,4.93594,5.52486e-05,82.7268
nan,1.11805413929,0.6,1,75.9299502048,5.82774e-12,nan,15288.5,75.9299502048,500.0,1.08815e-07,75.9299502048,182.107309309,100,1.0316,1.45434,75.1549,100,182.107309309,4.17145e-09,0.000415492,50000,7.75803,5.52486e-05,123.193
nan,0.892797760198,0.6,1,79.9320078829,1.15837e-08,nan,15120.7,79.9320078829,500.0,0.000201566,79.9320078829,66.4635809943,100,0.961367,0.475301,75.4817,100,66.4635809943,1.56976e-09,0.00023981,50000,4.17287,5.52486e-05,79.9592
nan,1.03402023248,0.6,1,80.6370329138,5.23855e-09,nan,15235.0,80.6370329138,500.0,9.68817e-05,80.6370329138,55.5812325468,100,1.02177,0.572951,76.0925,100,55.5812325468,1.67516e-09,0.000226759,50000,4.19368,5.52486e-05,75.7847
nan,0.97943837321,0.6,1,79.4157455696,2.63497e-09,nan,15340.3,79.4157455696,500.0,4.58839e-05,79.4157455696,136.763641187,100,0.962068,0.689746,76.1341,100,136.763641187,2.27468e-09,0.000309993,50000,5.39804,5.52486e-05,97.7851
nan,0.998900807508,0.6,1,78.4181658924,1.89627e-09,nan,15137.5,78.4181658924,500.0,3.2329e-05,78.4181658924,91.2723282911,100,0.94192,0.729384,75.1545,100,91.2723282911,2.5094e-09,0.000352339,50000,6.00694,5.52486e-05,92.6962
nan,1.0218847046,0.6,1,78.898014429,1.72213e-12,nan,15333.5,78.898014429,500.0,3.15159e-08,78.898014429,116.198365682,100,1.01108,0.938163,76.257,100,116.198365682,2.80125e-09,0.000280049,50000,5.12505,5.52486e-05,84.5393
nan,0.902421341398,0.6,1,79.3530005028,8.39984e-10,nan,15314.4,79.3530005028,500.0,1.52977e-05,79.3530005028,84.5449039413,100,1.00618,0.875968,75.8886,100,84.5449039413,2.64107e-09,0.000312526,50000,5.69168,5.52486e-05,95.1158
nan,0.955031764964,0.6,1,79.1837863938,2.94364e-11,nan,15402.9,79.1837863938,500.0,5.51341e-07,79.1837863938,103.361783614,100,1.0348,1.05583,76.2455,100,103.361783614,3.00969e-09,0.000354924,50000,6.64771,5.52486e-05,106.778
nan,0.809149570547,0.6,1,82.0479691785,1.9047e-07,nan,15382.9,82.0479691785,500.0,0.00343362,82.0479691785,39.6672193139,100,0.995973,0.441002,76.8288,100,39.6672193139,1.35702e-09,0.000229263,50000,4.13295,5.52486e-05,77.1182
nan,0.939794766822,0.6,1,80.6550431612,1.40295e-10,nan,15460.9,80.6550431612,500.0,2.62157e-06,80.6550431612,84.5169998904,100,1.03238,0.790967,76.8554,100,84.5169998904,2.26528e-09,0.000281724,50000,5.26431,5.52486e-05,93.0891
nan,1.03653274221,0.6,1,80.515158712,1.39542e-11,nan,15375.9,80.515158712,500.0,2.38759e-07,80.515158712,71.9449074057,100,0.945312,0.576882,76.7439,100,71.9449074057,1.97051e-09,0.000250827,50000,4.29169,5.52486e-05,80.8127
nan,0.810938792314,0.6,1,80.0427703065,5.7868e-09,nan,15195.3,80.0427703065,500.0,0.000100789,80.0427703065,49.5219046195,100,0.962273,0.563046,75.6433,100,49.5219046195,1.85605e-09,0.000286931,50000,4.99751,5.52486e-05,89.8825
nan,0.870797897969,0.6,1,80.8809687793,4.07343e-08,nan,15479.0,80.8809687793,500.0,0.000752312,80.8809687793,61.2601592705,100,1.02037,0.812479,76.7971,100,61.2601592705,2.38197e-09,0.000368417,50000,6.80421,5.52486e-05,96.3348
nan,0.936221807491,0.6,1,80.9666802364,1.1308e-08,nan,15375.1,80.9666802364,500.0,0.000198575,80.9666802364,67.9711309255,100,0.970195,0.546814,76.9536,100,67.9711309255,1.77323e-09,0.000226935,50000,3.98509,5.52486e-05,75.034
nan,0.859196602846,0.6,1,80.3357792523,1.89709e-09,nan,15255.2,80.3357792523,500.0,3.19089e-05,80.3357792523,54.4405646552,100,0.929276,0.518383,76.2055,100,54.4405646552,1.83233e-09,0.000221774,50000,3.73022,5.52486e-05,78.4327
nan,0.866075401526,0.6,1,82.9592810746,1.15137e-07,nan,15549.3,82.9592810746,500.0,0.00206841,82.9592810746,40.7644758846,100,0.992526,0.416129,77.6663,100,40.7644758846,1.2894e-09,0.000216078,50000,3.88178,5.52486e-05,75.6113
nan,1.01691241634,0.6,1,79.567276684,1.67539e-09,nan,15218.9,79.567276684,500.0,3.16764e-05,79.567276684,61.7689297729,100,1.04458,0.839622,75.5076,100,61.7689297729,2.34879e-09,0.000307956,50000,5.82248,5.52486e-05,93.0873
nan,0.987936107186,0.6,1,81.1584475342,1.21447e-11,nan,15427.2,81.1584475342,500.0,2.15099e-07,81.1584475342,93.636755481,100,0.978522,0.519714,77.0617,100,93.636755481,1.65679e-09,0.000248992,50000,4.40995,5.52486e-05,80.4896
nan,0.991399449276,0.6,1,80.7296166467,1.08158e-08,nan,15321.5,80.7296166467,500.0,0.00019162,80.7296166467,55.145616532,100,0.97882,0.633448,76.3394,100,55.145616532,2.01813e-09,0.000253734,50000,4.49532,5.52486e-05,82.508
nan,0.833749955378,0.6,1,82.4284835946,6.77936e-09,nan,15447.1,82.4284835946,500.0,0.000122014,82.4284835946,35.9862298852,100,0.994356,0.459535,77.2601,100,35.9862298852,1.41866e-09,0.000202413,50000,3.643,5.52486e-05,72.4733
nan,0.943426304587,0.6,1,80.7724624361,2.18475e-08,nan,15289.5,80.7724624361,500.0,0.000395854,80.7724624361,56.5404130905,100,1.00105,0.555591,76.2477,100,56.5404130905,1.69235e-09,0.000258905,50000,4.69108,5.52486e-05,84.8143
nan,0.960546670377,0.6,1,81.1310387407,8.61278e-10,nan,15240.1,81.1310387407,500.0,1.54705e-05,81.1310387407,50.8863171671,100,0.99239,0.437315,76.3539,100,50.8863171671,1.35542e-09,0.000205711,50000,3.69504,5.52486e-05,69.4333
nan,1.18299095385,0.6,1,81.0506288194,1.10837e-08,nan,15513.0,81.0506288194,500.0,0.000190911,81.0506288194,69.3988801068,100,0.951627,0.638733,77.3603,100,69.3988801068,2.15293e-09,0.000280073,50000,4.8241,5.52486e-05,80.7365
nan,0.935366176447,0.6,1,82.9253532478,3.19382e-07,nan,15460.1,82.9253532478,500.0,0.00566358,82.9253532478,34.6455454882,100,0.97972,0.348788,77.4746,100,34.6455454882,1.10918e-09,0.000194519,50000,3.44939,5.52486e-05,69.0214
nan,0.852700213885,0.6,1,81.3537436817,4.86471e-09,nan,15482.6,81.3537436817,500.0,8.72823e-05,81.3537436817,56.9045848311,100,0.991266,0.651143,77.2911,100,56.9045848311,2.02273e-09,0.000255085,50000,4.57671,5.52486e-05,82.6358
nan,0.926466317904,0.6,1,80.8774063484,3.06195e-11,nan,15333.9,80.8774063484,500.0,5.27643e-07,80.8774063484,76.3757631812,100,0.952059,0.518436,76.4626,100,76.3757631812,1.74587e-09,0.00024795,50000,4.27274,5.52486e-05,85.6288
nan,0.880152160455,0.6,1,83.2426422269,7.85085e-08,nan,15672.5,83.2426422269,500.0,0.00140427,83.2426422269,48.6041022581,100,0.988224,0.460274,78.2622,100,48.6041022581,1.43863e-09,0.000223325,50000,3.99459,5.52486e-05,81.3917
nan,0.835231614546,0.6,1,82.8743551081,1.11203e-07,nan,15449.9,82.8743551081,500.0,0.00198759,82.8743551081,32.2140280924,100,0.987492,0.370904,77.3467,100,32.2140280924,1.16102e-09,0.000196949,50000,3.52019,5.52486e-05,73.0306
nan,0.820856594729,0.6,1,82.9640295666,4.47583e-08,nan,15476.9,82.9640295666,500.0,0.000788699,82.9640295666,39.5834828292,100,0.973551,0.319826,77.655,100,39.5834828292,1.03001e-09,0.000175881,50000,3.09924,5.52486e-05,60.7839
nan,0.892156856202,0.6,1,82.8627097323,2.34863e-07,nan,15521.3,82.8627097323,500.0,0.00422555,82.8627097323,44.4009547863,100,0.994008,0.401424,77.6463,100,44.4009547863,1.24013e-09,0.000216934,50000,3.90298,5.52486e-05,80.0926
nan,0.946658171788,0.6,1,81.173601941,3.68876e-09,nan,15641.4,81.173601941,500.0,6.00502e-05,81.173601941,122.432485192,100,0.899407,0.550252,77.9825,100,122.432485192,2.07631e-09,0.000276836,50000,4.50668,5.52486e-05,86.1275
nan,0.919198448037,0.6,1,83.1903047175,1.20111e-08,nan,15795.2,83.1903047175,500.0,0.000217957,83.1903047175,61.1127156837,100,1.00256,0.591628,78.7538,100,61.1127156837,1.79669e-09,0.000268114,50000,4.86527,5.52486e-05,87.1158
nan,0.834541338277,0.6,1,81.9076996368,3.14821e-08,nan,15455.0,81.9076996368,500.0,0.000551706,81.9076996368,53.2726693528,100,0.968201,0.471389,77.1373,100,53.2726693528,1.53494e-09,0.000241965,50000,4.2403,5.52486e-05,79.6599
nan,0.888601788273,0.6,1,83.6945714813,8.55278e-08,nan,15770.7,83.6945714813,500.0,0.00144911,83.6945714813,89.4232637021,100,0.936087,0.336054,79.0251,100,89.4232637021,1.17063e-09,0.000201915,50000,3.42108,5.52486e-05,67.9368
nan,0.996524152065,0.6,1,81.9391212056,7.74963e-08,nan,15506.5,81.9391212056,500.0,0.00135138,81.9391212056,59.2943002877,100,0.963425,0.53144,77.397,100,59.2943002877,1.74768e-09,0.000248568,50000,4.33453,5.52486e-05,80.8789
nan,0.974039540997,0.6,1,82.973845069,2.33506e-08,nan,15713.3,82.973845069,500.0,0.000418597,82.973845069,71.0826730876,100,0.990418,0.530556,78.77,100,71.0826730876,1.65096e-09,0.000224575,50000,4.02586,5.52486e-05,73.0824
nan,1.05309428846,0.6,1,83.0703277309,4.14574e-08,nan,15623.8,83.0703277309,500.0,0.000707225,83.0703277309,55.5199828383,100,0.942491,0.3722,78.18,100,55.5199828383,1.27898e-09,0.000231814,50000,3.95453,5.52486e-05,69.9911
nan,0.892044145166,0.6,1,83.3436198295,1.20501e-07,nan,15720.4,83.3436198295,500.0,0.0020752,83.3436198295,62.05043939,100,0.951465,0.416587,78.6014,100,62.05043939,1.40463e-09,0.000219797,50000,3.78524,5.52486e-05,76.6323
nan,0.901609943806,0.6,1,84.2235846454,1.00384e-07,nan,15639.4,84.2235846454,500.0,0.00181312,84.2235846454,33.78510741,100,0.997896,0.307697,78.4061,100,33.78510741,9.43181e-10,0.000195885,50000,3.53807,5.52486e-05,63.274
nan,0.903553745102,0.6,1,82.9706670355,3.50728e-08,nan,15726.9,82.9706670355,500.0,0.00062655,82.9706670355,82.0167302527,100,0.986976,0.509667,78.5139,100,82.0167302527,1.59704e-09,0.000238808,50000,4.26613,5.52486e-05,82.119
nan,0.902853089827,0.6,1,83.447665839,8.2503e-09,nan,15757.4,83.447665839,500.0,0.000143912,83.447665839,61.7540603508,100,0.963718,0.450475,78.8491,100,61.7540603508,1.48052e-09,0.000225895,50000,3.94035,5.52486e-05,72.1306
nan,0.78575295148,0.6,1,84.538390461,1.21691e-08,nan,15909.8,84.538390461,500.0,0.00020991,84.538390461,62.5301251596,100,0.953001,0.392798,79.6733,100,62.5301251596,1.32016e-09,0.000200324,50000,3.45545,5.52486e-05,66.5061
nan,0.781823577314,0.6,1,83.8880158107,1.13539e-07,nan,15696.0,83.8880158107,500.0,0.0020506,83.8880158107,34.7686786219,100,0.997837,0.419937,78.4306,100,34.7686786219,1.28738e-09,0.000197268,50000,3.56282,5.52486e-05,75.0138
nan,0.771427608616,0.6,1,85.6763072835,5.74435e-07,nan,15830.7,85.6763072835,500.0,0.0103175,85.6763072835,25.1372164391,100,0.992327,0.240844,79.5906,100,25.1372164391,7.46569e-10,0.000157561,50000,2.82998,5.52486e-05,57.7347
nan,1.05362600416,0.6,1,82.8970448337,9.39313e-10,nan,15661.3,82.8970448337,500.0,1.66372e-05,82.8970448337,61.3107750963,100,0.978566,0.488698,78.1419,100,61.3107750963,1.55777e-09,0.000254085,50000,4.50036,5.52486e-05,77.0928
nan,0.842096045636,0.6,1,84.9681799399,1.82466e-07,nan,15808.9,84.9681799399,500.0,0.00328444,84.9681799399,50.85774277,100,0.994488,0.271324,79.6695,100,50.85774277,8.37398e-10,0.000164763,50000,2.96577,5.52486e-05,54.1486
nan,0.981196526913,0.6,1,83.6189544899,8.88865e-08,nan,15692.7,83.6189544899,500.0,0.00157253,83.6189544899,70.4210025393,100,0.977431,0.361077,78.5347,100,70.4210025393,1.15364e-09,0.000209444,50000,3.70537,5.52486e-05,71.349
nan,0.865992328682,0.6,1,83.5615803704,4.73715e-08,nan,15643.9,83.5615803704,500.0,0.000847326,83.5615803704,45.5117068285,100,0.988223,0.391408,78.1611,100,45.5117068285,1.22338e-09,0.000226044,50000,4.04322,5.52486e-05,79.721
nan,0.787551800401,0.6,1,85.7894989,6.15149e-07,nan,15916.3,85.7894989,500.0,0.0114337,85.7894989,29.2329680207,100,1.0269,0.331784,79.8716,100,29.2329680207,9.60371e-10,0.000162145,50000,3.01378,5.52486e-05,64.1334
nan,0.731834188871,0.6,1,84.1780658771,8.95791e-07,nan,15652.4,84.1780658771,500.0,0.0168033,84.1780658771,28.9666317819,100,1.03635,0.364283,78.176,100,28.9666317819,1.0353e-09,0.000191547,50000,3.59304,5.52486e-05,77.2637
nan,0.876614723404,0.6,1,84.1108482002,2.02324e-08,nan,15735.8,84.1108482002,500.0,0.000366982,84.1108482002,35.3073423107,100,1.00212,0.432345,78.7235,100,35.3073423107,1.31413e-09,0.000194407,50000,3.52621,5.52486e-05,70.8773
nan,0.788517216226,0.6,1,85.0331737706,6.78805e-07,nan,15708.9,85.0331737706,500.0,0.011666,85.0331737706,30.070089097,100,0.949503,0.204692,78.9426,100,30.070089097,6.93029e-10,0.000168028,50000,2.88773,5.52486e-05,56.4112
nan,0.951783914075,0.6,1,83.3866553091,3.75541e-07,nan,15575.2,83.3866553091,500.0,0.00653129,83.3866553091,39.4416909682,100,0.960866,0.341983,78.0645,100,39.4416909682,1.13063e-09,0.0002141,50000,3.72357,5.52486e-05,70.3046
nan,0.927266265359,0.6,1,84.0729579301,8.01337e-08,nan,15893.1,84.0729579301,500.0,0.00142285,84.0729579301,63.0234770026,100,0.980993,0.488875,79.3021,100,63.0234770026,1.55063e-09,0.000240899,50000,4.2774,5.52486e-05,80.9725
nan,0.8947014356,0.6,1,84.3370269383,1.63152e-07,nan,15710.5,84.3370269383,500.0,0.00287507,84.3370269383,39.2562211137,100,0.973592,0.323871,78.5326,100,39.2562211137,1.04294e-09,0.000215932,50000,3.80516,5.52486e-05,69.0542
nan,0.808063979899,0.6,1,83.7553026546,3.87637e-09,nan,15773.4,83.7553026546,500.0,6.98345e-05,83.7553026546,50.5373663786,100,0.995328,0.496713,78.7239,100,50.5373663786,1.53044e-09,0.000219341,50000,3.95152,5.52486e-05,75.3759
nan,0.891680162532,0.6,1,85.6654281789,3.01674e-08,nan,15929.6,85.6654281789,500.0,0.000537054,85.6654281789,36.8434158585,100,0.983562,0.300491,80.0996,100,36.8434158585,9.48137e-10,0.000166575,50000,2.96545,5.52486e-05,56.1659
nan,0.837226098546,0.6,1,82.6998937033,1.87337e-08,nan,15676.2,82.6998937033,500.0,0.000308295,82.6998937033,65.42013388,100,0.909209,0.439172,78.3063,100,65.42013388,1.62162e-09,0.000219611,50000,3.61407,5.52486e-05,76.2266
nan,0.863858026438,0.6,1,85.1021604304,2.05471e-07,nan,15857.8,85.1021604304,500.0,0.00374763,85.1021604304,36.583028088,100,1.00769,0.359451,79.482,100,36.583028088,1.0805e-09,0.000183436,50000,3.34574,5.52486e-05,62.5345
nan,0.851944494744,0.6,1,83.8021275099,1.02356e-07,nan,15738.4,83.8021275099,500.0,0.0017624,83.8021275099,53.9128195369,100,0.951291,0.388762,78.8457,100,53.9128195369,1.3113e-09,0.000181317,50000,3.12198,5.52486e-05,68.5735
nan,0.838628861159,0.6,1,84.6271316635,3.78487e-08,nan,15765.7,84.6271316635,500.0,0.000677945,84.6271316635,36.2612167305,100,0.989612,0.336744,78.9252,100,36.2612167305,1.04957e-09,0.000195618,50000,3.5039,5.52486e-05,68.6972
nan,0.885906638963,0.6,1,84.7115385582,9.95428e-07,nan,15624.5,84.7115385582,500.0,0.0176866,84.7115385582,21.400226751,100,0.981646,0.217902,78.4807,100,21.400226751,6.90232e-10,0.00016407,50000,2.91516,5.52486e-05,56.4365
nan,0.917804561794,0.6,1,85.1653086801,3.49218e-08,nan,15930.6,85.1653086801,500.0,0.000616098,85.1653086801,42.9941022078,100,0.974707,0.378267,79.8659,100,42.9941022078,1.21533e-09,0.000189499,50000,3.34319,5.52486e-05,69.8863
nan,0.831946243031,0.6,1,84.6802532383,1.95359e-07,nan,15712.4,84.6802532383,500.0,0.00343312,84.6802532383,29.7229472346,100,0.970903,0.286688,79.0127,100,29.7229472346,9.28326e-10,0.000151122,50000,2.65572,5.52486e-05,55.2295
nan,0.911430317245,0.6,1,84.3595665495,1.62501e-10,nan,15814.7,84.3595665495,500.0,2.84451e-06,84.3595665495,50.5968057738,100,0.967106,0.37384,79.3339,100,50.5968057738,1.22006e-09,0.000201286,50000,3.52344,5.52486e-05,66.5536
nan,0.818542034586,0.6,1,85.9415209836,1.41899e-06,nan,15862.4,85.9415209836,500.0,0.0256722,85.9415209836,22.4384537546,100,0.999552,0.241637,79.6339,100,22.4384537546,7.38236e-10,0.000163209,50000,2.95276,5.52486e-05,52.7089
nan,0.804637573538,0.6,1,84.415739159,2.10686e-07,nan,15609.4,84.415739159,500.0,0.00377285,84.415739159,29.8995671781,100,0.989362,0.231662,78.4116,100,29.8995671781,7.22416e-10,0.000166124,50000,2.97485,5.52486e-05,55.5506
nan,1.02779733456,0.6,1,86.1946940197,2.11404e-08,nan,16052.2,86.1946940197,500.0,0.000389562,86.1946940197,39.7837061218,100,1.01809,0.366102,80.7209,100,39.7837061218,1.07814e-09,0.000177905,50000,3.27832,5.52486e-05,61.0035
nan,0.796883834449,0.6,1,84.5366529352,4.22888e-07,nan,15758.8,84.5366529352,500.0,0.00768377,84.5366529352,30.9260654373,100,1.00385,0.382099,79.0326,100,30.9260654373,1.15738e-09,0.000167719,50000,3.04741,5.52486e-05,63.8905
nan,1.09900713298,0.6,1,85.5600389241,1.18268e-07,nan,16005.1,85.5600389241,500.0,0.00221635,85.5600389241,69.7637643152,100,1.03537,0.394292,80.5278,100,69.7637643152,1.12272e-09,0.000181079,50000,3.39345,5.52486e-05,58.237
nan,0.913693629594,0.6,1,83.8493970232,3.36751e-08,nan,15782.6,83.8493970232,500.0,0.00059381,83.8493970232,46.2201143895,100,0.974227,0.466511,79.0731,100,46.2201143895,1.50032e-09,0.000202624,50000,3.57298,5.52486e-05,69.7163
nan,0.796870091014,0.6,1,85.467825759,7.19377e-07,nan,15779.4,85.467825759,500.0,0.0129532,85.467825759,25.4555338959,100,0.994813,0.229647,79.2454,100,25.4555338959,7.08306e-10,0.000165196,50000,2.97454,5.52486e-05,54.6158
nan,0.897014749825,0.6,1,85.7860770528,1.10714e-06,nan,15898.2,85.7860770528,500.0,0.0195784,85.7860770528,27.1093211786,100,0.977005,0.27519,79.8269,100,27.1093211786,8.8e-10,0.000174095,50000,3.07867,5.52486e-05,60.9641
nan,0.797198598064,0.6,1,84.8517887352,1.84554e-09,nan,15879.2,84.8517887352,500.0,3.18726e-05,84.8517887352,46.7081185988,100,0.954148,0.352279,79.5865,100,46.7081185988,1.18113e-09,0.000196484,50000,3.3933,5.52486e-05,70.3569
nan,0.921902938122,0.6,1,84.5499183718,1.88042e-07,nan,15835.2,84.5499183718,500.0,0.0033678,84.5499183718,49.5826065338,100,0.98949,0.382203,79.5701,100,49.5826065338,1.19156e-09,0.000182355,50000,3.26594,5.52486e-05,63.585
nan,0.746236411308,0.6,1,85.0992581959,6.31436e-07,nan,15746.2,85.0992581959,500.0,0.0111609,85.0992581959,27.2994953057,100,0.976543,0.246495,78.9644,100,27.2994953057,7.88985e-10,0.000168502,50000,2.97835,5.52486e-05,62.4454
nan,0.925890945052,0.6,1,84.9263800952,6.05783e-07,nan,15838.2,84.9263800952,500.0,0.0108396,84.9263800952,41.979708374,100,0.988591,0.33674,79.2829,100,41.979708374,1.05173e-09,0.000200633,50000,3.59003,5.52486e-05,72.0443
nan,0.832401843399,0.6,1,84.856665746,2.63777e-08,nan,15849.9,84.856665746,500.0,0.000453178,84.856665746,37.765399925,100,0.949191,0.332054,79.4796,100,37.765399925,1.12498e-09,0.000175951,50000,3.0229,5.52486e-05,65.65
nan,0.805108749765,0.6,1,85.1331627098,5.7962e-08,nan,15927.8,85.1331627098,500.0,0.00101126,85.1331627098,59.8807743094,100,0.963918,0.308766,79.6744,100,59.8807743094,1.01436e-09,0.000208764,50000,3.64228,5.52486e-05,75.7724
nan,0.859518328671,0.6,1,84.5942237334,2.09567e-07,nan,15811.3,84.5942237334,500.0,0.00372673,84.5942237334,40.2369464838,100,0.982485,0.377612,79.2207,100,40.2369464838,1.19409e-09,0.000202978,50000,3.60956,5.52486e-05,69.999
nan,0.767137825703,0.6,1,86.6333398391,7.81474e-07,nan,15984.0,86.6333398391,500.0,0.0138287,86.6333398391,24.6149355308,100,0.977664,0.210741,80.2101,100,24.6149355308,6.72995e-10,0.000169752,50000,3.00389,5.52486e-05,54.5413
nan,0.767463343824,0.6,1,86.900137234,1.46797e-06,nan,15998.4,86.900137234,500.0,0.0261388,86.900137234,19.7231230299,100,0.983766,0.196863,80.407,100,19.7231230299,6.20904e-10,0.000149921,50000,2.66951,5.52486e-05,50.7145
nan,0.792264480418,0.6,1,84.5254714183,3.27116e-07,nan,15730.5,84.5254714183,500.0,0.00561274,84.5254714183,42.1692464685,100,0.947969,0.274264,78.7762,100,42.1692464685,9.31588e-10,0.000184265,50000,3.16167,5.52486e-05,64.3177
nan,0.710147479554,0.6,1,86.8460237547,1.02067e-06,nan,15992.0,86.8460237547,500.0,0.018128,86.8460237547,20.4271408265,100,0.981262,0.192516,80.3388,100,20.4271408265,6.10294e-10,0.000147056,50000,2.61183,5.52486e-05,52.2816
nan,0.789802709456,0.6,1,86.8859918824,5.64276e-07,nan,16042.3,86.8859918824,500.0,0.0101422,86.8859918824,25.7155101131,100,0.99303,0.225003,80.4662,100,25.7155101131,6.96477e-10,0.000169655,50000,3.04935,5.52486e-05,57.2593
nan,0.75164005175,0.6,1,85.1015418976,7.20619e-07,nan,15755.6,85.1015418976,500.0,0.0124883,85.1015418976,28.3062527859,100,0.957455,0.224176,78.8121,100,28.3062527859,7.4644e-10,0.000191022,50000,3.31039,5.52486e-05,63.8892
nan,0.823807985356,0.6,1,87.4609734827,9.76517e-07,nan,16090.6,87.4609734827,500.0,0.0175529,87.4609734827,19.3395558347,100,0.993097,0.191619,80.9267,100,19.3395558347,5.93058e-10,0.00014802,50000,2.66067,5.52486e-05,52.1356
nan,0.83384187594,0.6,1,85.2514179194,1.47316e-07,nan,15879.4,85.2514179194,500.0,0.00263592,85.2514179194,33.0467228538,100,0.988559,0.350761,79.6736,100,33.0467228538,1.09559e-09,0.000178642,50000,3.19643,5.52486e-05,65.3998
nan,0.674533381889,0.6,1,87.2167800324,1.44595e-06,nan,16010.2,87.2167800324,500.0,0.0258189,87.2167800324,16.2975085062,100,0.986519,0.158031,80.2587,100,16.2975085062,4.95648e-10,0.000153969,50000,2.74928,5.52486e-05,56.5214
nan,0.722290465743,0.6,1,87.1328634347,7.33998e-07,nan,16029.8,87.1328634347,500.0,0.0131019,87.1328634347,17.603306234,100,0.98619,0.197841,80.5783,100,17.603306234,6.20923e-10,0.000139191,50000,2.48456,5.52486e-05,54.5212
nan,0.718633916256,0.6,1,85.7616247856,3.7626e-07,nan,15839.6,85.7616247856,500.0,0.00665066,85.7616247856,24.3953650626,100,0.97656,0.221879,79.479,100,24.3953650626,7.10168e-10,0.00015461,50000,2.73284,5.52486e-05,55.9656
nan,0.786485033206,0.6,1,86.3830078541,4.23883e-07,nan,15933.1,86.3830078541,500.0,0.00756869,86.3830078541,22.1872413197,100,0.986498,0.223909,80.2353,100,22.1872413197,7.02298e-10,0.000150695,50000,2.69076,5.52486e-05,52.7025
nan,0.861586215011,0.6,1,86.4636058302,3.78216e-07,nan,15918.9,86.4636058302,500.0,0.00684797,86.4636058302,21.5024223303,100,1.00033,0.197017,80.1232,100,21.5024223303,6.0098e-10,0.000151262,50000,2.73874,5.52486e-05,49.1351
nan,1.28228807546,0.6,1,86.1665408035,1.97801e-07,nan,15995.9,86.1665408035,500.0,0.0035347,86.1665408035,32.1920861227,100,0.987295,0.296089,80.2822,100,32.1920861227,9.27196e-10,0.00022326,50000,3.98966,5.52486e-05,58.2577
nan,0.954487113081,0.6,1,86.0724914451,8.37216e-08,nan,15937.3,86.0724914451,500.0,0.00149298,86.0724914451,28.2886329992,100,0.985231,0.261828,80.064,100,28.2886329992,8.23347e-10,0.000177122,50000,3.15856,5.52486e-05,56.9166
nan,0.827420376149,0.6,1,86.7034052681,1.39188e-06,nan,15925.8,86.7034052681,500.0,0.0260493,86.7034052681,19.4193328921,100,1.03399,0.183391,80.3566,100,19.4193328921,5.23587e-10,0.000126163,50000,2.36116,5.52486e-05,45.0463
nan,0.808356327343,0.6,1,87.5394161348,1.05051e-06,nan,16177.8,87.5394161348,500.0,0.0191426,87.5394161348,23.5429620456,100,1.00675,0.273439,81.295,100,23.5429620456,8.23492e-10,0.000151765,50000,2.76549,5.52486e-05,59.3827
nan,0.79547722492,0.6,1,85.0385530508,1.04905e-06,nan,15732.9,85.0385530508,500.0,0.0190323,85.0385530508,28.3644109743,100,1.00235,0.259762,79.0638,100,28.3644109743,7.89192e-10,0.000156873,50000,2.84606,5.52486e-05,58.3819
nan,0.800012563631,0.6,1,86.8311674015,3.27743e-07,nan,16100.5,86.8311674015,500.0,0.00609499,86.8311674015,32.2646110411,100,1.02745,0.307198,80.7379,100,32.2646110411,8.88255e-10,0.000180806,50000,3.36242,5.52486e-05,61.3022
nan,0.765873673768,0.6,1,86.3726549424,1.98442e-07,nan,15957.5,86.3726549424,500.0,0.00343881,86.3726549424,31.7708005621,100,0.957405,0.199553,80.2032,100,31.7708005621,6.64521e-10,0.000160008,50000,2.77278,5.52486e-05,51.4336
nan,0.872288586623,0.6,1,87.7997898509,7.88994e-07,nan,16249.9,87.7997898509,500.0,0.0143633,87.7997898509,25.9659273865,100,1.00578,0.283521,81.6439,100,25.9659273865,8.55511e-10,0.000167694,50000,3.0528,5.52486e-05,56.6408
nan,0.750862270184,0.6,1,85.7763166945,8.10186e-08,nan,15983.8,85.7763166945,500.0,0.00139158,85.7763166945,40.739404183,100,0.948952,0.291092,80.1282,100,40.739404183,9.86698e-10,0.000177996,50000,3.05727,5.52486e-05,66.1506
nan,0.816045553096,0.6,1,85.9576615456,9.89249e-08,nan,15942.8,85.9576615456,500.0,0.00180183,85.9576615456,30.2638168845,100,1.0063,0.294273,80.0396,100,30.2638168845,8.87027e-10,0.000194861,50000,3.54921,5.52486e-05,60.8346
nan,0.742937330153,0.6,1,88.2573486939,1.81352e-06,nan,16207.7,88.2573486939,500.0,0.0325688,88.2573486939,16.2119449242,100,0.992203,0.173861,81.5386,100,16.2119449242,5.39069e-10,0.000136697,50000,2.45492,5.52486e-05,49.142
nan,0.876305995806,0.6,1,85.1200183565,9.19316e-08,nan,15854.6,85.1200183565,500.0,0.00163721,85.1200183565,37.3442326086,100,0.98392,0.321224,79.5341,100,37.3442326086,1.01282e-09,0.000181305,50000,3.22885,5.52486e-05,63.4674
nan,0.794301933555,0.6,1,86.7675634968,6.1754e-07,nan,16003.0,86.7675634968,500.0,0.0109631,86.7675634968,30.7074787667,100,0.980819,0.189054,80.4267,100,30.7074787667,5.99863e-10,0.000158759,50000,2.81843,5.52486e-05,54.2375
nan,0.833350117044,0.6,1,88.1641618892,8.2545e-07,nan,16252.7,88.1641618892,500.0,0.0148684,88.1641618892,23.3418883848,100,0.995162,0.209198,81.7873,100,23.3418883848,6.44782e-10,0.00015128,50000,2.72493,5.52486e-05,50.5362
nan,0.806246851546,0.6,1,86.7889326188,6.33018e-08,nan,16147.2,86.7889326188,500.0,0.00116212,86.7889326188,37.2450251983,100,1.01428,0.335585,80.8161,100,37.2450251983,9.95708e-10,0.000197545,50000,3.62661,5.52486e-05,76.6665
nan,0.794552636339,0.6,1,86.5979888493,5.2438e-07,nan,16058.9,86.5979888493,500.0,0.0094574,86.5979888493,35.4648916312,100,0.996432,0.266669,80.5822,100,35.4648916312,8.19824e-10,0.000174259,50000,3.14284,5.52486e-05,64.0247
nan,0.994010078527,0.6,1,86.0175877077,5.2487e-07,nan,15990.3,86.0175877077,500.0,0.00925377,86.0175877077,35.3393612408,100,0.974067,0.282548,80.1267,100,35.3393612408,9.08987e-10,0.000210946,50000,3.71911,5.52486e-05,64.4422
nan,0.71102740963,0.6,1,87.4799458031,1.81378e-06,nan,16058.4,87.4799458031,500.0,0.0326049,87.4799458031,15.9926253446,100,0.993161,0.171317,80.8145,100,15.9926253446,5.30156e-10,0.000132095,50000,2.37457,5.52486e-05,47.1344
nan,0.821964002547,0.6,1,85.8289061047,4.23874e-07,nan,15888.9,85.8289061047,500.0,0.00732553,85.8289061047,33.052999579,100,0.954826,0.214222,79.7088,100,33.052999579,7.17229e-10,0.000171814,50000,2.96934,5.52486e-05,54.0686
nan,0.897234859141,0.6,1,87.4884040889,7.66211e-07,nan,16176.0,87.4884040889,500.0,0.0138992,87.4884040889,30.9216863461,100,1.00222,0.247249,81.2025,100,30.9216863461,7.51367e-10,0.000176872,50000,3.2085,5.52486e-05,58.4627
nan,0.830212399846,0.6,1,86.1619273161,2.6287e-07,nan,16004.4,86.1619273161,500.0,0.00480021,86.1619273161,34.0371120976,100,1.00888,0.325068,80.3051,100,34.0371120976,9.74847e-10,0.000169841,50000,3.10142,5.52486e-05,63.3559
nan,0.930646419508,0.6,1,85.9575767367,2.16138e-07,nan,16031.2,85.9575767367,500.0,0.00376747,85.9575767367,46.1056273572,100,0.963029,0.311104,80.5202,100,46.1056273572,1.02393e-09,0.000180372,50000,3.14404,5.52486e-05,61.0272
nan,0.771268283497,0.6,1,86.2970845202,1.25283e-07,nan,15991.1,86.2970845202,500.0,0.00219093,86.2970845202,32.2414635837,100,0.966177,0.249122,80.3024,100,32.2414635837,8.14596e-10,0.000157979,50000,2.76271,5.52486e-05,57.6606
nan,0.802927867882,0.6,1,86.701803999,4.75152e-07,nan,16072.9,86.701803999,500.0,0.00844773,86.701803999,31.1008837572,100,0.982266,0.271708,80.7188,100,31.1008837572,8.59581e-10,0.000166315,50000,2.95691,5.52486e-05,58.8725
nan,0.791309371079,0.6,1,86.9389783927,8.85807e-07,nan,16066.5,86.9389783927,500.0,0.0158964,86.9389783927,26.9312015969,100,0.991474,0.234703,80.6777,100,26.9312015969,7.28783e-10,0.000167411,50000,3.0043,5.52486e-05,57.4335
nan,0.783660658479,0.6,1,87.2366028159,1.04877e-06,nan,16076.2,87.2366028159,500.0,0.0190659,87.2366028159,21.881501004,100,1.00438,0.212478,80.6707,100,21.881501004,6.42931e-10,0.000164564,50000,2.99165,5.52486e-05,54.4571
nan,0.762635873743,0.6,1,87.028526708,1.67096e-06,nan,16063.9,87.028526708,500.0,0.0298246,87.028526708,21.1771186546,100,0.986123,0.242338,80.7483,100,21.1771186546,7.60682e-10,0.000143945,50000,2.56924,5.52486e-05,54.6864
nan,0.888613547739,0.6,1,86.1233593345,1.56103e-07,nan,16130.1,86.1233593345,500.0,0.00263767,86.1233593345,46.4199422238,100,0.933537,0.345184,80.9105,100,46.4199422238,1.20901e-09,0.000188245,50000,3.18078,5.52486e-05,64.859
nan,0.707887046066,0.6,1,87.3883806591,2.4515e-06,nan,16071.3,87.3883806591,500.0,0.0439259,87.3883806591,17.9206589375,100,0.989942,0.189454,80.7972,100,17.9206589375,5.90102e-10,0.0001378,50000,2.4691,5.52486e-05,48.636
nan,0.791679978477,0.6,1,87.1933226547,9.81957e-08,nan,16114.8,87.1933226547,500.0,0.00173168,87.1933226547,27.7098644761,100,0.974306,0.220621,81.0201,100,27.7098644761,7.09412e-10,0.000154344,50000,2.72185,5.52486e-05,54.2897
nan,0.885519072045,0.6,1,85.7293173639,4.67631e-07,nan,15995.5,85.7293173639,500.0,0.00807948,85.7293173639,45.9915551547,100,0.954556,0.289239,80.1347,100,45.9915551547,9.68938e-10,0.000204166,50000,3.52747,5.52486e-05,70.0623
nan,0.773348314431,0.6,1,88.0508097232,1.45972e-06,nan,16156.3,88.0508097232,500.0,0.0262123,88.0508097232,18.5857567537,100,0.992108,0.151174,81.2456,100,18.5857567537,4.68815e-10,0.000149413,50000,2.68303,5.52486e-05,47.1119
nan,0.834673737309,0.6,1,87.306588306,4.46318e-07,nan,16139.0,87.306588306,500.0,0.00797926,87.306588306,25.0909360009,100,0.987734,0.247261,81.1084,100,25.0909360009,7.73604e-10,0.000165365,50000,2.95639,5.52486e-05,54.8391
nan,0.723198130619,0.6,1,88.0545737769,1.47789e-06,nan,16167.7,88.0545737769,500.0,0.0267461,88.0545737769,16.2131206272,100,0.999863,0.172507,81.2179,100,16.2131206272,5.26707e-10,0.000155796,50000,2.81952,5.52486e-05,50.9592
nan,0.8481081048,0.6,1,87.4997439747,1.00155e-06,nan,16159.6,87.4997439747,500.0,0.0178959,87.4997439747,28.186087706,100,0.987189,0.227588,81.2238,100,28.186087706,7.12839e-10,0.000156871,50000,2.80299,5.52486e-05,57.2257
nan,0.702756489658,0.6,1,88.734888649,4.42388e-06,nan,16221.1,88.734888649,500.0,0.0801823,88.734888649,11.5919942411,100,1.00137,0.119295,81.785,100,11.5919942411,3.63137e-10,0.000114169,50000,2.0693,5.52486e-05,38.7442
nan,0.888649883554,0.6,1,88.9978385596,6.69279e-07,nan,16463.8,88.9978385596,500.0,0.0123127,88.9978385596,26.8863858674,100,1.0164,0.285954,82.7627,100,26.8863858674,8.44899e-10,0.00015835,50000,2.91316,5.52486e-05,59.9715
nan,0.7628994315,0.6,1,87.4377219205,6.07031e-07,nan,16083.6,87.4377219205,500.0,0.0109209,87.4377219205,21.3706197373,100,0.993963,0.17786,80.907,100,21.3706197373,5.49516e-10,0.000140354,50000,2.52507,5.52486e-05,48.0259
nan,0.846978019134,0.6,1,86.153332554,8.39217e-08,nan,16002.8,86.153332554,500.0,0.00148635,86.153332554,39.5064057551,100,0.97852,0.273192,80.2926,100,39.5064057551,8.70906e-10,0.000178126,50000,3.15483,5.52486e-05,62.7797
nan,0.734293322789,0.6,1,87.6112144564,5.43392e-07,nan,16134.7,87.6112144564,500.0,0.00958481,87.6112144564,24.4132314328,100,0.974523,0.177254,81.1806,100,24.4132314328,5.6971e-10,0.000147615,50000,2.60376,5.52486e-05,49.4059
nan,0.715628677733,0.6,1,87.1257397793,7.44402e-07,nan,16107.3,87.1257397793,500.0,0.0131949,87.1257397793,26.7388161833,100,0.979308,0.237693,80.7402,100,26.7388161833,7.56519e-10,0.000166566,50000,2.95247,5.52486e-05,63.5189
nan,0.715832084648,0.6,1,88.437353272,3.19961e-06,nan,16235.8,88.437353272,500.0,0.0580717,88.437353272,15.7292992648,100,1.00274,0.175945,81.6653,100,15.7292992648,5.34125e-10,0.000134921,50000,2.44877,5.52486e-05,52.5268
nan,0.849184501842,0.6,1,87.8284835321,2.51677e-07,nan,16296.3,87.8284835321,500.0,0.00446811,87.8284835321,31.3728695795,100,0.980847,0.280515,81.3855,100,31.3728695795,8.90015e-10,0.000212255,50000,3.76824,5.52486e-05,73.3075
nan,0.823071260764,0.6,1,88.1495633457,6.7662e-07,nan,16288.0,88.1495633457,500.0,0.0123424,88.1495633457,33.7119167462,100,1.0078,0.242689,81.9398,100,33.7119167462,7.29358e-10,0.000151864,50000,2.77018,5.52486e-05,54.3855
nan,0.800717673357,0.6,1,88.5014501813,9.61676e-07,nan,16355.4,88.5014501813,500.0,0.0174346,88.5014501813,25.9868516871,100,1.00162,0.247615,82.2247,100,25.9868516871,7.53378e-10,0.000152835,50000,2.7708,5.52486e-05,57.4968
nan,0.731848672736,0.6,1,88.4126463213,1.16079e-06,nan,16280.5,88.4126463213,500.0,0.0212076,88.4126463213,20.6682744613,100,1.00939,0.213797,81.9216,100,20.6682744613,6.40513e-10,0.000134096,50000,2.44992,5.52486e-05,51.2707
nan,0.739452193341,0.6,1,87.0708315241,5.98705e-07,nan,16046.5,87.0708315241,500.0,0.0105953,87.0708315241,25.9367678013,100,0.97774,0.183162,80.9118,100,25.9367678013,5.84832e-10,0.000138088,50000,2.44376,5.52486e-05,49.3889
nan,0.810718624522,0.6,1,87.5428067668,5.82581e-07,nan,16205.4,87.5428067668,500.0,0.0106158,87.5428067668,26.9564185122,100,1.00674,0.290477,81.5801,100,26.9564185122,8.74816e-10,0.000139786,50000,2.54719,5.52486e-05,54.1963
nan,0.715550222007,0.6,1,88.5617181567,9.34321e-07,nan,16263.1,88.5617181567,500.0,0.0166962,88.5617181567,20.3827450614,100,0.987285,0.166051,81.8273,100,20.3827450614,5.19995e-10,0.000135327,50000,2.41828,5.52486e-05,48.6491
nan,0.771301048344,0.6,1,87.1185811156,2.22977e-07,nan,16155.9,87.1185811156,500.0,0.00399521,87.1185811156,36.2637170678,100,0.98992,0.265884,81.3222,100,36.2637170678,8.28201e-10,0.000144054,50000,2.58109,5.52486e-05,54.2675
nan,0.859603618301,0.6,1,87.0056522588,1.92024e-07,nan,16078.0,87.0056522588,500.0,0.00338224,87.0056522588,30.1029326537,100,0.973131,0.218703,81.0323,100,30.1029326537,7.04944e-10,0.000143684,50000,2.5308,5.52486e-05,49.5593
nan,0.873573495919,0.6,1,87.6159306566,7.65684e-07,nan,16191.3,87.6159306566,500.0,0.0137294,87.6159306566,24.9977509759,100,0.990657,0.240108,81.067,100,24.9977509759,7.46797e-10,0.000189451,50000,3.39703,5.52486e-05,66.6095
nan,0.855906823692,0.6,1,86.9758752183,5.96206e-07,nan,16100.6,86.9758752183,500.0,0.0106226,86.9758752183,27.7243124851,100,0.984367,0.252172,80.694,100,27.7243124851,7.94376e-10,0.000185822,50000,3.3108,5.52486e-05,65.2397
nan,0.801472043461,0.6,1,87.7067176249,1.18292e-06,nan,16125.3,87.7067176249,500.0,0.0205767,87.7067176249,18.6094782535,100,0.961034,0.171892,81.1926,100,18.6094782535,5.68095e-10,0.00015143,50000,2.63409,5.52486e-05,49.2165
nan,0.744825769564,0.6,1,88.2617619597,7.00454e-07,nan,16234.2,88.2617619597,500.0,0.0127895,88.2617619597,23.6796230283,100,1.00878,0.177899,81.7353,100,23.6796230283,5.33612e-10,0.000148532,50000,2.71203,5.52486e-05,48.5014
nan,0.752763943553,0.6,1,87.9477993109,2.28183e-07,nan,16232.0,87.9477993109,500.0,0.00405738,87.9477993109,28.8371549513,100,0.982392,0.200557,81.6678,100,28.8371549513,6.34325e-10,0.000145977,50000,2.59566,5.52486e-05,53.0168
nan,0.872586240289,0.6,1,87.1970286198,3.61188e-07,nan,16149.3,87.1970286198,500.0,0.00631611,87.1970286198,52.5975598444,100,0.966136,0.205268,81.2028,100,52.5975598444,6.71255e-10,0.000162024,50000,2.83332,5.52486e-05,53.7074
nan,0.786323506147,0.6,1,87.9881309719,4.70984e-07,nan,16293.9,87.9881309719,500.0,0.00831201,87.9881309719,29.3277127643,100,0.975038,0.250636,81.7338,100,29.3277127643,8.04718e-10,0.000167788,50000,2.96115,5.52486e-05,61.3609
nan,0.750411445822,0.6,1,87.8822649608,3.85716e-07,nan,16320.1,87.8822649608,500.0,0.00674906,87.8822649608,52.593913243,100,0.966712,0.230512,82.0602,100,52.593913243,7.52907e-10,0.000153076,50000,2.67845,5.52486e-05,57.1344
nan,0.751265867308,0.6,1,88.2328168641,2.46002e-07,nan,16319.6,88.2328168641,500.0,0.00436597,88.2328168641,28.348534328,100,0.980535,0.239155,82.1299,100,28.348534328,7.59268e-10,0.000143224,50000,2.54189,5.52486e-05,52.2142
nan,0.782515967179,0.6,1,88.4114342611,1.38447e-06,nan,16334.6,88.4114342611,500.0,0.024967,88.4114342611,24.956075509,100,0.996333,0.238042,82.0705,100,24.956075509,7.31961e-10,0.000156639,50000,2.82478,5.52486e-05,57.8707
nan,0.759594827669,0.6,1,87.5130794352,6.89631e-09,nan,16176.6,87.5130794352,500.0,0.000119354,87.5130794352,26.5205168162,100,0.95618,0.220695,81.164,100,26.5205168162,7.3681e-10,0.000162583,50000,2.81381,5.52486e-05,57.0268
nan,0.848211649209,0.6,1,88.993318642,6.10082e-07,nan,16395.1,88.993318642,500.0,0.0108867,88.993318642,23.4883548099,100,0.985895,0.196377,82.6184,100,23.4883548099,6.16697e-10,0.00013736,50000,2.45114,5.52486e-05,49.8492
nan,0.748097364446,0.6,1,88.3411831421,1.86462e-06,nan,16234.0,88.3411831421,500.0,0.032735,88.3411831421,17.9714755792,100,0.969936,0.167564,81.7425,100,17.9714755792,5.43672e-10,0.000136483,50000,2.39608,5.52486e-05,48.1425
nan,0.767625993736,0.6,1,89.2415094939,1.51997e-06,nan,16367.2,89.2415094939,500.0,0.0271476,89.2415094939,16.5870752952,100,0.98677,0.150088,82.427,100,16.5870752952,4.70497e-10,0.000137018,50000,2.44722,5.52486e-05,46.3929
