ESSRenyi,VarRet,VarJ,MaxNormIw,ESSClassic,AvgNormIw,VarVanillaIw,MinVanillaIw,MinNormIw,eRenyi2,BatchSize,MaxVanillaIw,AvgRet,VarDiscRet,Bound,AvgDiscRet,VarNormIw,AvgEpLen,J,AvgVanillaIw
0.00070193672018532,12414.200999294342,9.65664e-08,1.0,1.0,0.01,4277886200.0,,,142462.98,100,654055.4,79.74702847706696,12414.200999294342,6182474.5,-1.0587086762825493e-14,0.010000003,8.98,949.86584,6540.5537
0.004215144255902725,213077.90415310653,3.6672027e-11,1.0,1.0,0.01,43718170.0,,,23723.98,100,66119.71,594.9768474292191,213077.90415310653,1189041.9,-1.0061285138363019e-13,0.010000003,60.52,1834.2789,661.1971
0.0018199613215563826,1770497.2299095,,1.0,1.0,0.01,243776600.0,,,54946.223,100,156133.47,1797.9701564157167,1770497.2299094999,4935965.5,-2.569322532508522e-13,0.010000002,180.81,3201.8325,1561.3347
0.007826940834824261,1872423.450366381,1.9181934e-09,1.0,1.0,0.01,1152483.2,,,12776.384,100,10735.375,1966.5095103791784,1872423.450366381,296792.7,-3.9335645851679146e-13,0.0100000035,197.63,3033.4282,107.35375
0.02291527758647524,1886058.6955876169,0.0025496623,0.99999666,1.0000067122417713,0.01,3688199.0,,,4363.901,100,19204.682,1895.917572612334,1886058.6955876169,578782.7,1.0913936421275138e-13,0.009999935,190.61,3103.6086,192.04745
0.0955072868608928,1724495.1130585477,10.190749,0.9996802,1.0006399177406045,0.01,228377.92,,,1047.0405,100,4778.9053,1623.5778322930375,1724495.1130585477,130136.8,-9.322320693172514e-14,0.009993542,163.36,2914.6177,47.80434
6.574695320855422,1598149.1970138778,6657.78,0.25976017,8.443072928811302,0.01,25.186306,1.1792554e-10,7.776844e-13,15.20983,100,39.38919,1884.991900501532,1598149.1970138778,286.67993,9.777068044058978e-14,0.0010953564,189.52,863.3126,1.5163677
70.23665979059304,2253254.370302722,1718.0355,0.029550968,83.22127337027601,0.01,0.20747936,0.19944611,0.0019759822,1.4237579,100,2.9827323,1913.5481297775339,2253254.370302722,-162.57082,5.456968210637569e-14,2.0365249e-05,192.36,145.9979,1.0093518
100.0,2085132.3104035638,1436.7615,0.010000078,99.99998855590744,0.01,1.4068029e-11,0.9999833,0.009999835,1.0,100,1.0000076,1966.8180677163255,2085132.3104035638,-255.2785,-1.5916157281026246e-14,1.4044163e-15,197.68,0.0004348755,0.9999998
100.0,1957620.877227581,1392.1367,0.01,100.0,0.009999998,,1.0,0.01,1.0,100,1.0,1953.0189361940688,1957620.877227581,-256.44037,4.069988790433854e-13,3.5044917e-18,196.29,-1.9073486e-06,1.0
33.490414403060264,1956023.1959077409,2786.6697,0.06526837,38.025535861682,0.010000003,2.714247,0.0039389394,3.0676496e-05,2.985929,100,8.380623,2017.9993037982763,1956023.1959077406,-39.38983,-1.77351466845721e-13,0.00016462745,202.79,307.06943,1.2840253
16.18768886197912,2103830.0449581905,6718.739,0.39875057,6.05828868489879,0.01,46.87167,0.1679906,0.0009711055,6.177534,100,68.97948,2045.0368445373713,2103830.0449581905,1634.7185,6.593836587853729e-14,0.001566294,205.48,1302.2988,1.7298903
7.488667827915244,2455136.552983581,3671.4153,0.28621858,7.108543925947605,0.01,19.64804,1.14439805e-10,9.379884e-13,13.35351,100,34.92026,2237.298009753307,2455136.552983581,574.5066,8.412825991399586e-14,0.0013199575,224.71,1167.2689,1.2200557
100.0,2017100.7848971772,1413.1277,0.01,100.0,0.009999998,,1.0,0.01,1.0,100,1.0,2064.0777182310003,2017100.7848971772,-247.08008,-7.048583938740194e-14,3.5044917e-18,207.43,1.1920929e-06,1.0
100.0,2542545.813480491,1586.5435,0.01,100.0,0.009999998,,1.0,0.01,1.0,100,1.0,2205.237091426912,2542545.813480491,-235.21309,-3.6834535421803596e-13,3.5044917e-18,221.46,7.6293945e-06,1.0
100.0,2563054.519113698,1592.9294,0.01,100.0,0.009999998,,1.0,0.01,1.0,100,1.0,2289.9273186292917,2563054.5191136985,-228.08546,-2.660272002685815e-13,3.5044917e-18,229.92,1.5258789e-05,1.0
100.0,1850466.2423094,1353.4998,0.01,100.0,0.009999998,,1.0,0.01,1.0,100,1.0,1957.7009539204464,1850466.2423094,-256.04376,-3.092281986027956e-13,3.5044917e-18,196.79,6.198883e-06,1.0
100.0,2309999.471898509,1512.2498,0.01,100.0,0.009999998,,1.0,0.01,1.0,100,1.0,2137.2946014139593,2309999.471898509,-240.92657,4.774847184307873e-14,3.5044917e-18,214.72,,1.0
100.0,2162821.1952012647,1463.2816,0.01,100.0,0.009999998,,1.0,0.01,1.0,100,1.0,2113.3102359429977,2162821.1952012647,-242.94661,1.3869794202037155e-13,3.5044917e-18,212.29,2.861023e-05,1.0
100.0,2302103.423386667,1509.6631,0.01,100.0,0.009999998,,1.0,0.01,1.0,100,1.0,2125.01836034748,2302103.423386667,-241.9618,-4.25188773078844e-13,3.5044917e-18,213.46,7.6293945e-06,1.0
100.0,2475397.7887040703,1565.4532,0.01,100.0,0.009999998,,1.0,0.01,1.0,100,1.0,2279.891157127284,2475397.7887040703,-228.92793,6.139089236967266e-14,3.5044917e-18,228.94,-1.8119812e-05,1.0
100.0,1914138.8484657162,1376.589,0.01,100.0,0.009999998,,1.0,0.01,1.0,100,1.0,1929.698877307946,1914138.8484657162,-258.37408,1.341504685115069e-13,3.5044917e-18,194.0,-9.536743e-06,1.0
100.0,1887571.9362920772,1367.0026,0.01,100.0,0.009999998,,1.0,0.01,1.0,100,1.0,2084.800996685029,1887571.9362920772,-245.34639,2.0008883439004421e-13,3.5044917e-18,209.46,-3.8146973e-06,1.0
100.0,2312185.6319071427,1512.9652,0.01,100.0,0.009999998,,1.0,0.01,1.0,100,1.0,2087.524449020578,2312185.6319071427,-245.12012,-4.3655745685100554e-13,3.5044917e-18,209.71,-2.4795532e-05,1.0
100.0,1576966.3935269148,1249.4785,0.01,100.0,0.009999998,,1.0,0.01,1.0,100,1.0,1844.2072860497601,1576966.3935269145,-265.59293,1.9326762412674725e-13,3.5044917e-18,185.45,-1.6212463e-05,1.0
100.0,1512836.1847408381,1223.8087,0.01,100.0,0.009999998,,1.0,0.01,1.0,100,1.0,1910.4811786581665,1512836.1847408381,-260.0154,1.8189894035458565e-14,3.5044917e-18,192.08,-4.7683716e-06,1.0
100.0,2362530.7459255345,1529.348,0.01,100.0,0.009999998,,1.0,0.01,1.0,100,1.0,2236.209760194704,2362530.745925534,-232.60455,2.2737367544323206e-13,3.5044917e-18,224.58,1.1444092e-05,1.0
100.0,2415553.2295722286,1546.4144,0.01,100.0,0.009999998,,1.0,0.01,1.0,100,1.0,2237.2061118434945,2415553.2295722277,-232.52261,-2.2509993868879974e-13,3.5044917e-18,224.67,-3.8146973e-06,1.0
100.0,1800584.180742574,1335.1323,0.01,100.0,0.009999998,,1.0,0.01,1.0,100,1.0,1732.3459068949724,1800584.1807425742,-275.01266,1.7053025658242404e-13,3.5044917e-18,174.25,,1.0
100.0,2346275.14605578,1524.0775,0.01,100.0,0.009999998,,1.0,0.01,1.0,100,1.0,2121.510053405242,2346275.1460557804,-242.25609,1.1823431123048067e-13,3.5044917e-18,213.13,1.9073486e-06,1.0
100.0,1970466.342026346,1396.6967,0.01,100.0,0.009999998,,1.0,0.01,1.0,100,1.0,1899.1137102587882,1970466.3420263464,-260.96973,1.7962520360015334e-13,3.5044917e-18,190.93,,1.0
100.0,2177887.803569377,1468.3695,0.01,100.0,0.009999998,,1.0,0.01,1.0,100,1.0,1882.770125674139,2177887.803569377,-262.35266,1.0231815394945443e-13,3.5044917e-18,189.25,-5.722046e-06,1.0
100.0,2083367.5425717721,1436.1525,0.01,100.0,0.009999998,,1.0,0.01,1.0,100,1.0,1812.2672303702773,2083367.5425717721,-268.2776,2.7284841053187846e-14,3.5044917e-18,182.22,-2.2888184e-05,1.0
100.0,1732057.034311016,1309.4794,0.01,100.0,0.009999998,,1.0,0.01,1.0,100,1.0,1950.600485115765,1732057.0343110159,-256.64392,3.240074875066057e-13,3.5044917e-18,196.06,1.1444092e-05,1.0
100.0,2157616.76545445,1461.5199,0.01,100.0,0.009999998,,1.0,0.01,1.0,100,1.0,2188.9903048114834,2157616.76545445,-236.58052,2.0463630789890885e-14,3.5044917e-18,219.89,-1.7166138e-05,1.0
100.0,2426270.4582443107,1549.8411,0.01,100.0,0.009999998,,1.0,0.01,1.0,100,1.0,2009.5422100339194,2426270.458244311,-251.66895,3.751665644813329e-13,3.5044917e-18,201.92,-1.7166138e-05,1.0
100.0,1720855.2871587807,1305.2382,0.01,100.0,0.009999998,,1.0,0.01,1.0,100,1.0,1947.8877066926084,1720855.2871587803,-256.84616,2.6375346351414917e-13,3.5044917e-18,195.81,2.861023e-05,1.0
100.0,1428161.934225749,1189.067,0.01,100.0,0.009999998,,1.0,0.01,1.0,100,1.0,1697.414657171162,1428161.9342257485,-277.94406,-2.2396307031158358e-13,3.5044917e-18,170.78,-1.9073486e-06,1.0
100.0,1382413.9503226248,1169.8674,0.01,100.0,0.009999998,,1.0,0.01,1.0,100,1.0,1590.6284438231887,1382413.9503226243,-286.87775,-1.7053025658242404e-13,3.5044917e-18,160.12,7.6293945e-06,1.0
100.0,2383469.0289106253,1536.1101,0.01,100.0,0.009999998,,1.0,0.01,1.0,100,1.0,2098.4085279767814,2383469.0289106253,-244.20409,2.4783730623312296e-13,3.5044917e-18,210.8,-1.5258789e-05,1.0
100.0,2230588.1296161213,1486.029,0.01,100.0,0.009999998,,1.0,0.01,1.0,100,1.0,2056.4211758365577,2230588.129616121,-247.73073,-1.8417267710901798e-13,3.5044917e-18,206.6,-5.722046e-06,1.0
100.0,2091371.388838394,1438.9084,0.01,100.0,0.009999998,,1.0,0.01,1.0,100,1.0,2143.513231727281,2091371.388838394,-240.40327,-1.8189894035458566e-13,3.5044917e-18,215.32,5.722046e-06,1.0
100.0,1966923.1276770027,1395.4404,0.01,100.0,0.009999998,,1.0,0.01,1.0,100,1.0,1951.318524303262,1966923.1276770027,-256.56097,-1.0913936421275138e-13,3.5044917e-18,196.11,9.536743e-06,1.0
100.0,1630173.2390171413,1270.3823,0.01,100.0,0.009999998,,1.0,0.01,1.0,100,1.0,2065.0730251683644,1630173.2390171413,-247.00508,5.456968210637569e-14,3.5044917e-18,207.5,8.583069e-06,1.0
100.0,1784999.0312293614,1329.3416,0.01,100.0,0.009999998,,1.0,0.01,1.0,100,1.0,1756.6277780686712,1784999.0312293612,-272.94427,3.7061909097246823e-13,3.5044917e-18,176.68,1.9073486e-06,1.0
100.0,1711347.1055160752,1301.6273,0.01,100.0,0.009999998,,1.0,0.01,1.0,100,1.0,1852.5174659351774,1711347.1055160752,-264.88385,2.660272002685815e-13,3.5044917e-18,186.26,3.8146973e-06,1.0
100.0,2599665.625493829,1604.2659,0.01,100.0,0.009999998,,1.0,0.01,1.0,100,1.0,2320.5381477947435,2599665.625493829,-225.50912,1.2278178473934532e-13,3.5044917e-18,232.99,7.6293945e-06,1.0
100.0,1561952.5300382122,1243.5165,0.01,100.0,0.009999998,,1.0,0.01,1.0,100,1.0,1725.0242822690366,1561952.5300382127,-275.62885,1.0686562745831906e-13,3.5044917e-18,173.52,-1.1444092e-05,1.0
100.0,2035618.0360980674,1419.5992,0.01,100.0,0.009999998,,1.0,0.01,1.0,100,1.0,1954.2102869172645,2035618.0360980674,-256.33295,-7.73070496506989e-14,3.5044917e-18,196.42,6.67572e-06,1.0
100.0,2301848.147324021,1509.5793,0.01,100.0,0.009999998,,1.0,0.01,1.0,100,1.0,2224.6341834793966,2301848.147324021,-233.58064,2.2509993868879974e-13,3.5044917e-18,223.41,-2.861023e-06,1.0
100.0,2247298.4815881,1491.5848,0.01,100.0,0.009999998,,1.0,0.01,1.0,100,1.0,2006.706915333264,2247298.4815881,-251.89128,-2.7284841053187846e-14,3.5044917e-18,201.66,7.6293945e-06,1.0
100.0,2584261.977798933,1599.506,0.01,100.0,0.009999998,,1.0,0.01,1.0,100,1.0,2392.1006608430052,2584261.977798933,-219.4842,1.0913936421275138e-13,3.5044917e-18,240.19,-7.6293945e-06,1.0
100.0,2178351.227780585,1468.5258,0.01,100.0,0.009999998,,1.0,0.01,1.0,100,1.0,1968.0198540244662,2178351.227780585,-255.15822,1.1368683772161603e-13,3.5044917e-18,197.78,7.6293945e-06,1.0
100.0,2106939.5516746524,1444.2542,0.01,100.0,0.009999998,,1.0,0.01,1.0,100,1.0,1994.937765845402,2106939.5516746524,-252.91237,3.524291969370097e-14,3.5044917e-18,200.48,-3.8146973e-06,1.0
100.0,2216365.9816608625,1481.2839,0.01,100.0,0.009999998,,1.0,0.01,1.0,100,1.0,2110.80242578004,2216365.981660862,-243.15585,-4.0017766878008843e-13,3.5044917e-18,212.06,6.67572e-06,1.0
100.0,1995414.4905107247,1405.5106,0.01,100.0,0.009999998,,1.0,0.01,1.0,100,1.0,1964.005556492583,1995414.490510725,-255.50833,1.5347723092418165e-13,3.5044917e-18,197.42,-2.2888184e-05,1.0
100.0,1857761.260719073,1356.1649,0.01,100.0,0.009999998,,1.0,0.01,1.0,100,1.0,1825.7153760729916,1857761.260719073,-267.14066,-2.3419488570652903e-13,3.5044917e-18,183.58,,1.0
100.0,2060712.5812165996,1428.3225,0.01,100.0,0.009999998,,1.0,0.01,1.0,100,1.0,2087.0197128829527,2060712.5812165998,-245.1626,1.978150976356119e-13,3.5044917e-18,209.65,-8.583069e-06,1.0
100.0,2305174.676719977,1510.6697,0.01,100.0,0.009999998,,1.0,0.01,1.0,100,1.0,1954.4521840461516,2305174.676719977,-256.30664,-9.094947017729283e-15,3.5044917e-18,196.42,3.33786e-06,1.0
100.0,1848842.5199249736,1352.9058,0.01,100.0,0.009999998,,1.0,0.01,1.0,100,1.0,1802.4528947023023,1848842.5199249734,-269.10214,3.0240698833949866e-13,3.5044917e-18,181.24,-3.8146973e-06,1.0
100.0,1885851.1418569747,1366.3793,0.01,100.0,0.009999998,,1.0,0.01,1.0,100,1.0,1912.5177502024737,1885851.1418569747,-259.846,-1.7053025658242404e-13,3.5044917e-18,192.26,9.536743e-07,1.0
100.0,2091204.8466804272,1438.8513,0.01,100.0,0.009999998,,1.0,0.01,1.0,100,1.0,2081.106802112551,2091204.8466804274,-245.6602,1.7053025658242404e-13,3.5044917e-18,209.12,7.6293945e-06,1.0
100.0,1959350.3871160736,1392.7516,0.01,100.0,0.009999998,,1.0,0.01,1.0,100,1.0,1771.7577712286106,1959350.3871160739,-271.69568,2.1373125491663812e-13,3.5044917e-18,178.18,3.8146973e-06,1.0
100.0,2106066.290411368,1443.9548,0.01,100.0,0.009999998,,1.0,0.01,1.0,100,1.0,2015.0156924219693,2106066.290411368,-251.21404,2.2282620193436741e-13,3.5044917e-18,202.49,-1.5258789e-05,1.0
100.0,1938307.2515430427,1385.2524,0.01,100.0,0.009999998,,1.0,0.01,1.0,100,1.0,1914.5067048736805,1938307.2515430427,-259.67935,-4.774847184307873e-14,3.5044917e-18,192.45,-2.861023e-06,1.0
100.0,1904230.3693938355,1373.0215,0.01,100.0,0.009999998,,1.0,0.01,1.0,100,1.0,1839.415710599889,1904230.3693938358,-265.99808,1.8189894035458566e-13,3.5044917e-18,184.97,-7.6293945e-06,1.0
100.0,1870219.0865744846,1360.7045,0.01,100.0,0.009999998,,1.0,0.01,1.0,100,1.0,1979.1944441914447,1870219.0865744846,-254.23473,-4.160938260611147e-13,3.5044917e-18,198.94,1.9073486e-06,1.0
100.0,1845740.7596412683,1351.7704,0.01,100.0,0.009999998,,1.0,0.01,1.0,100,1.0,1763.5622943304604,1845740.7596412678,-272.378,3.240074875066057e-13,3.5044917e-18,177.34,-1.5258789e-05,1.0
100.0,2312605.695378609,1513.1027,0.01,100.0,0.009999998,,1.0,0.01,1.0,100,1.0,2172.3175581741607,2312605.695378609,-237.98369,-2.2737367544323206e-13,3.5044917e-18,218.2,-2.4795532e-05,1.0
100.0,2371795.3343884037,1532.3438,0.01,100.0,0.009999998,,1.0,0.01,1.0,100,1.0,1934.7552526219554,2371795.3343884037,-257.97748,-2.319211489520967e-13,3.5044917e-18,194.46,-2.4795532e-05,1.0
100.0,2322620.5628336696,1516.3754,0.01,100.0,0.009999998,,1.0,0.01,1.0,100,1.0,1931.8401356335235,2322620.5628336696,-258.22278,-6.366462912410498e-14,3.5044917e-18,194.18,-7.6293945e-06,1.0
100.0,2271643.670840478,1499.6423,0.01,100.0,0.009999998,,1.0,0.01,1.0,100,1.0,2297.0806011385425,2271643.670840478,-227.47954,4.092726157978177e-14,3.5044917e-18,230.69,-1.5258789e-05,1.0
100.0,2312559.1957428535,1513.0874,0.01,100.0,0.009999998,,1.0,0.01,1.0,100,1.0,2226.8906052254697,2312559.1957428535,-233.38599,4.979483492206782e-13,3.5044917e-18,223.68,-1.9073486e-06,1.0
100.0,1808873.4005787694,1338.202,0.01,100.0,0.009999998,,1.0,0.01,1.0,100,1.0,1924.1124638369133,1808873.4005787694,-258.87323,1.8644641386345028e-13,3.5044917e-18,193.42,-3.8146973e-06,1.0
100.0,1919993.7235641994,1378.6927,0.01,100.0,0.009999998,,1.0,0.01,1.0,100,1.0,1983.9048118836363,1919993.7235641994,-253.83522,-5.456968210637569e-14,3.5044917e-18,199.39,-9.536743e-07,1.0
100.0,1689600.4905040099,1293.3308,0.01,100.0,0.009999998,,1.0,0.01,1.0,100,1.0,1922.177806897319,1689600.4905040096,-259.01062,5.593392415903509e-13,3.5044917e-18,193.26,2.861023e-05,1.0
100.0,1796690.0160237523,1333.6877,0.01,100.0,0.009999998,,1.0,0.01,1.0,100,1.0,1854.1102267287038,1796690.0160237523,-264.75848,-2.6375346351414917e-13,3.5044917e-18,186.41,1.1444092e-05,1.0
100.0,2012300.840385924,1411.4453,0.01,100.0,0.009999998,,1.0,0.01,1.0,100,1.0,1874.5363321898192,2012300.840385924,-263.03842,-3.410605131648481e-14,3.5044917e-18,188.44,1.1444092e-05,1.0
100.0,2163801.572989225,1463.6133,0.01,100.0,0.009999998,,1.0,0.01,1.0,100,1.0,2182.488875516762,2163801.572989225,-237.12764,-2.773958840407431e-13,3.5044917e-18,219.24,-9.536743e-06,1.0
100.0,1881011.6285447394,1364.625,0.01,100.0,0.009999998,,1.0,0.01,1.0,100,1.0,1875.3488006567507,1881011.6285447394,-262.97726,3.1832314562052486e-13,3.5044917e-18,188.51,7.6293945e-06,1.0
100.0,2217294.1399689517,1481.5941,0.01,100.0,0.009999998,,1.0,0.01,1.0,100,1.0,2001.6114191742945,2217294.1399689517,-252.34836,1.2505552149377764e-13,3.5044917e-18,201.15,7.6293945e-06,1.0
100.0,1755582.4450839586,1318.3423,0.01,100.0,0.009999998,,1.0,0.01,1.0,100,1.0,2018.6910044127487,1755582.4450839583,-250.90779,-1.8644641386345028e-13,3.5044917e-18,202.88,3.8146973e-06,1.0
100.0,1807504.8646826784,1337.6957,0.01,100.0,0.009999998,,1.0,0.01,1.0,100,1.0,1912.6081437105865,1807504.8646826784,-259.83484,-5.911715561524034e-14,3.5044917e-18,192.28,5.722046e-06,1.0
100.0,1883206.2725727875,1365.4209,0.01,100.0,0.009999998,,1.0,0.01,1.0,100,1.0,2103.389446345602,1883206.272572787,-243.78488,6.230038707144559e-13,3.5044917e-18,211.36,-3.8146973e-06,1.0
100.0,2159000.7824807307,1461.9886,0.01,100.0,0.009999998,,1.0,0.01,1.0,100,1.0,1981.3260912012117,2159000.7824807307,-254.04567,6.593836587853729e-14,3.5044917e-18,199.12,3.8146973e-06,1.0
100.0,2248464.76140165,1491.9718,0.01,100.0,0.009999998,,1.0,0.01,1.0,100,1.0,2006.6263253704506,2248464.76140165,-251.91748,-6.821210263296962e-14,3.5044917e-18,201.64,3.8146973e-06,1.0
100.0,2038312.4271933923,1420.5383,0.01,100.0,0.009999998,,1.0,0.01,1.0,100,1.0,1846.4238671074263,2038312.4271933923,-265.37436,-8.640199666842818e-14,3.5044917e-18,185.62,1.2397766e-05,1.0
100.0,2051172.3075991161,1425.0125,0.01,100.0,0.009999998,,1.0,0.01,1.0,100,1.0,1934.2327283622435,2051172.3075991157,-258.00507,-2.1145751816220583e-13,3.5044917e-18,194.42,-9.536743e-07,1.0
100.0,1574696.878396176,1248.5791,0.01,100.0,0.009999998,,1.0,0.01,1.0,100,1.0,1712.7322851048013,1574696.878396176,-276.6634,1.3187673175707459e-13,3.5044917e-18,172.28,4.7683716e-06,1.0
100.0,2157536.815702737,1461.4928,0.01,100.0,0.009999998,,1.0,0.01,1.0,100,1.0,2108.789438933952,2157536.815702737,-243.31348,2.0691004465334118e-13,3.5044917e-18,211.87,1.8119812e-05,1.0
100.0,2279822.3694699495,1502.3395,0.01,100.0,0.009999998,,1.0,0.01,1.0,100,1.0,1991.3320331842924,2279822.3694699495,-253.21582,1.568878360558301e-13,3.5044917e-18,200.11,2.861023e-05,1.0
100.0,1597889.964913495,1257.7405,0.01,100.0,0.009999998,,1.0,0.01,1.0,100,1.0,2070.8506451379944,1597889.964913495,-246.48802,5.911715561524034e-14,3.5044917e-18,208.12,1.7166138e-05,1.0
100.0,2211975.0503472816,1479.8159,0.01,100.0,0.009999998,,1.0,0.01,1.0,100,1.0,2036.5186621663493,2211975.050347281,-249.41286,3.751665644813329e-13,3.5044917e-18,204.64,-5.2452087e-06,1.0
100.0,1811326.6972239981,1339.1093,0.01,100.0,0.009999998,,1.0,0.01,1.0,100,1.0,1951.6903809352311,1811326.6972239981,-256.54196,5.911715561524034e-14,3.5044917e-18,196.19,1.9073486e-06,1.0
100.0,1900596.4538057027,1371.7107,0.01,100.0,0.009999998,,1.0,0.01,1.0,100,1.0,2080.389912816068,1900596.4538057032,-245.71597,-2.319211489520967e-13,3.5044917e-18,209.04,-1.5735626e-05,1.0
100.0,1950642.8912451318,1389.6533,0.01,100.0,0.009999998,,1.0,0.01,1.0,100,1.0,1864.2234110190598,1950642.8912451318,-263.91354,-1.3642420526593923e-14,3.5044917e-18,187.44,,1.0
100.0,2287225.1256221323,1504.7767,0.01,100.0,0.009999998,,1.0,0.01,1.0,100,1.0,2074.2105716393053,2287225.1256221314,-246.22641,-1.4097167877480388e-13,3.5044917e-18,208.41,-7.6293945e-06,1.0
100.0,1838280.3442547433,1349.0358,0.01,100.0,0.009999998,,1.0,0.01,1.0,100,1.0,1859.929451621496,1838280.3442547435,-264.26532,1.20508047984913e-13,3.5044917e-18,187.0,2.002716e-05,1.0
100.0,2251108.452136364,1492.8488,0.01,100.0,0.009999998,,1.0,0.01,1.0,100,1.0,2069.1223756745367,2251108.452136364,-246.665,3.0013325158506633e-13,3.5044917e-18,207.9,,1.0
100.0,2086062.0851972823,1437.0808,0.01,100.0,0.009999998,,1.0,0.01,1.0,100,1.0,2244.7819027295445,2086062.0851972823,-231.885,1.2732925824820997e-13,3.5044917e-18,225.45,,1.0
100.0,1844380.5565963828,1351.2722,0.01,100.0,0.009999998,,1.0,0.01,1.0,100,1.0,2000.9926774551298,1844380.5565963828,-252.3862,-2.0008883439004421e-13,3.5044917e-18,201.1,,1.0
100.0,2028248.3103590107,1417.027,0.01,100.0,0.009999998,,1.0,0.01,1.0,100,1.0,1859.4278670935307,2028248.3103590107,-264.31067,3.183231456205249e-14,3.5044917e-18,186.93,-2.2888184e-05,1.0
100.0,2031449.0604000874,1418.1448,0.01,100.0,0.009999998,,1.0,0.01,1.0,100,1.0,2045.3956494334975,2031449.0604000874,-248.64813,8.185452315956354e-14,3.5044917e-18,205.55,,1.0
100.0,2046382.5753237377,1423.3477,0.01,100.0,0.009999998,,1.0,0.01,1.0,100,1.0,1992.3111900232436,2046382.5753237377,-253.13345,4.0245140553452075e-13,3.5044917e-18,200.21,-1.9073486e-05,1.0
100.0,2004762.460099624,1408.7991,0.01,100.0,0.009999998,,1.0,0.01,1.0,100,1.0,1985.9071494592768,2004762.460099624,-253.66046,-4.18367562815547e-13,3.5044917e-18,199.58,-7.6293945e-06,1.0
100.0,1713309.806078222,1302.3735,0.01,100.0,0.009999998,,1.0,0.01,1.0,100,1.0,1722.3315493053053,1713309.806078222,-275.83932,-1.1368683772161604e-14,3.5044917e-18,173.25,5.722046e-06,1.0
100.0,2103779.4989427133,1443.1707,0.01,100.0,0.009999998,,1.0,0.01,1.0,100,1.0,1860.8468133698073,2103779.4989427133,-264.19778,8.86757334228605e-14,3.5044917e-18,187.1,7.6293945e-06,1.0
100.0,2536166.056854885,1584.5519,0.01,100.0,0.009999998,,1.0,0.01,1.0,100,1.0,2220.722388158336,2536166.0568548846,-233.9062,-1.8189894035458566e-13,3.5044917e-18,223.02,-1.9073486e-05,1.0
100.0,2185431.5585663994,1470.9104,0.01,100.0,0.009999998,,1.0,0.01,1.0,100,1.0,2240.690898333238,2185431.5585664,-232.22327,-3.61524143954739e-13,3.5044917e-18,225.05,6.67572e-06,1.0
100.0,2114204.231258495,1446.742,0.01,100.0,0.009999998,,1.0,0.01,1.0,100,1.0,1935.9315642610725,2114204.231258495,-257.87494,-1.7962520360015334e-13,3.5044917e-18,194.58,1.9073486e-06,1.0
100.0,2614045.6745827487,1608.6967,0.01,100.0,0.009999998,,1.0,0.01,1.0,100,1.0,2256.6149572175773,2614045.674582748,-230.87424,3.1150193535722795e-13,3.5044917e-18,226.57,-1.9073486e-06,1.0
100.0,1648047.6200103553,1277.3281,0.01,100.0,0.009999998,,1.0,0.01,1.0,100,1.0,2059.7430293278144,1648047.6200103553,-247.42093,-3.637978807091713e-14,3.5044917e-18,207.02,7.6293945e-06,1.0
100.0,2087361.0114161237,1437.5282,0.01,100.0,0.009999998,,1.0,0.01,1.0,100,1.0,1857.3528300040466,2087361.0114161235,-264.48706,-1.5916157281026243e-13,3.5044917e-18,186.73,8.583069e-06,1.0
100.0,2201503.597043104,1476.3091,0.01,100.0,0.009999998,,1.0,0.01,1.0,100,1.0,1984.3116054881652,2201503.597043104,-253.80124,2.955857780762017e-14,3.5044917e-18,199.44,7.6293945e-06,1.0
100.0,2316131.413738048,1514.2556,0.01,100.0,0.009999998,,1.0,0.01,1.0,100,1.0,2186.0962381397376,2316131.413738048,-236.82016,-3.865352482534945e-13,3.5044917e-18,219.58,1.9073486e-06,1.0
100.0,2193333.0761413323,1473.567,0.01,100.0,0.009999998,,1.0,0.01,1.0,100,1.0,2178.710401990522,2193333.0761413323,-237.43948,-5.047695594839752e-13,3.5044917e-18,218.84,-3.8146973e-06,1.0
100.0,1967664.6183991854,1395.7035,0.01,100.0,0.009999998,,1.0,0.01,1.0,100,1.0,1869.7282530319237,1967664.6183991854,-263.4463,-5.2295945351943376e-14,3.5044917e-18,187.98,9.536743e-06,1.0
100.0,2089240.3470509187,1438.1752,0.01,100.0,0.009999998,,1.0,0.01,1.0,100,1.0,1779.0721934969804,2089240.3470509187,-271.0801,2.97859514830634e-13,3.5044917e-18,178.91,3.8146973e-06,1.0
100.0,2321117.439994197,1515.8846,0.01,100.0,0.009999998,,1.0,0.01,1.0,100,1.0,1937.3621189005821,2321117.439994198,-257.75262,1.1823431123048067e-13,3.5044917e-18,194.7,9.536743e-06,1.0
100.0,2163032.086388144,1463.3528,0.01,100.0,0.009999998,,1.0,0.01,1.0,100,1.0,1915.7467558850421,2163032.0863881446,-259.57724,-3.3651303965598344e-13,3.5044917e-18,192.56,1.7166138e-05,1.0
100.0,1808361.920838331,1338.0127,0.01,100.0,0.009999998,,1.0,0.01,1.0,100,1.0,1896.0150675341397,1808361.920838331,-261.23264,7.275957614183426e-14,3.5044917e-18,190.62,-1.335144e-05,1.0
100.0,2352093.960019704,1525.9663,0.01,100.0,0.009999998,,1.0,0.01,1.0,100,1.0,2036.6245336204772,2352093.960019704,-249.40009,3.3651303965598344e-13,3.5044917e-18,204.66,1.5258789e-05,1.0
100.0,2107713.276627515,1444.5194,0.01,100.0,0.009999998,,1.0,0.01,1.0,100,1.0,2074.007587890766,2107713.2766275154,-246.25427,-2.4783730623312296e-13,3.5044917e-18,208.41,7.6293945e-06,1.0
100.0,1630670.9411511507,1270.5763,0.01,100.0,0.009999998,,1.0,0.01,1.0,100,1.0,1817.1097146530267,1630670.9411511507,-267.8735,6.821210263296962e-14,3.5044917e-18,182.73,,1.0
100.0,1860453.8640930166,1357.1475,0.01,100.0,0.009999998,,1.0,0.01,1.0,100,1.0,1808.9439531564965,1860453.8640930166,-268.56107,-1.3642420526593923e-13,3.5044917e-18,181.88,7.6293945e-06,1.0
100.0,2476922.709741447,1565.9353,0.01,100.0,0.009999998,,1.0,0.01,1.0,100,1.0,2085.533029696793,2476922.709741447,-245.28772,-3.637978807091713e-14,3.5044917e-18,209.5,-3.8146973e-06,1.0
100.0,1861262.7068990674,1357.4425,0.01,100.0,0.009999998,,1.0,0.01,1.0,100,1.0,1796.9486491050277,1861262.7068990674,-269.56732,1.2278178473934532e-13,3.5044917e-18,180.71,3.8146973e-06,1.0
100.0,1910629.7659019777,1375.3267,0.01,100.0,0.009999998,,1.0,0.01,1.0,100,1.0,2029.298853008905,1910629.7659019777,-250.01611,-2.97859514830634e-13,3.5044917e-18,203.94,-9.536743e-07,1.0
100.0,2166143.6942757373,1464.4052,0.01,100.0,0.009999998,,1.0,0.01,1.0,100,1.0,1998.423516490396,2166143.6942757373,-252.61905,-2.7284841053187846e-14,3.5044917e-18,200.83,-1.1444092e-05,1.0
100.0,1606531.5267074148,1261.1368,0.01,100.0,0.009999998,,1.0,0.01,1.0,100,1.0,1836.7892407079964,1606531.5267074148,-266.21893,2.2282620193436741e-13,3.5044917e-18,184.72,-3.8146973e-06,1.0
100.0,1792735.5576241992,1332.2194,0.01,100.0,0.009999998,,1.0,0.01,1.0,100,1.0,1684.2768904565341,1792735.557624199,-279.0506,-2.0008883439004421e-13,3.5044917e-18,169.42,-9.536743e-07,1.0
100.0,1754894.0369768976,1318.0837,0.01,100.0,0.009999998,,1.0,0.01,1.0,100,1.0,1956.1988062150447,1754894.0369768976,-256.16583,-5.2295945351943376e-14,3.5044917e-18,196.65,-1.2397766e-05,1.0
100.0,2184138.8557262477,1470.4752,0.01,100.0,0.009999998,,1.0,0.01,1.0,100,1.0,2086.796467753328,2184138.855726247,-245.17313,3.5925040720030667e-13,3.5044917e-18,209.68,6.67572e-06,1.0
100.0,2034207.5800020297,1419.1072,0.01,100.0,0.009999998,,1.0,0.01,1.0,100,1.0,1995.7260077066926,2034207.5800020297,-252.8428,-2.4556356947869064e-13,3.5044917e-18,200.56,-1.335144e-05,1.0
100.0,2075251.0477600086,1433.3522,0.01,100.0,0.009999998,,1.0,0.01,1.0,100,1.0,1896.8363438138883,2075251.0477600084,-261.16464,3.240074875066057e-13,3.5044917e-18,190.69,-5.722046e-06,1.0
100.0,2048631.4031178153,1424.1296,0.01,100.0,0.009999998,,1.0,0.01,1.0,100,1.0,1861.5402562090228,2048631.403117815,-264.1313,-4.2291503632441165e-13,3.5044917e-18,187.15,5.722046e-06,1.0
100.0,2250070.335554014,1492.5045,0.01,100.0,0.009999998,,1.0,0.01,1.0,100,1.0,2134.1939740361404,2250070.3355540144,-241.17133,-2.955857780762017e-13,3.5044917e-18,214.37,1.9073486e-06,1.0
100.0,2425665.438553441,1549.6478,0.01,100.0,0.009999998,,1.0,0.01,1.0,100,1.0,2167.610965224922,2425665.438553441,-238.3696,4.524736141320318e-13,3.5044917e-18,217.73,1.1444092e-05,1.0
100.0,1840843.6243997887,1349.976,0.01,100.0,0.009999998,,1.0,0.01,1.0,100,1.0,1935.0118026770092,1840843.6243997887,-257.9559,2.501110429875553e-13,3.5044917e-18,194.52,-3.8146973e-06,1.0
100.0,1556366.9736340232,1241.291,0.01,100.0,0.009999998,,1.0,0.01,1.0,100,1.0,1685.6343183276563,1556366.9736340232,-278.91925,2.2282620193436741e-13,3.5044917e-18,169.6,-1.5258789e-05,1.0
100.0,1920319.2830877614,1378.8097,0.01,100.0,0.009999998,,1.0,0.01,1.0,100,1.0,2098.673015041155,1920319.2830877616,-244.16432,1.20508047984913e-13,3.5044917e-18,210.88,7.6293945e-06,1.0
100.0,2028309.2279137508,1417.0483,0.01,100.0,0.009999998,,1.0,0.01,1.0,100,1.0,1957.8133786530398,2028309.2279137508,-256.03677,1.6370904631912708e-13,3.5044917e-18,196.77,3.8146973e-06,1.0
100.0,2159236.709146888,1462.0685,0.01,100.0,0.009999998,,1.0,0.01,1.0,100,1.0,2019.8188461667974,2159236.709146888,-250.81204,2.864908310584724e-13,3.5044917e-18,202.99,1.9073486e-06,1.0
100.0,2187508.155173674,1471.609,0.01,100.0,0.009999998,,1.0,0.01,1.0,100,1.0,1907.2594652472148,2187508.155173674,-260.28854,-3.501554601825774e-13,3.5044917e-18,191.68,-7.6293945e-06,1.0
100.0,1983815.8879085255,1401.4198,0.01,100.0,0.009999998,,1.0,0.01,1.0,100,1.0,2147.09438592316,1983815.8879085255,-240.10654,3.637978807091713e-13,3.5044917e-18,215.69,3.8146973e-06,1.0
100.0,2093856.2876491577,1439.7631,0.01,100.0,0.009999998,,1.0,0.01,1.0,100,1.0,2037.619400714892,2093856.2876491577,-249.31406,-2.1373125491663812e-13,3.5044917e-18,204.74,-1.6212463e-05,1.0
100.0,2147434.508706169,1458.0673,0.01,100.0,0.009999998,,1.0,0.01,1.0,100,1.0,1989.510610977117,2147434.508706169,-253.36018,5.638867150992155e-13,3.5044917e-18,199.93,1.5258789e-05,1.0
100.0,2080654.9945664047,1435.2173,0.01,100.0,0.009999998,,1.0,0.01,1.0,100,1.0,2124.301837312189,2080654.9945664047,-242.01793,6.571099220309407e-13,3.5044917e-18,213.42,2.4795532e-05,1.0
100.0,2436950.628640835,1553.2485,0.01,100.0,0.009999998,,1.0,0.01,1.0,100,1.0,2077.241338364248,2436950.628640835,-245.98555,1.659827830735594e-13,3.5044917e-18,208.67,-5.722046e-06,1.0
100.0,1753599.5464878322,1317.5977,0.01,100.0,0.009999998,,1.0,0.01,1.0,100,1.0,1856.2975291081916,1753599.5464878327,-264.54184,5.684341886080801e-13,3.5044917e-18,186.66,-9.536743e-07,1.0
100.0,2206447.7007415476,1477.966,0.01,100.0,0.009999998,,1.0,0.01,1.0,100,1.0,2041.0209217645854,2206447.7007415476,-249.02896,6.139089236967266e-14,3.5044917e-18,205.07,1.5258789e-05,1.0
100.0,2050533.789940489,1424.7906,0.01,100.0,0.009999998,,1.0,0.01,1.0,100,1.0,2079.4050943832804,2050533.789940489,-245.7983,-2.7284841053187846e-14,3.5044917e-18,208.93,-1.1444092e-05,1.0
100.0,1787147.584829655,1330.1414,0.01,100.0,0.009999998,,1.0,0.01,1.0,100,1.0,2051.3798855851014,1787147.584829655,-248.15685,-2.1827872842550277e-13,3.5044917e-18,206.16,9.536743e-07,1.0
100.0,1988120.5417477235,1402.9395,0.01,100.0,0.009999998,,1.0,0.01,1.0,100,1.0,1912.6090878427192,1988120.5417477232,-259.8298,-1.3642420526593923e-13,3.5044917e-18,192.25,-3.8146973e-06,1.0
100.0,1969433.1401673388,1396.3304,0.01,100.0,0.009999998,,1.0,0.01,1.0,100,1.0,1902.5056913584936,1969433.1401673388,-260.67715,-3.183231456205249e-14,3.5044917e-18,191.26,,1.0
100.0,2105010.043261068,1443.5927,0.01,100.0,0.009999998,,1.0,0.01,1.0,100,1.0,2009.2143549869256,2105010.043261068,-251.70511,-1.1368683772161604e-14,3.5044917e-18,201.91,-7.6293945e-06,1.0
100.0,1847397.5583522085,1352.377,0.01,100.0,0.009999998,,1.0,0.01,1.0,100,1.0,1866.0253558787924,1847397.5583522085,-263.75543,-7.048583938740194e-14,3.5044917e-18,187.61,-9.536743e-06,1.0
100.0,2597753.3665069863,1603.6757,0.01,100.0,0.009999998,,1.0,0.01,1.0,100,1.0,2207.717214994048,2597753.366506987,-235.00446,1.6370904631912708e-13,3.5044917e-18,221.72,-1.5258789e-05,1.0
100.0,1737922.3458879332,1311.6947,0.01,100.0,0.009999998,,1.0,0.01,1.0,100,1.0,1791.0206597663741,1737922.3458879332,-270.06992,-1.2732925824820997e-13,3.5044917e-18,180.11,,1.0
100.0,2231084.0604976295,1486.1942,0.01,100.0,0.009999998,,1.0,0.01,1.0,100,1.0,2003.0046492698423,2231084.0604976295,-252.22475,-4.2746250983327625e-13,3.5044917e-18,201.28,-7.6293945e-06,1.0
100.0,1576056.3320822676,1249.118,0.01,100.0,0.009999998,,1.0,0.01,1.0,100,1.0,1922.7848673996791,1576056.3320822674,-258.98212,2.569322532508522e-13,3.5044917e-18,193.32,-4.7683716e-06,1.0
100.0,2119118.010755782,1448.4222,0.01,100.0,0.009999998,,1.0,0.01,1.0,100,1.0,2081.219300016413,2119118.010755782,-245.64128,3.8198777474462985e-13,3.5044917e-18,209.1,-3.8146973e-06,1.0
100.0,1542334.364022093,1235.6824,0.01,100.0,0.009999998,,1.0,0.01,1.0,100,1.0,1853.2034935048068,1542334.3640220927,-264.84106,2.864908310584724e-13,3.5044917e-18,186.35,-1.9073486e-06,1.0
100.0,2023353.2131890045,1415.316,0.01,100.0,0.009999998,,1.0,0.01,1.0,100,1.0,2167.1592551001727,2023353.2131890045,-238.41496,-1.750777300912887e-13,3.5044917e-18,217.73,-1.335144e-05,1.0
100.0,1894150.108699087,1369.3826,0.01,100.0,0.009999998,,1.0,0.01,1.0,100,1.0,1915.0087636736278,1894150.108699087,-259.63223,1.5916157281026246e-14,3.5044917e-18,192.52,,1.0
100.0,1953404.1494511662,1390.6366,0.01,100.0,0.009999998,,1.0,0.01,1.0,100,1.0,1879.123316732673,1953404.1494511662,-262.65573,-2.2737367544323207e-14,3.5044917e-18,188.92,1.5258789e-05,1.0
100.0,1768311.2315509832,1323.113,0.01,100.0,0.009999998,,1.0,0.01,1.0,100,1.0,1887.7043825857397,1768311.2315509825,-261.93304,-5.456968210637569e-13,3.5044917e-18,189.79,,1.0
100.0,2337818.0995515846,1521.3282,0.01,100.0,0.009999998,,1.0,0.01,1.0,100,1.0,2157.5317933629685,2337818.099551585,-239.22386,-3.4560798667371273e-13,3.5044917e-18,216.7,-1.4305115e-05,1.0
100.0,2228790.1200639713,1485.4299,0.01,100.0,0.009999998,,1.0,0.01,1.0,100,1.0,1963.9273337572854,2228790.1200639713,-255.51598,1.5916157281026246e-14,3.5044917e-18,197.39,-1.1444092e-05,1.0
100.0,2046287.5487954626,1423.3147,0.01,100.0,0.009999998,,1.0,0.01,1.0,100,1.0,1881.2205598467376,2046287.5487954626,-262.46518,3.4560798667371273e-13,3.5044917e-18,189.13,-1.9073486e-06,1.0
100.0,2059000.5139854637,1427.7291,0.01,100.0,0.009999998,,1.0,0.01,1.0,100,1.0,2016.822168460209,2059000.5139854643,-251.07056,2.0463630789890886e-13,3.5044917e-18,202.66,-1.9073486e-06,1.0
100.0,1594037.1803893077,1256.2233,0.01,100.0,0.009999998,,1.0,0.01,1.0,100,1.0,1946.4964534763017,1594037.1803893077,-256.98932,-1.8644641386345028e-13,3.5044917e-18,195.66,1.335144e-05,1.0
100.0,2073334.7132679245,1432.6903,0.01,100.0,0.009999998,,1.0,0.01,1.0,100,1.0,1985.5269968484938,2073334.7132679247,-253.69502,-2.7966962079517543e-13,3.5044917e-18,199.53,,1.0
100.0,1583713.5465740848,1252.1487,0.01,100.0,0.009999998,,1.0,0.01,1.0,100,1.0,1840.8948566711028,1583713.5465740848,-265.8463,-1.341504685115069e-13,3.5044917e-18,185.13,1.1444092e-05,1.0
100.0,2186056.0140870074,1471.1204,0.01,100.0,0.009999998,,1.0,0.01,1.0,100,1.0,2126.8959305235676,2186056.014087008,-241.80295,-2.3646862246096135e-13,3.5044917e-18,213.68,-5.722046e-06,1.0
100.0,2104482.97423774,1443.412,0.01,100.0,0.009999998,,1.0,0.01,1.0,100,1.0,1968.5218504551237,2104482.9742377405,-255.12589,2.2396307031158358e-13,3.5044917e-18,197.85,1.5258789e-05,1.0
100.0,2013242.6056193393,1411.7755,0.01,100.0,0.009999998,,1.0,0.01,1.0,100,1.0,2070.1746697377785,2013242.6056193388,-246.56125,-5.206857167650014e-13,3.5044917e-18,208.03,-9.536743e-07,1.0
100.0,2193124.5771589754,1473.497,0.01,100.0,0.009999998,,1.0,0.01,1.0,100,1.0,1944.341345119464,2193124.5771589754,-257.15292,4.911271389573813e-13,3.5044917e-18,195.42,1.1444092e-05,1.0
100.0,1890634.9432975764,1368.1113,0.01,100.0,0.009999998,,1.0,0.01,1.0,100,1.0,1927.4084421752652,1890634.9432975764,-258.5864,3.865352482534945e-14,3.5044917e-18,193.76,6.67572e-06,1.0
100.0,2025634.6021429736,1416.1138,0.01,100.0,0.009999998,,1.0,0.01,1.0,100,1.0,1930.308607316413,2025634.602142973,-258.34265,2.7284841053187846e-13,3.5044917e-18,194.03,-1.5258789e-05,1.0
100.0,2071903.28478327,1432.1956,0.01,100.0,0.009999998,,1.0,0.01,1.0,100,1.0,1878.1554185699006,2071903.2847832697,-262.72668,-2.773958840407431e-13,3.5044917e-18,188.78,1.335144e-05,1.0
100.0,1771681.4882850505,1324.3734,0.01,100.0,0.009999998,,1.0,0.01,1.0,100,1.0,1953.4888739351286,1771681.4882850505,-256.39374,3.319655661471188e-13,3.5044917e-18,196.37,1.9073486e-06,1.0
100.0,2110899.7569859824,1445.6108,0.01,100.0,0.009999998,,1.0,0.01,1.0,100,1.0,2078.510434632843,2110899.7569859824,-245.86664,-1.4551915228366852e-13,3.5044917e-18,208.85,1.9073486e-06,1.0
100.0,2175186.345991857,1467.4585,0.01,100.0,0.009999998,,1.0,0.01,1.0,100,1.0,2004.6303056646875,2175186.3459918564,-252.08966,-1.978150976356119e-13,3.5044917e-18,201.44,-3.8146973e-06,1.0
100.0,1925058.7436290032,1380.51,0.01,100.0,0.009999998,,1.0,0.01,1.0,100,1.0,2047.7976350417032,1925058.7436290032,-248.46362,-2.3646862246096135e-13,3.5044917e-18,205.79,2.4795532e-05,1.0
100.0,2068153.9627032576,1430.899,0.01,100.0,0.009999998,,1.0,0.01,1.0,100,1.0,1945.9283151076577,2068153.9627032576,-257.02438,2.6375346351414917e-13,3.5044917e-18,195.59,-9.536743e-07,1.0
100.0,2267904.380073182,1498.4076,0.01,100.0,0.009999998,,1.0,0.01,1.0,100,1.0,2079.9313264386105,2267904.380073182,-245.75919,-3.183231456205249e-14,3.5044917e-18,208.97,,1.0
100.0,1890889.9747180569,1368.2036,0.01,100.0,0.009999998,,1.0,0.01,1.0,100,1.0,1895.220844311494,1890889.9747180569,-261.2956,1.9099388737231492e-13,3.5044917e-18,190.52,-1.9073486e-06,1.0
100.0,2226570.5179385724,1484.6901,0.01,100.0,0.009999998,,1.0,0.01,1.0,100,1.0,2032.422462257306,2226570.5179385724,-249.75764,5.456968210637569e-14,3.5044917e-18,204.24,-7.6293945e-06,1.0
100.0,2323308.165827577,1516.5999,0.01,100.0,0.009999998,,1.0,0.01,1.0,100,1.0,2004.0393122550738,2323308.1658275765,-252.1427,-1.568878360558301e-13,3.5044917e-18,201.38,1.9073486e-06,1.0
100.0,2234899.774801477,1487.4645,0.01,100.0,0.009999998,,1.0,0.01,1.0,100,1.0,2105.003535303187,2234899.774801477,-243.63756,1.1141310096718371e-13,3.5044917e-18,211.48,2.861023e-06,1.0
100.0,1335822.6444046653,1149.9846,0.01,100.0,0.009999998,,1.0,0.01,1.0,100,1.0,1788.1091410334102,1335822.6444046653,-270.31955,5.593392415903509e-13,3.5044917e-18,179.85,-1.335144e-05,1.0
100.0,1844060.5081403172,1351.155,0.01,100.0,0.009999998,,1.0,0.01,1.0,100,1.0,1848.0138175538893,1844060.5081403172,-265.26477,9.094947017729283e-14,3.5044917e-18,185.8,-1.335144e-05,1.0
100.0,2200016.0465872935,1475.8102,0.01,100.0,0.009999998,,1.0,0.01,1.0,100,1.0,1935.343896553067,2200016.0465872935,-257.92157,1.2278178473934532e-13,3.5044917e-18,194.52,1.7166138e-05,1.0
100.0,1917416.6856603993,1377.7672,0.01,100.0,0.009999998,,1.0,0.01,1.0,100,1.0,2013.6097649840847,1917416.6856603993,-251.33757,2.2737367544323207e-14,3.5044917e-18,202.35,-9.536743e-06,1.0
100.0,2066523.79693641,1430.3352,0.01,100.0,0.009999998,,1.0,0.01,1.0,100,1.0,2077.091115403343,2066523.7969364102,-245.9844,4.3655745685100554e-13,3.5044917e-18,208.72,-1.9073486e-05,1.0
100.0,2015279.986426,1412.4897,0.01,100.0,0.009999998,,1.0,0.01,1.0,100,1.0,2031.473977943944,2015279.986426,-249.81316,-2.5011104298755527e-14,3.5044917e-18,204.14,-1.001358e-05,1.0
100.0,1565166.1186472063,1244.7949,0.01,100.0,0.009999998,,1.0,0.01,1.0,100,1.0,1946.0730354308953,1565166.1186472066,-257.01834,4.4792614062316715e-13,3.5044917e-18,195.63,7.6293945e-06,1.0
100.0,1889864.2094976997,1367.8324,0.01,100.0,0.009999998,,1.0,0.01,1.0,100,1.0,1970.6946582592584,1889864.2094976997,-254.95279,-5.911715561524034e-14,3.5044917e-18,198.08,-1.9073486e-06,1.0
100.0,2319360.0991260097,1515.3107,0.01,100.0,0.009999998,,1.0,0.01,1.0,100,1.0,2065.6201970976003,2319360.0991260097,-246.95366,-3.6834535421803596e-13,3.5044917e-18,207.56,-3.8146973e-06,1.0
100.0,1785248.5955495257,1329.4346,0.01,100.0,0.009999998,,1.0,0.01,1.0,100,1.0,1695.5483256525297,1785248.5955495257,-278.1065,-4.1154635255225004e-13,3.5044917e-18,170.57,7.6293945e-06,1.0
100.0,2055457.3679367204,1426.5001,0.01,100.0,0.009999998,,1.0,0.01,1.0,100,1.0,2069.5013465646953,2055457.3679367204,-246.637,-1.2278178473934532e-13,3.5044917e-18,207.95,5.722046e-06,1.0
100.0,2036269.597050227,1419.8263,0.01,100.0,0.009999998,,1.0,0.01,1.0,100,1.0,2009.3161372037887,2036269.597050227,-251.68944,6.366462912410498e-14,3.5044917e-18,201.92,,1.0
100.0,2380074.374338411,1535.0159,0.01,100.0,0.009999998,,1.0,0.01,1.0,100,1.0,2003.5808036839612,2380074.374338411,-252.1813,-1.568878360558301e-13,3.5044917e-18,201.3,-1.5258789e-05,1.0
100.0,2123576.988266622,1449.9453,0.01,100.0,0.009999998,,1.0,0.01,1.0,100,1.0,1877.02836824511,2123576.988266622,-262.82236,1.4779288903810084e-13,3.5044917e-18,188.68,7.6293945e-06,1.0
100.0,2466571.098244838,1562.6597,0.01,100.0,0.009999998,,1.0,0.01,1.0,100,1.0,2064.841598879946,2466571.098244838,-247.02917,-9.094947017729283e-14,3.5044917e-18,207.44,8.583069e-06,1.0
100.0,2040934.5321283203,1421.4518,0.01,100.0,0.009999998,,1.0,0.01,1.0,100,1.0,2026.4045499358008,2040934.5321283198,-250.26205,4.2064129956997933e-13,3.5044917e-18,203.63,1.5258789e-05,1.0
100.0,1648888.2317916306,1277.6538,0.01,100.0,0.009999998,,1.0,0.01,1.0,100,1.0,1798.1120776057976,1648888.2317916306,-269.47086,8.071765478234738e-14,3.5044917e-18,180.84,1.9073486e-06,1.0
100.0,2013043.4058571924,1411.7057,0.01,100.0,0.009999998,,1.0,0.01,1.0,100,1.0,2183.8715891341863,2013043.4058571924,-237.01134,-7.503331289626658e-14,3.5044917e-18,219.38,-7.6293945e-06,1.0
100.0,1744546.9239332217,1314.1923,0.01,100.0,0.009999998,,1.0,0.01,1.0,100,1.0,1911.390261899104,1744546.9239332222,-259.93863,-2.864908310584724e-13,3.5044917e-18,192.17,9.536743e-07,1.0
100.0,2050054.6963138245,1424.6241,0.01,100.0,0.009999998,,1.0,0.01,1.0,100,1.0,1947.7327735377066,2050054.6963138245,-256.8853,1.5916157281026246e-14,3.5044917e-18,195.76,-1.9073486e-06,1.0
100.0,1821762.498102456,1342.9612,0.01,100.0,0.009999998,,1.0,0.01,1.0,100,1.0,1739.2522219599039,1821762.498102456,-274.42535,1.0686562745831906e-13,3.5044917e-18,174.94,-5.722046e-06,1.0
100.0,2229266.8026045063,1485.5887,0.01,100.0,0.009999998,,1.0,0.01,1.0,100,1.0,2060.4203566296437,2229266.8026045063,-247.39162,2.9331204132176936e-13,3.5044917e-18,207.03,1.04904175e-05,1.0
100.0,1740518.2247876117,1312.674,0.01,100.0,0.009999998,,1.0,0.01,1.0,100,1.0,1732.035589052799,1740518.2247876117,-275.02838,1.5120349416974933e-13,3.5044917e-18,174.22,1.9073486e-06,1.0
100.0,1806728.4199416758,1337.4083,0.01,100.0,0.009999998,,1.0,0.01,1.0,100,1.0,1883.121061142333,1806728.4199416758,-262.32013,-4.911271389573813e-13,3.5044917e-18,189.33,-3.8146973e-06,1.0
100.0,1485888.3006223289,1212.86,0.01,100.0,0.009999998,,1.0,0.01,1.0,100,1.0,1890.5953217821846,1485888.3006223293,-261.6893,-4.0472514228895307e-13,3.5044917e-18,190.08,1.5258789e-05,1.0
100.0,2253276.245471633,1493.5674,0.01,100.0,0.009999998,,1.0,0.01,1.0,100,1.0,1865.7484714564237,2253276.245471633,-263.78525,3.410605131648481e-14,3.5044917e-18,187.58,1.5258789e-05,1.0
100.0,2268214.4195025475,1498.51,0.01,100.0,0.009999998,,1.0,0.01,1.0,100,1.0,2132.933259991444,2268214.4195025475,-241.29398,-9.322320693172514e-14,3.5044917e-18,214.25,-1.1920929e-05,1.0
100.0,2258950.841847489,1495.4469,0.01,100.0,0.009999998,,1.0,0.01,1.0,100,1.0,2055.6428197145374,2258950.841847489,-247.80334,-4.547473508864641e-15,3.5044917e-18,206.5,3.8146973e-06,1.0
100.0,2348509.569983858,1524.8031,0.01,100.0,0.009999998,,1.0,0.01,1.0,100,1.0,2290.6160027147725,2348509.569983858,-228.02744,3.410605131648481e-14,3.5044917e-18,230.01,9.536743e-06,1.0
100.0,1986893.2436337376,1402.5065,0.01,100.0,0.009999998,,1.0,0.01,1.0,100,1.0,2062.1040243528323,1986893.2436337376,-247.25558,-1.546140993013978e-13,3.5044917e-18,207.2,-1.1444092e-05,1.0
100.0,1967354.9429187055,1395.5935,0.01,100.0,0.009999998,,1.0,0.01,1.0,100,1.0,2044.68722908918,1967354.9429187048,-248.72295,2.8194335754960775e-13,3.5044917e-18,205.47,-7.6293945e-06,1.0
100.0,2025187.4631164607,1415.9574,0.01,100.0,0.009999998,,1.0,0.01,1.0,100,1.0,1837.3538108700754,2025187.4631164605,-266.16302,2.7966962079517543e-13,3.5044917e-18,184.72,5.722046e-06,1.0
100.0,2024189.287013703,1415.6084,0.01,100.0,0.009999998,,1.0,0.01,1.0,100,1.0,2034.3038467718322,2024189.287013703,-249.58542,2.7284841053187846e-14,3.5044917e-18,204.43,-1.1444092e-05,1.0
100.0,1850715.016191559,1353.5907,0.01,100.0,0.009999998,,1.0,0.01,1.0,100,1.0,1912.5907883325624,1850715.0161915587,-259.82678,-1.8644641386345028e-13,3.5044917e-18,192.27,-7.6293945e-06,1.0
100.0,2135418.919246795,1453.9824,0.01,100.0,0.009999998,,1.0,0.01,1.0,100,1.0,1991.2422428095763,2135418.919246795,-253.22339,-4.5474735088646414e-14,3.5044917e-18,200.08,,1.0
100.0,2119309.2803679095,1448.4875,0.01,100.0,0.009999998,,1.0,0.01,1.0,100,1.0,1752.97904975091,2119309.2803679095,-273.27615,-8.412825991399586e-14,3.5044917e-18,176.28,1.1444092e-05,1.0
100.0,2144384.1479236395,1457.0314,0.01,100.0,0.009999998,,1.0,0.01,1.0,100,1.0,2120.596390018946,2144384.1479236395,-242.33356,4.570210876408964e-13,3.5044917e-18,213.08,7.6293945e-06,1.0
100.0,2273388.892354501,1500.2183,0.01,100.0,0.009999998,,1.0,0.01,1.0,100,1.0,1982.3255878633054,2273388.8923545005,-253.95512,-1.9326762412674725e-13,3.5044917e-18,199.22,-2.861023e-06,1.0
100.0,2101075.3334860015,1442.2429,0.01,100.0,0.009999998,,1.0,0.01,1.0,100,1.0,1880.3496799361515,2101075.333486001,-262.553,-1.3642420526593923e-13,3.5044917e-18,189.0,9.536743e-06,1.0
100.0,2177425.749118422,1468.2136,0.01,100.0,0.009999998,,1.0,0.01,1.0,100,1.0,2021.2178299032103,2177425.749118422,-250.69807,-1.2732925824820997e-13,3.5044917e-18,203.12,1.335144e-05,1.0
100.0,2400319.919453502,1541.5306,0.01,100.0,0.009999998,,1.0,0.01,1.0,100,1.0,2009.0522130984436,2400319.919453502,-251.72446,3.2741809263825415e-13,3.5044917e-18,201.89,7.6293945e-06,1.0
100.0,2090910.5025314484,1438.7499,0.01,100.0,0.009999998,,1.0,0.01,1.0,100,1.0,1999.8236430918437,2090910.5025314484,-252.49739,-1.3869794202037155e-13,3.5044917e-18,200.96,2.670288e-05,1.0
100.0,1926259.5039323678,1380.9404,0.01,100.0,0.009999998,,1.0,0.01,1.0,100,1.0,1971.2104054844524,1926259.5039323678,-254.89519,1.7280399333685637e-13,3.5044917e-18,198.13,,1.0
100.0,2433368.366987637,1552.1066,0.01,100.0,0.009999998,,1.0,0.01,1.0,100,1.0,2038.8364212767076,2433368.366987637,-249.20428,-4.774847184307873e-14,3.5044917e-18,204.85,2.670288e-05,1.0
100.0,2188854.491286897,1472.0618,0.01,100.0,0.009999998,,1.0,0.01,1.0,100,1.0,1975.8465636235771,2188854.491286897,-254.51917,1.0800249583553522e-13,3.5044917e-18,198.56,1.1444092e-05,1.0
100.0,1659544.6537767693,1281.7759,0.01,100.0,0.009999998,,1.0,0.01,1.0,100,1.0,1942.8700801881123,1659544.6537767698,-257.2777,1.4551915228366852e-13,3.5044917e-18,195.34,1.9073486e-05,1.0
100.0,1945231.2993115436,1387.7244,0.01,100.0,0.009999998,,1.0,0.01,1.0,100,1.0,1844.733857760392,1945231.2993115436,-265.55383,1.0231815394945443e-13,3.5044917e-18,185.48,,1.0
100.0,2185326.534580815,1470.875,0.01,100.0,0.009999998,,1.0,0.01,1.0,100,1.0,1993.839585148519,2185326.534580815,-253.0048,-8.753886504564434e-14,3.5044917e-18,200.33,7.6293945e-06,1.0
100.0,2078512.2393957034,1434.478,0.01,100.0,0.009999998,,1.0,0.01,1.0,100,1.0,2035.6249277970837,2078512.2393957027,-249.48447,2.5465851649641993e-13,3.5044917e-18,204.56,2.193451e-05,1.0
100.0,2104237.577787418,1443.3279,0.01,100.0,0.009999998,,1.0,0.01,1.0,100,1.0,1971.82715076377,2104237.577787418,-254.85739,-9.549694368615746e-14,3.5044917e-18,198.19,7.6293945e-06,1.0
100.0,1914202.700489917,1376.6119,0.01,100.0,0.009999998,,1.0,0.01,1.0,100,1.0,1900.3302387222452,1914202.7004899175,-260.8748,1.4097167877480388e-13,3.5044917e-18,191.02,-3.8146973e-06,1.0
100.0,1926170.5348427058,1380.9087,0.01,100.0,0.009999998,,1.0,0.01,1.0,100,1.0,2001.4363293004935,1926170.5348427058,-252.36543,-5.456968210637569e-14,3.5044917e-18,201.11,1.6212463e-05,1.0
100.0,2069240.0364063692,1431.2749,0.01,100.0,0.009999998,,1.0,0.01,1.0,100,1.0,2055.3253421802374,2069240.0364063692,-247.83002,-1.8189894035458565e-14,3.5044917e-18,206.51,-5.722046e-06,1.0
100.0,1804721.7645652918,1336.6654,0.01,100.0,0.009999998,,1.0,0.01,1.0,100,1.0,1819.5256885142924,1804721.7645652918,-267.66238,1.2505552149377764e-13,3.5044917e-18,182.96,7.6293945e-06,1.0
100.0,2307052.480308907,1511.2848,0.01,100.0,0.009999998,,1.0,0.01,1.0,100,1.0,2117.8187584079146,2307052.4803089076,-242.5637,1.7962520360015334e-13,3.5044917e-18,212.75,-1.335144e-05,1.0
100.0,2133767.923131298,1453.42,0.01,100.0,0.009999998,,1.0,0.01,1.0,100,1.0,1947.427679949308,2133767.923131298,-256.91095,2.5465851649641993e-13,3.5044917e-18,195.73,-3.8146973e-06,1.0
100.0,2252963.67664715,1493.4639,0.01,100.0,0.009999998,,1.0,0.01,1.0,100,1.0,2027.5080793551242,2252963.67664715,-250.17123,1.20508047984913e-13,3.5044917e-18,203.73,,1.0
100.0,2049655.942657215,1424.4856,0.01,100.0,0.009999998,,1.0,0.01,1.0,100,1.0,1893.4372713568705,2049655.9426572158,-261.44305,1.6825651982799172e-13,3.5044917e-18,190.32,-7.6293945e-06,1.0
100.0,2213149.0684458315,1480.2086,0.01,100.0,0.009999998,,1.0,0.01,1.0,100,1.0,1957.933788077408,2213149.068445831,-256.02667,5.161382432561368e-13,3.5044917e-18,196.78,1.5258789e-05,1.0
100.0,2460871.7457204405,1560.8533,0.01,100.0,0.009999998,,1.0,0.01,1.0,100,1.0,1971.8592096222503,2460871.7457204405,-254.85477,1.1368683772161604e-14,3.5044917e-18,198.16,2.002716e-05,1.0
100.0,2133006.035512374,1453.1606,0.01,100.0,0.009999998,,1.0,0.01,1.0,100,1.0,2141.9951406012638,2133006.035512374,-240.52953,4.18367562815547e-13,3.5044917e-18,215.18,1.9073486e-06,1.0
100.0,2123422.096214966,1449.8925,0.01,100.0,0.009999998,,1.0,0.01,1.0,100,1.0,1975.137432072577,2123422.096214966,-254.57886,-7.275957614183426e-14,3.5044917e-18,198.49,-3.8146973e-06,1.0
100.0,2086162.0345440444,1437.1154,0.01,100.0,0.009999998,,1.0,0.01,1.0,100,1.0,1984.8257994828998,2086162.0345440446,-253.76115,-3.433342499192804e-13,3.5044917e-18,199.48,-5.722046e-06,1.0
100.0,2000532.0581846668,1407.3119,0.01,100.0,0.009999998,,1.0,0.01,1.0,100,1.0,1810.655187123169,2000532.0581846666,-268.408,-3.5697667044587435e-13,3.5044917e-18,182.06,1.5258789e-05,1.0
100.0,1746301.5554354328,1314.853,0.01,100.0,0.009999998,,1.0,0.01,1.0,100,1.0,1753.0275827894072,1746301.5554354328,-273.26837,-2.717115421546623e-13,3.5044917e-18,176.3,-5.722046e-06,1.0
100.0,1746809.083673149,1315.0441,0.01,100.0,0.009999998,,1.0,0.01,1.0,100,1.0,1853.8036590389568,1746809.0836731486,-264.77808,1.568878360558301e-13,3.5044917e-18,186.41,3.8146973e-06,1.0
100.0,2439811.0308559593,1554.1599,0.01,100.0,0.009999998,,1.0,0.01,1.0,100,1.0,2189.926250616802,2439811.030855959,-236.4944,-6.343725544866175e-13,3.5044917e-18,219.97,1.66893e-06,1.0
100.0,1755191.1856662696,1318.1954,0.01,100.0,0.009999998,,1.0,0.01,1.0,100,1.0,1962.7782271364988,1755191.1856662696,-255.59106,2.4556356947869064e-13,3.5044917e-18,197.31,-1.335144e-05,1.0
100.0,2330613.228351,1518.9822,0.01,100.0,0.009999998,,1.0,0.01,1.0,100,1.0,2167.8982577589986,2330613.2283509998,-238.34358,3.1604940886609254e-13,3.5044917e-18,217.77,9.536743e-06,1.0
100.0,2040420.8643026098,1421.273,0.01,100.0,0.009999998,,1.0,0.01,1.0,100,1.0,1938.7080677967124,2040420.8643026098,-257.63522,-3.0013325158506633e-13,3.5044917e-18,194.9,7.6293945e-06,1.0
100.0,1595405.646590955,1256.7623,0.01,100.0,0.009999998,,1.0,0.01,1.0,100,1.0,1924.5799328848466,1595405.646590955,-258.82953,-3.865352482534945e-13,3.5044917e-18,193.49,-1.1444092e-05,1.0
100.0,1846442.9104738273,1352.0276,0.01,100.0,0.009999998,,1.0,0.01,1.0,100,1.0,1716.5487366315192,1846442.9104738273,-276.33792,-3.637978807091713e-14,3.5044917e-18,172.67,-7.6293945e-06,1.0
100.0,1438691.054232466,1193.4421,0.01,100.0,0.009999998,,1.0,0.01,1.0,100,1.0,1809.3957270050657,1438691.054232466,-268.5177,-1.8644641386345028e-13,3.5044917e-18,181.97,-5.722046e-06,1.0
100.0,2374561.11409795,1533.2368,0.01,100.0,0.009999998,,1.0,0.01,1.0,100,1.0,2333.4055510378817,2374561.11409795,-224.42624,-1.3187673175707459e-13,3.5044917e-18,234.28,3.8146973e-06,1.0
100.0,2426205.025278126,1549.8203,0.01,100.0,0.009999998,,1.0,0.01,1.0,100,1.0,2008.7279043701374,2426205.025278126,-251.73875,7.275957614183426e-14,3.5044917e-18,201.84,-3.8146973e-06,1.0
100.0,1767954.491029728,1322.9796,0.01,100.0,0.009999998,,1.0,0.01,1.0,100,1.0,1960.9724219932507,1767954.491029728,-255.74527,3.956301952712238e-13,3.5044917e-18,197.12,2.0980835e-05,1.0
100.0,1903841.5108229422,1372.8812,0.01,100.0,0.009999998,,1.0,0.01,1.0,100,1.0,1957.8055011595661,1903841.5108229422,-256.02432,-3.1832314562052486e-13,3.5044917e-18,196.77,-1.2397766e-05,1.0
100.0,1845612.5197151725,1351.7234,0.01,100.0,0.009999998,,1.0,0.01,1.0,100,1.0,1938.107011249323,1845612.5197151725,-257.69263,2.1145751816220583e-13,3.5044917e-18,194.82,7.6293945e-06,1.0
100.0,1592773.1192364763,1255.7251,0.01,100.0,0.009999998,,1.0,0.01,1.0,100,1.0,1796.6098197898352,1592773.1192364765,-269.5709,4.263256414560601e-13,3.5044917e-18,180.69,-2.0980835e-05,1.0
100.0,2084605.096237296,1436.579,0.01,100.0,0.009999998,,1.0,0.01,1.0,100,1.0,1913.135724906301,2084605.096237296,-259.79706,-2.4556356947869064e-13,3.5044917e-18,192.3,1.9073486e-06,1.0
100.0,1805612.6202069924,1336.9952,0.01,100.0,0.009999998,,1.0,0.01,1.0,100,1.0,1933.392947621653,1805612.6202069924,-258.0842,-1.523403625469655e-13,3.5044917e-18,194.36,-2.861023e-06,1.0
100.0,1584040.8612144983,1252.2781,0.01,100.0,0.009999998,,1.0,0.01,1.0,100,1.0,1741.4231980462175,1584040.8612144983,-274.2433,-5.456968210637569e-14,3.5044917e-18,175.18,-4.7683716e-06,1.0
100.0,2552937.124629368,1589.7823,0.01,100.0,0.009999998,,1.0,0.01,1.0,100,1.0,2185.118984715479,2552937.124629368,-236.90636,1.4551915228366852e-13,3.5044917e-18,219.46,3.0517578e-05,1.0
100.0,1680393.251956025,1289.802,0.01,100.0,0.009999998,,1.0,0.01,1.0,100,1.0,1784.4211906510457,1680393.2519560244,-270.6172,2.955857780762017e-13,3.5044917e-18,179.48,-1.335144e-05,1.0
100.0,1997164.909761127,1406.127,0.01,100.0,0.009999998,,1.0,0.01,1.0,100,1.0,1913.7289495982188,1997164.909761127,-259.7433,1.9554136088117957e-13,3.5044917e-18,192.36,-2.861023e-06,1.0
100.0,2153007.104475887,1459.958,0.01,100.0,0.009999998,,1.0,0.01,1.0,100,1.0,2153.197813367956,2153007.104475887,-239.5841,2.7057467377744614e-13,3.5044917e-18,216.28,,1.0
100.0,2384774.5886755167,1536.5308,0.01,100.0,0.009999998,,1.0,0.01,1.0,100,1.0,2052.2243063262285,2384774.5886755167,-248.09099,1.568878360558301e-13,3.5044917e-18,206.21,-9.536743e-06,1.0
100.0,2197155.0538830035,1474.8503,0.01,100.0,0.009999998,,1.0,0.01,1.0,100,1.0,1953.2236542968378,2197155.0538830035,-256.41644,-9.549694368615746e-14,3.5044917e-18,196.32,-1.9073486e-06,1.0
100.0,2104895.5010825093,1443.5535,0.01,100.0,0.009999998,,1.0,0.01,1.0,100,1.0,1862.252446806784,2104895.5010825093,-264.07153,1.5916157281026246e-14,3.5044917e-18,187.23,1.335144e-05,1.0
100.0,2206377.7887775116,1477.9425,0.01,100.0,0.009999998,,1.0,0.01,1.0,100,1.0,2221.695937533977,2206377.788777512,-233.82796,1.3187673175707459e-13,3.5044917e-18,223.13,4.7683716e-06,1.0
100.0,2334126.557144537,1520.1267,0.01,100.0,0.009999998,,1.0,0.01,1.0,100,1.0,1813.4949239818934,2334126.557144537,-268.17978,-9.549694368615746e-14,3.5044917e-18,182.29,1.5258789e-05,1.0
100.0,1919452.5461454487,1378.4984,0.01,100.0,0.009999998,,1.0,0.01,1.0,100,1.0,1894.9081003336419,1919452.5461454487,-261.30933,-4.0245140553452075e-13,3.5044917e-18,190.52,-9.536743e-06,1.0
100.0,1732510.2749569553,1309.6508,0.01,100.0,0.009999998,,1.0,0.01,1.0,100,1.0,2122.4575969797097,1732510.2749569553,-242.16267,-1.1141310096718371e-13,3.5044917e-18,213.28,-1.7166138e-05,1.0
100.0,2187173.8614065293,1471.4965,0.01,100.0,0.009999998,,1.0,0.01,1.0,100,1.0,2045.2238644992963,2187173.861406529,-248.66936,3.2741809263825415e-13,3.5044917e-18,205.5,-3.0517578e-05,1.0
100.0,2390233.8583095213,1538.2885,0.01,100.0,0.009999998,,1.0,0.01,1.0,100,1.0,2068.9146013495324,2390233.8583095213,-246.68318,1.5006662579253317e-13,3.5044917e-18,207.88,-1.9073486e-05,1.0
100.0,2458573.116610605,1560.1241,0.01,100.0,0.009999998,,1.0,0.01,1.0,100,1.0,2085.231648377032,2458573.116610604,-245.30814,3.069544618483633e-13,3.5044917e-18,209.52,1.9073486e-06,1.0
100.0,2281918.926218348,1503.0302,0.01,100.0,0.009999998,,1.0,0.01,1.0,100,1.0,1919.9345131003104,2281918.926218348,-259.2116,1.0459189070388675e-13,3.5044917e-18,192.98,9.536743e-06,1.0
100.0,2023845.3330973648,1415.4882,0.01,100.0,0.009999998,,1.0,0.01,1.0,100,1.0,1975.0207375356672,2023845.3330973648,-254.57224,-1.5916157281026246e-14,3.5044917e-18,198.48,-1.04904175e-05,1.0
100.0,1849438.546161031,1353.1238,0.01,100.0,0.009999998,,1.0,0.01,1.0,100,1.0,1905.7123552064347,1849438.546161031,-260.42175,-8.86757334228605e-14,3.5044917e-18,191.59,4.7683716e-06,1.0
100.0,1956999.4734065647,1391.9156,0.01,100.0,0.009999998,,1.0,0.01,1.0,100,1.0,1874.8256158387544,1956999.4734065647,-263.0031,3.410605131648481e-14,3.5044917e-18,188.48,-7.6293945e-06,1.0
100.0,2360529.095947833,1528.7001,0.01,100.0,0.009999998,,1.0,0.01,1.0,100,1.0,2138.73649669664,2360529.0959478323,-240.80997,-1.3869794202037155e-13,3.5044917e-18,214.83,9.536743e-06,1.0
100.0,1764458.169668961,1321.6708,0.01,100.0,0.009999998,,1.0,0.01,1.0,100,1.0,1959.0825321730142,1764458.169668961,-255.91763,-5.2295945351943376e-14,3.5044917e-18,196.93,9.536743e-06,1.0
100.0,1782862.6679103496,1328.5458,0.01,100.0,0.009999998,,1.0,0.01,1.0,100,1.0,1780.9350764945725,1782862.6679103496,-270.9067,3.865352482534945e-14,3.5044917e-18,179.11,-3.8146973e-06,1.0
100.0,1856567.80008254,1355.7294,0.01,100.0,0.009999998,,1.0,0.01,1.0,100,1.0,1865.1239093450508,1856567.8000825397,-263.83118,-1.8644641386345028e-13,3.5044917e-18,187.53,-3.8146973e-06,1.0
100.0,1710695.9195486654,1301.3796,0.01,100.0,0.009999998,,1.0,0.01,1.0,100,1.0,1951.0907732913367,1710695.919548665,-256.599,-4.1382008930668236e-13,3.5044917e-18,196.11,-1.1444092e-05,1.0
100.0,2040850.8765817469,1421.4226,0.01,100.0,0.009999998,,1.0,0.01,1.0,100,1.0,2231.1769954141637,2040850.8765817469,-233.03003,5.684341886080802e-14,3.5044917e-18,224.1,6.67572e-06,1.0
100.0,1746023.4929751537,1314.7483,0.01,100.0,0.009999998,,1.0,0.01,1.0,100,1.0,1910.8999908215753,1746023.492975154,-259.9692,8.640199666842818e-14,3.5044917e-18,192.11,-1.5258789e-05,1.0
100.0,2093121.313629808,1439.5103,0.01,100.0,0.009999998,,1.0,0.01,1.0,100,1.0,1893.4347655065308,2093121.313629808,-261.43475,3.092281986027956e-13,3.5044917e-18,190.34,2.2888184e-05,1.0
100.0,1784100.342344458,1329.0068,0.01,100.0,0.009999998,,1.0,0.01,1.0,100,1.0,2069.086244895063,1784100.342344458,-246.66705,1.0004441719502211e-13,3.5044917e-18,207.91,-1.5258789e-05,1.0
100.0,1764536.895849377,1321.7003,0.01,100.0,0.009999998,,1.0,0.01,1.0,100,1.0,1873.7180504442586,1764536.895849377,-263.11453,-4.729372449219227e-13,3.5044917e-18,188.4,-3.8146973e-06,1.0
100.0,1814226.8658676115,1340.1808,0.01,100.0,0.009999998,,1.0,0.01,1.0,100,1.0,2122.9577237307208,1814226.8658676117,-242.11234,1.0459189070388675e-13,3.5044917e-18,213.31,1.1444092e-05,1.0
100.0,1765376.5569511766,1322.0146,0.01,100.0,0.009999998,,1.0,0.01,1.0,100,1.0,1687.7479058823278,1765376.5569511766,-278.7549,-5.456968210637569e-14,3.5044917e-18,169.78,1.335144e-05,1.0
100.0,2097672.8247196795,1441.0746,0.01,100.0,0.009999998,,1.0,0.01,1.0,100,1.0,1764.659675410954,2097672.8247196795,-272.27582,-7.275957614183426e-14,3.5044917e-18,177.49,-1.5258789e-05,1.0
100.0,2073928.5220463001,1432.8953,0.01,100.0,0.009999998,,1.0,0.01,1.0,100,1.0,1866.0611080122078,2073928.5220463006,-263.75034,1.1823431123048067e-13,3.5044917e-18,187.56,1.7166138e-05,1.0
100.0,2562728.3236456374,1592.828,0.01,100.0,0.009999998,,1.0,0.01,1.0,100,1.0,2220.261277398782,2562728.323645638,-233.94867,-4.069988790433854e-13,3.5044917e-18,222.95,1.9073486e-06,1.0
100.0,2214675.567611917,1480.719,0.01,100.0,0.009999998,,1.0,0.01,1.0,100,1.0,1994.0187188948248,2214675.567611917,-252.97638,4.956746124662459e-13,3.5044917e-18,200.41,-1.5258789e-05,1.0
100.0,2029186.082864348,1417.3547,0.01,100.0,0.009999998,,1.0,0.01,1.0,100,1.0,1950.5169283636608,2029186.082864348,-256.6457,-8.185452315956354e-14,3.5044917e-18,196.05,7.6293945e-06,1.0
100.0,2655973.104353378,1621.5465,0.01,100.0,0.009999998,,1.0,0.01,1.0,100,1.0,2294.1200881467876,2655973.104353378,-227.73253,-3.9335645851679146e-13,3.5044917e-18,230.35,1.2397766e-05,1.0
100.0,2234312.534330338,1487.269,0.01,100.0,0.009999998,,1.0,0.01,1.0,100,1.0,2093.435197596425,2234312.534330338,-244.62267,-4.320099833421409e-14,3.5044917e-18,210.31,-3.129244e-05,1.0
100.0,2346681.3656469067,1524.2096,0.01,100.0,0.009999998,,1.0,0.01,1.0,100,1.0,2066.3394663589097,2346681.3656469067,-246.9031,5.502442945726216e-13,3.5044917e-18,207.62,-1.9073486e-06,1.0
100.0,1934684.7709450475,1383.9573,0.01,100.0,0.009999998,,1.0,0.01,1.0,100,1.0,2147.8681475815565,1934684.7709450475,-240.02707,,3.5044917e-18,215.78,1.5258789e-05,1.0
100.0,1804194.7440299802,1336.4702,0.01,100.0,0.009999998,,1.0,0.01,1.0,100,1.0,1998.5998365329658,1804194.7440299802,-252.59962,-4.058620106661692e-13,3.5044917e-18,200.87,,1.0
100.0,2021015.5610253247,1414.4983,0.01,100.0,0.009999998,,1.0,0.01,1.0,100,1.0,1837.2223442618142,2021015.5610253247,-266.15665,2.955857780762017e-14,3.5044917e-18,184.75,5.722046e-06,1.0
100.0,2134775.484792237,1453.7633,0.01,100.0,0.009999998,,1.0,0.01,1.0,100,1.0,2038.302719499635,2134775.484792237,-249.25494,-8.86757334228605e-14,3.5044917e-18,204.82,-1.1444092e-05,1.0
100.0,2107482.9662124994,1444.4404,0.01,100.0,0.009999998,,1.0,0.01,1.0,100,1.0,2072.7013754071004,2107482.9662124985,-246.35852,3.501554601825774e-13,3.5044917e-18,208.26,-7.6293945e-06,1.0
100.0,1974378.709224281,1398.0826,0.01,100.0,0.009999998,,1.0,0.01,1.0,100,1.0,1977.7101588986116,1974378.709224281,-254.35736,1.6370904631912708e-13,3.5044917e-18,198.78,1.335144e-05,1.0
100.0,2438451.6636712574,1553.7269,0.01,100.0,0.009999998,,1.0,0.01,1.0,100,1.0,2096.130841577356,2438451.6636712574,-244.3886,-2.955857780762017e-14,3.5044917e-18,210.55,1.2397766e-05,1.0
100.0,2051238.635958129,1425.0355,0.01,100.0,0.009999998,,1.0,0.01,1.0,100,1.0,1903.9370293103877,2051238.6359581288,-260.56863,3.865352482534945e-14,3.5044917e-18,191.4,1.9073486e-06,1.0
100.0,2252116.959126249,1493.1831,0.01,100.0,0.009999998,,1.0,0.01,1.0,100,1.0,2243.3914481016554,2252116.959126249,-232.00198,-9.094947017729283e-14,3.5044917e-18,225.3,-3.8146973e-06,1.0
100.0,1728397.8304950462,1308.0955,0.01,100.0,0.009999998,,1.0,0.01,1.0,100,1.0,1882.0942176141218,1728397.8304950462,-262.38504,-1.8189894035458565e-14,3.5044917e-18,189.24,-3.8146973e-06,1.0
100.0,2109008.102047564,1444.963,0.01,100.0,0.009999998,,1.0,0.01,1.0,100,1.0,1961.1370470803897,2109008.102047564,-255.75716,-1.3642420526593923e-13,3.5044917e-18,197.11,-6.67572e-06,1.0
100.0,1949653.1916614568,1389.3008,0.01,100.0,0.009999998,,1.0,0.01,1.0,100,1.0,2024.5063620010123,1949653.1916614566,-250.4143,-2.0008883439004421e-13,3.5044917e-18,203.45,1.9073486e-05,1.0
100.0,1630222.237059437,1270.4016,0.01,100.0,0.009999998,,1.0,0.01,1.0,100,1.0,1739.520691731796,1630222.237059437,-274.40265,-3.0013325158506633e-13,3.5044917e-18,174.98,-7.6293945e-06,1.0
100.0,1624496.195847013,1268.1685,0.01,100.0,0.009999998,,1.0,0.01,1.0,100,1.0,1735.3347030722396,1624496.195847013,-274.7363,-2.6147972675971688e-14,3.5044917e-18,174.55,3.8146973e-06,1.0
100.0,2533955.3626049617,1583.861,0.01,100.0,0.009999998,,1.0,0.01,1.0,100,1.0,2056.5426019819224,2533955.3626049617,-247.72012,-2.2282620193436741e-13,3.5044917e-18,206.59,3.8146973e-06,1.0
100.0,1999288.8929273647,1406.8745,0.01,100.0,0.009999998,,1.0,0.01,1.0,100,1.0,1806.042573061772,1999288.8929273647,-268.80792,1.1368683772161604e-14,3.5044917e-18,181.61,3.8146973e-06,1.0
100.0,2144298.6914490554,1457.0023,0.01,100.0,0.009999998,,1.0,0.01,1.0,100,1.0,1998.0195061626707,2144298.6914490554,-252.65306,-2.205524651799351e-13,3.5044917e-18,200.79,7.6293945e-06,1.0
100.0,2460556.088616832,1560.7532,0.01,100.0,0.009999998,,1.0,0.01,1.0,100,1.0,2077.463632339822,2460556.088616832,-245.96684,4.547473508864641e-15,3.5044917e-18,208.68,3.8146973e-06,1.0
100.0,2600875.686195606,1604.6392,0.01,100.0,0.009999998,,1.0,0.01,1.0,100,1.0,2033.2172658754953,2600875.686195606,-249.66487,2.0008883439004421e-13,3.5044917e-18,204.3,7.6293945e-06,1.0
100.0,2231963.0848540687,1486.4869,0.01,100.0,0.009999998,,1.0,0.01,1.0,100,1.0,2048.514321478837,2231963.0848540687,-248.39464,1.0686562745831906e-13,3.5044917e-18,205.83,,1.0
100.0,2650806.5912267757,1619.9686,0.01,100.0,0.009999998,,1.0,0.01,1.0,100,1.0,2284.007221169975,2650806.5912267757,-228.58371,2.2737367544323207e-14,3.5044917e-18,229.32,-3.4332275e-05,1.0
100.0,1927476.266711763,1381.3766,0.01,100.0,0.009999998,,1.0,0.01,1.0,100,1.0,1978.3037144063035,1927476.266711763,-254.29958,1.8417267710901798e-13,3.5044917e-18,198.82,-7.6293945e-06,1.0
100.0,1700363.2380839793,1297.4435,0.01,100.0,0.009999998,,1.0,0.01,1.0,100,1.0,1742.8426325250257,1700363.2380839793,-274.12927,-9.322320693172514e-14,3.5044917e-18,175.28,-1.1444092e-05,1.0
100.0,2335805.3040934084,1520.6733,0.01,100.0,0.009999998,,1.0,0.01,1.0,100,1.0,2218.7128358286263,2335805.304093408,-234.07903,-1.5916157281026243e-13,3.5044917e-18,222.83,7.6293945e-06,1.0
100.0,1943867.2603415505,1387.2377,0.01,100.0,0.009999998,,1.0,0.01,1.0,100,1.0,1790.2258716118586,1943867.2603415507,-270.13327,6.480149750132113e-14,3.5044917e-18,180.04,-9.536743e-07,1.0
100.0,2177888.2059003417,1468.3696,0.01,100.0,0.009999998,,1.0,0.01,1.0,100,1.0,1825.0407249478862,2177888.2059003417,-267.1939,1.77351466845721e-13,3.5044917e-18,183.51,-1.7166138e-05,1.0
100.0,2399796.4661668898,1541.3625,0.01,100.0,0.009999998,,1.0,0.01,1.0,100,1.0,2312.4081204098434,2399796.4661668898,-226.18886,-9.549694368615746e-14,3.5044917e-18,232.18,-1.9073486e-06,1.0
100.0,2288432.0839236565,1505.1737,0.01,100.0,0.009999998,,1.0,0.01,1.0,100,1.0,2010.6358763917315,2288432.083923657,-251.58496,-2.955857780762017e-13,3.5044917e-18,202.05,-1.9073486e-06,1.0
100.0,1937318.385761179,1384.899,0.01,100.0,0.009999998,,1.0,0.01,1.0,100,1.0,1956.3998861150985,1937318.385761179,-256.12946,-9.549694368615746e-14,3.5044917e-18,196.66,1.335144e-05,1.0
100.0,2017944.7891867647,1413.4232,0.01,100.0,0.009999998,,1.0,0.01,1.0,100,1.0,2056.206759607686,2017944.7891867645,-247.75589,3.54702933691442e-13,3.5044917e-18,206.63,1.335144e-05,1.0
100.0,1929763.2091517209,1382.1958,0.01,100.0,0.009999998,,1.0,0.01,1.0,100,1.0,1822.3255374284417,1929763.2091517209,-267.4312,-3.956301952712238e-13,3.5044917e-18,183.24,7.6293945e-06,1.0
100.0,1714735.0742594264,1302.9152,0.01,100.0,0.009999998,,1.0,0.01,1.0,100,1.0,1974.582977983398,1714735.0742594264,-254.615,5.95719029661268e-13,3.5044917e-18,198.49,5.2452087e-06,1.0
100.0,2108418.8286954467,1444.7611,0.01,100.0,0.009999998,,1.0,0.01,1.0,100,1.0,2111.9848954300237,2108418.8286954467,-243.04071,-2.432898327242583e-13,3.5044917e-18,212.18,7.6293945e-06,1.0
100.0,1871807.8201552113,1361.2825,0.01,100.0,0.009999998,,1.0,0.01,1.0,100,1.0,1889.0195735954787,1871807.8201552113,-261.8202,-3.2514435588382183e-13,3.5044917e-18,189.92,1.5258789e-05,1.0
100.0,1795111.1580070895,1333.1017,0.01,100.0,0.009999998,,1.0,0.01,1.0,100,1.0,1767.6270677255472,1795111.1580070895,-272.004,-9.094947017729283e-15,3.5044917e-18,177.77,7.6293945e-06,1.0
100.0,1874594.6110062592,1362.2954,0.01,100.0,0.009999998,,1.0,0.01,1.0,100,1.0,1834.335473787079,1874594.6110062592,-266.408,-1.0459189070388675e-13,3.5044917e-18,184.42,1.5258789e-05,1.0
100.0,1583672.6829666188,1252.1326,0.01,100.0,0.009999998,,1.0,0.01,1.0,100,1.0,1796.8106187506273,1583672.6829666188,-269.57632,-1.8644641386345028e-13,3.5044917e-18,180.72,-1.335144e-05,1.0
100.0,1902452.0031854266,1372.3802,0.01,100.0,0.009999998,,1.0,0.01,1.0,100,1.0,1736.9563469820696,1902452.0031854266,-274.62024,-1.6711965145077556e-13,3.5044917e-18,174.7,-3.8146973e-06,1.0
100.0,1823970.6901718227,1343.7749,0.01,100.0,0.009999998,,1.0,0.01,1.0,100,1.0,2057.0932953249767,1823970.6901718227,-247.68124,1.2732925824820997e-13,3.5044917e-18,206.72,-1.5258789e-05,1.0
100.0,2046737.1113614228,1423.471,0.01,100.0,0.009999998,,1.0,0.01,1.0,100,1.0,2047.0881062345557,2046737.1113614233,-248.52045,-6.957634468562901e-13,3.5044917e-18,205.74,-9.536743e-06,1.0
100.0,2198523.4972112007,1475.3094,0.01,100.0,0.009999998,,1.0,0.01,1.0,100,1.0,1858.6527763722704,2198523.4972112007,-264.37408,-2.864908310584724e-13,3.5044917e-18,186.84,1.2397766e-05,1.0
100.0,2387724.155885546,1537.4807,0.01,100.0,0.009999998,,1.0,0.01,1.0,100,1.0,2288.3922211176923,2387724.1558855465,-228.20956,1.6370904631912708e-13,3.5044917e-18,229.81,1.1444092e-05,1.0
100.0,1680820.7729077342,1289.9661,0.01,100.0,0.009999998,,1.0,0.01,1.0,100,1.0,1905.0857802435569,1680820.7729077342,-260.44528,8.412825991399586e-14,3.5044917e-18,191.54,1.5258789e-05,1.0
100.0,2318569.9029869554,1515.0526,0.01,100.0,0.009999998,,1.0,0.01,1.0,100,1.0,2062.724388698148,2318569.9029869554,-247.19658,5.684341886080802e-14,3.5044917e-18,207.27,3.8146973e-06,1.0
100.0,2313565.5034133648,1513.4166,0.01,100.0,0.009999998,,1.0,0.01,1.0,100,1.0,1872.7550457204738,2313565.5034133648,-263.19174,8.185452315956354e-14,3.5044917e-18,188.26,-9.536743e-07,1.0
100.0,2063111.9024170316,1429.1538,0.01,100.0,0.009999998,,1.0,0.01,1.0,100,1.0,2064.9938224815605,2063111.902417032,-247.01633,-3.0240698833949866e-13,3.5044917e-18,207.5,1.9073486e-06,1.0
100.0,2155109.148961967,1460.6703,0.01,100.0,0.009999998,,1.0,0.01,1.0,100,1.0,2092.6235402548136,2155109.148961967,-244.69096,2.091837814077735e-13,3.5044917e-18,210.24,-4.7683716e-06,1.0
100.0,2263035.180671295,1496.7982,0.01,100.0,0.009999998,,1.0,0.01,1.0,100,1.0,1989.8493540641625,2263035.180671295,-253.33444,9.094947017729283e-15,3.5044917e-18,199.92,7.6293945e-06,1.0
100.0,2002801.1689086158,1408.1099,0.01,100.0,0.009999998,,1.0,0.01,1.0,100,1.0,1843.9468149241104,2002801.1689086158,-265.6174,5.456968210637569e-14,3.5044917e-18,185.39,,1.0
100.0,1772374.6323371301,1324.6323,0.01,100.0,0.009999998,,1.0,0.01,1.0,100,1.0,1866.727401552545,1772374.6323371301,-263.69843,-5.002220859751106e-13,3.5044917e-18,187.68,-7.6293945e-06,1.0
100.0,1973425.485398542,1397.745,0.01,100.0,0.009999998,,1.0,0.01,1.0,100,1.0,1908.6428794139076,1973425.4853985424,-260.17517,-2.7966962079517543e-13,3.5044917e-18,191.86,-4.2915344e-06,1.0
100.0,2241862.4801143054,1489.7799,0.01,100.0,0.009999998,,1.0,0.01,1.0,100,1.0,2131.1170301866687,2241862.4801143054,-241.44211,-7.275957614183426e-14,3.5044917e-18,214.08,3.8146973e-06,1.0
100.0,2023024.6771060114,1415.2012,0.01,100.0,0.009999998,,1.0,0.01,1.0,100,1.0,1949.3026998238406,2023024.6771060114,-256.7251,-2.0008883439004421e-13,3.5044917e-18,195.94,3.8146973e-06,1.0
100.0,2167970.5937261125,1465.0225,0.01,100.0,0.009999998,,1.0,0.01,1.0,100,1.0,2217.7918560295693,2167970.5937261125,-234.15169,3.069544618483633e-13,3.5044917e-18,222.76,-7.6293945e-06,1.0
100.0,2230029.7493774593,1485.8429,0.01,100.0,0.009999998,,1.0,0.01,1.0,100,1.0,2148.686773133686,2230029.7493774593,-239.9459,-5.456968210637569e-13,3.5044917e-18,215.88,-7.6293945e-06,1.0
100.0,2217881.9014906897,1481.7905,0.01,100.0,0.009999998,,1.0,0.01,1.0,100,1.0,1968.2212312062009,2217881.9014906897,-255.15599,-2.683009370230138e-13,3.5044917e-18,197.79,1.7166138e-05,1.0
100.0,2154449.5291382275,1460.4469,0.01,100.0,0.009999998,,1.0,0.01,1.0,100,1.0,2095.5176389249473,2154449.5291382275,-244.44223,-6.821210263296962e-14,3.5044917e-18,210.53,3.8146973e-06,1.0
100.0,1967109.554920323,1395.5065,0.01,100.0,0.009999998,,1.0,0.01,1.0,100,1.0,2034.6163484978288,1967109.554920323,-249.57298,4.0017766878008843e-13,3.5044917e-18,204.46,,1.0
100.0,1943920.222912175,1387.2566,0.01,100.0,0.009999998,,1.0,0.01,1.0,100,1.0,1882.2232986912736,1943920.222912175,-262.37274,8.753886504564434e-14,3.5044917e-18,189.23,1.335144e-05,1.0
100.0,1996246.5447198357,1405.8037,0.01,100.0,0.009999998,,1.0,0.01,1.0,100,1.0,1860.3306779710574,1996246.544719836,-264.23557,-2.683009370230138e-13,3.5044917e-18,187.02,-1.5258789e-05,1.0
100.0,1924556.234202416,1380.33,0.01,100.0,0.009999998,,1.0,0.01,1.0,100,1.0,1728.9475890830029,1924556.234202416,-275.29138,-5.616129783447832e-13,3.5044917e-18,173.89,-5.722046e-06,1.0
100.0,2023681.4430234644,1415.4309,0.01,100.0,0.009999998,,1.0,0.01,1.0,100,1.0,1837.631785176893,2023681.4430234644,-266.13443,-9.549694368615746e-14,3.5044917e-18,184.75,2.0980835e-05,1.0
100.0,2530230.759869013,1582.6965,0.01,100.0,0.009999998,,1.0,0.01,1.0,100,1.0,2245.129270032959,2530230.759869013,-231.85124,3.183231456205249e-14,3.5044917e-18,225.46,9.536743e-06,1.0
100.0,2219797.3845818266,1482.4303,0.01,100.0,0.009999998,,1.0,0.01,1.0,100,1.0,2126.601820512349,2219797.384581827,-241.81221,1.77351466845721e-13,3.5044917e-18,213.63,3.8146973e-06,1.0
100.0,1841476.2097383179,1350.208,0.01,100.0,0.009999998,,1.0,0.01,1.0,100,1.0,1821.8250189415546,1841476.2097383179,-267.4734,-2.7284841053187846e-14,3.5044917e-18,183.19,1.1444092e-05,1.0
100.0,2354652.266038318,1526.7959,0.01,100.0,0.009999998,,1.0,0.01,1.0,100,1.0,1951.3546698954115,2354652.266038318,-256.58047,6.8212102632969615e-15,3.5044917e-18,196.1,-6.67572e-06,1.0
100.0,1657528.2124797555,1280.9968,0.01,100.0,0.009999998,,1.0,0.01,1.0,100,1.0,1676.9489742206538,1657528.2124797555,-279.66653,2.205524651799351e-13,3.5044917e-18,168.71,-1.5735626e-05,1.0
100.0,2044689.267677193,1422.7587,0.01,100.0,0.009999998,,1.0,0.01,1.0,100,1.0,2039.597694595812,2044689.267677193,-249.13223,1.1596057447604835e-13,3.5044917e-18,204.95,-3.8146973e-06,1.0
100.0,2110493.943461285,1445.4718,0.01,100.0,0.009999998,,1.0,0.01,1.0,100,1.0,1864.8488286240038,2110493.943461285,-263.86096,-1.3642420526593923e-13,3.5044917e-18,187.48,-5.722046e-06,1.0
100.0,2165319.9762544385,1464.1266,0.01,100.0,0.009999998,,1.0,0.01,1.0,100,1.0,2090.5021412143265,2165319.9762544385,-244.86655,-2.41016095969826e-13,3.5044917e-18,210.04,-1.9073486e-06,1.0
100.0,2007510.909887582,1409.7644,0.01,100.0,0.009999998,,1.0,0.01,1.0,100,1.0,2221.860183052945,2007510.909887582,-233.81413,2.091837814077735e-13,3.5044917e-18,223.2,-7.6293945e-06,1.0
100.0,1861348.0614855443,1357.4735,0.01,100.0,0.009999998,,1.0,0.01,1.0,100,1.0,1751.4465928886866,1861348.0614855443,-273.3907,3.8198777474462985e-13,3.5044917e-18,176.15,6.67572e-06,1.0
100.0,2051365.9073958243,1425.0797,0.01,100.0,0.009999998,,1.0,0.01,1.0,100,1.0,1911.0286015849786,2051365.9073958243,-259.9744,-1.546140993013978e-13,3.5044917e-18,192.08,-7.6293945e-06,1.0
100.0,2032204.9850516857,1418.4086,0.01,100.0,0.009999998,,1.0,0.01,1.0,100,1.0,1958.8109985669037,2032204.9850516855,-255.94734,-1.716671249596402e-13,3.5044917e-18,196.85,-7.6293945e-06,1.0
100.0,2240995.9801746635,1489.4918,0.01,100.0,0.009999998,,1.0,0.01,1.0,100,1.0,2003.5233711073934,2240995.9801746635,-252.17786,1.659827830735594e-13,3.5044917e-18,201.33,,1.0
100.0,2078433.2457027326,1434.4507,0.01,100.0,0.009999998,,1.0,0.01,1.0,100,1.0,1734.5498407187335,2078433.2457027326,-274.80093,2.296474121976644e-13,3.5044917e-18,174.46,7.6293945e-06,1.0
100.0,1993054.2447633888,1404.6792,0.01,100.0,0.009999998,,1.0,0.01,1.0,100,1.0,2007.5984292463525,1993054.2447633885,-251.8468,-2.5465851649641993e-13,3.5044917e-18,201.77,-7.6293945e-06,1.0
100.0,2366972.3924515685,1530.785,0.01,100.0,0.009999998,,1.0,0.01,1.0,100,1.0,2093.2241472784044,2366972.392451569,-244.629,1.2732925824820997e-13,3.5044917e-18,210.27,-2.670288e-05,1.0
100.0,1854209.0889734938,1354.8678,0.01,100.0,0.009999998,,1.0,0.01,1.0,100,1.0,2017.583223127713,1854209.0889734942,-250.99216,1.341504685115069e-13,3.5044917e-18,202.79,3.8146973e-06,1.0
100.0,2290540.156187954,1505.8667,0.01,100.0,0.009999998,,1.0,0.01,1.0,100,1.0,2023.2392244131934,2290540.156187954,-250.52805,-1.1823431123048067e-13,3.5044917e-18,203.28,-1.1444092e-05,1.0
100.0,2201515.0045093363,1476.313,0.01,100.0,0.009999998,,1.0,0.01,1.0,100,1.0,2204.2055397913064,2201515.0045093363,-235.29433,-3.183231456205249e-14,3.5044917e-18,221.39,7.6293945e-06,1.0
100.0,2089457.8129997223,1438.25,0.01,100.0,0.009999998,,1.0,0.01,1.0,100,1.0,2083.7095895993584,2089457.812999723,-245.4412,1.887201506178826e-13,3.5044917e-18,209.35,-7.6293945e-06,1.0
100.0,2151720.6787566743,1459.5217,0.01,100.0,0.009999998,,1.0,0.01,1.0,100,1.0,2007.737413939579,2151720.6787566743,-251.83519,8.640199666842818e-14,3.5044917e-18,201.74,-1.9073486e-06,1.0
100.0,2175391.6584688867,1467.5277,0.01,100.0,0.009999998,,1.0,0.01,1.0,100,1.0,1990.5201041747114,2175391.6584688867,-253.28052,-1.1368683772161604e-14,3.5044917e-18,200.05,-1.1444092e-05,1.0
100.0,2080758.355734437,1435.2528,0.01,100.0,0.009999998,,1.0,0.01,1.0,100,1.0,2145.6791032726514,2080758.355734437,-240.21718,-1.1141310096718371e-13,3.5044917e-18,215.58,-5.722046e-06,1.0
100.0,1918257.0874997566,1378.0691,0.01,100.0,0.009999998,,1.0,0.01,1.0,100,1.0,1991.1994173861299,1918257.0874997566,-253.21646,-1.3528733688872307e-13,3.5044917e-18,200.12,1.1444092e-05,1.0
100.0,1572688.734116393,1247.7828,0.01,100.0,0.009999998,,1.0,0.01,1.0,100,1.0,1672.941689867408,1572688.7341163927,-280.0092,6.434675015043467e-13,3.5044917e-18,168.3,7.6293945e-06,1.0
100.0,1819057.459916377,1341.9637,0.01,100.0,0.009999998,,1.0,0.01,1.0,100,1.0,2112.0720798279403,1819057.459916377,-243.05147,-1.4551915228366852e-13,3.5044917e-18,212.21,2.2888184e-05,1.0
100.0,1863910.9192606364,1358.4078,0.01,100.0,0.009999998,,1.0,0.01,1.0,100,1.0,1962.5912221618316,1863910.9192606364,-255.60713,-2.0463630789890885e-14,3.5044917e-18,197.27,3.8146973e-06,1.0
100.0,2017025.2953783723,1413.1012,0.01,100.0,0.009999998,,1.0,0.01,1.0,100,1.0,1901.021680195753,2017025.2953783723,-260.80304,-9.094947017729283e-15,3.5044917e-18,191.1,-1.1444092e-05,1.0
100.0,2321226.5092734694,1515.9202,0.01,100.0,0.009999998,,1.0,0.01,1.0,100,1.0,2022.121334496815,2321226.5092734694,-250.62459,,3.5044917e-18,203.19,7.6293945e-06,1.0
100.0,1718880.549851216,1304.4891,0.01,100.0,0.009999998,,1.0,0.01,1.0,100,1.0,2014.1826674393735,1718880.549851216,-251.2829,1.9326762412674726e-14,3.5044917e-18,202.43,3.8146973e-06,1.0
100.0,2072698.3096508987,1432.4705,0.01,100.0,0.009999998,,1.0,0.01,1.0,100,1.0,1964.0035348861782,2072698.3096508987,-255.49585,-1.4551915228366852e-13,3.5044917e-18,197.41,,1.0
100.0,1680755.344598147,1289.9409,0.01,100.0,0.009999998,,1.0,0.01,1.0,100,1.0,1852.0127765796121,1680755.3445981466,-264.92023,-1.8644641386345028e-13,3.5044917e-18,186.22,-3.8146973e-06,1.0
100.0,1725766.984834733,1307.0995,0.01,100.0,0.009999998,,1.0,0.01,1.0,100,1.0,2071.9644218827943,1725766.9848347334,-246.4233,1.523403625469655e-13,3.5044917e-18,208.21,-7.6293945e-06,1.0
100.0,1796267.589780367,1333.531,0.01,100.0,0.009999998,,1.0,0.01,1.0,100,1.0,1757.1508194223286,1796267.589780367,-272.91797,-2.4783730623312296e-13,3.5044917e-18,176.72,4.7683716e-06,1.0
100.0,2172916.8587520495,1466.6927,0.01,100.0,0.009999998,,1.0,0.01,1.0,100,1.0,2088.3947718977506,2172916.8587520495,-245.04688,-5.0022208597511053e-14,3.5044917e-18,209.85,-1.5258789e-05,1.0
100.0,2434354.8649930186,1552.4211,0.01,100.0,0.009999998,,1.0,0.01,1.0,100,1.0,2189.717574601092,2434354.8649930186,-236.51382,-2.3646862246096135e-13,3.5044917e-18,219.93,,1.0
100.0,1720551.1433673878,1305.1229,0.01,100.0,0.009999998,,1.0,0.01,1.0,100,1.0,2070.580698331272,1720551.143367388,-246.54253,-5.229594535194337e-13,3.5044917e-18,208.06,1.9073486e-06,1.0
100.0,1920020.737806028,1378.7025,0.01,100.0,0.009999998,,1.0,0.01,1.0,100,1.0,1906.3180809405133,1920020.737806028,-260.35992,-1.5916157281026246e-14,3.5044917e-18,191.63,1.1444092e-05,1.0
100.0,2021653.7776182715,1414.7216,0.01,100.0,0.009999998,,1.0,0.01,1.0,100,1.0,2048.9079449785486,2021653.7776182715,-248.37012,-4.5474735088646414e-14,3.5044917e-18,205.89,-6.198883e-06,1.0
100.0,2421268.2173695713,1548.2428,0.01,100.0,0.009999998,,1.0,0.01,1.0,100,1.0,2020.36697245375,2421268.217369572,-250.77225,2.1145751816220583e-13,3.5044917e-18,202.98,5.722046e-06,1.0
100.0,1912038.1771273653,1375.8336,0.01,100.0,0.009999998,,1.0,0.01,1.0,100,1.0,1873.9441470894228,1912038.1771273653,-263.0954,1.0459189070388675e-13,3.5044917e-18,188.37,,1.0
100.0,1850512.2443475754,1353.5165,0.01,100.0,0.009999998,,1.0,0.01,1.0,100,1.0,1646.081199830737,1850512.2443475754,-282.27292,-1.77351466845721e-13,3.5044917e-18,165.6,-6.67572e-06,1.0
100.0,2032477.5836089842,1418.5037,0.01,100.0,0.009999998,,1.0,0.01,1.0,100,1.0,1979.0988289307322,2032477.5836089847,-254.23717,1.8189894035458566e-13,3.5044917e-18,198.92,1.9073486e-06,1.0
100.0,2110421.118752623,1445.4469,0.01,100.0,0.009999998,,1.0,0.01,1.0,100,1.0,2022.1111585604945,2110421.118752623,-250.61014,-2.501110429875553e-13,3.5044917e-18,203.2,-5.722046e-06,1.0
100.0,1846894.683582703,1352.193,0.01,100.0,0.009999998,,1.0,0.01,1.0,100,1.0,1908.702664516093,1846894.683582703,-260.15402,1.0913936421275138e-13,3.5044917e-18,191.89,-3.8146973e-06,1.0
100.0,2023640.940694655,1415.4169,0.01,100.0,0.009999998,,1.0,0.01,1.0,100,1.0,1934.323933620749,2023640.940694655,-258.0092,9.094947017729283e-14,3.5044917e-18,194.44,1.04904175e-05,1.0
100.0,1901829.666157517,1372.1558,0.01,100.0,0.009999998,,1.0,0.01,1.0,100,1.0,1916.2927970104633,1901829.666157517,-259.51852,-3.3878677641041577e-13,3.5044917e-18,192.64,1.1444092e-05,1.0
100.0,1765460.7649440642,1322.0461,0.01,100.0,0.009999998,,1.0,0.01,1.0,100,1.0,1686.7491466531446,1765460.7649440642,-278.85022,-5.911715561524034e-14,3.5044917e-18,169.68,-1.9073486e-06,1.0
100.0,2235261.0111779715,1487.5848,0.01,100.0,0.009999998,,1.0,0.01,1.0,100,1.0,1996.220620868961,2235261.0111779715,-252.80443,4.092726157978177e-14,3.5044917e-18,200.62,-9.536743e-07,1.0
100.0,2241602.5544669656,1489.6935,0.01,100.0,0.009999998,,1.0,0.01,1.0,100,1.0,2162.5017857232933,2241602.5544669656,-238.8099,3.501554601825774e-13,3.5044917e-18,217.21,-3.8146973e-06,1.0
100.0,1568085.9614988768,1245.9556,0.01,100.0,0.009999998,,1.0,0.01,1.0,100,1.0,1829.0101338760328,1568085.9614988768,-266.87366,-5.2295945351943376e-14,3.5044917e-18,183.91,9.536743e-06,1.0
100.0,2210956.9788509137,1479.4753,0.01,100.0,0.009999998,,1.0,0.01,1.0,100,1.0,2101.0038107067994,2210956.9788509137,-243.9762,-2.7966962079517543e-13,3.5044917e-18,211.09,-2.0980835e-05,1.0
100.0,2151011.924367976,1459.2812,0.01,100.0,0.009999998,,1.0,0.01,1.0,100,1.0,2118.9993586776172,2151011.9243679754,-242.46175,-1.1596057447604835e-13,3.5044917e-18,212.89,-9.536743e-07,1.0
100.0,2464397.7047625016,1561.9711,0.01,100.0,0.009999998,,1.0,0.01,1.0,100,1.0,2060.227952665235,2464397.704762501,-247.40906,-1.7280399333685637e-13,3.5044917e-18,207.02,-3.8146973e-06,1.0
100.0,1937178.0436141016,1384.8489,0.01,100.0,0.009999998,,1.0,0.01,1.0,100,1.0,1941.2091611113158,1937178.043614101,-257.4153,-1.9099388737231492e-13,3.5044917e-18,195.12,-2.0980835e-05,1.0
100.0,2027829.2655153924,1416.8807,0.01,100.0,0.009999998,,1.0,0.01,1.0,100,1.0,1994.005771202005,2027829.2655153922,-252.9769,-2.1600499167107045e-13,3.5044917e-18,200.42,3.8146973e-06,1.0
100.0,2321965.4997794274,1516.1615,0.01,100.0,0.009999998,,1.0,0.01,1.0,100,1.0,2207.384987623451,2321965.4997794274,-235.03,-2.205524651799351e-13,3.5044917e-18,221.75,3.8146973e-06,1.0
100.0,2407779.904040555,1543.9243,0.01,100.0,0.009999998,,1.0,0.01,1.0,100,1.0,2084.940722298817,2407779.904040555,-245.33755,-4.661160346586257e-13,3.5044917e-18,209.45,5.722046e-06,1.0
100.0,2140684.0102879377,1455.7738,0.01,100.0,0.009999998,,1.0,0.01,1.0,100,1.0,2107.004491102818,2140684.0102879377,-243.47708,7.048583938740194e-14,3.5044917e-18,211.68,1.9073486e-06,1.0
100.0,1944002.2320517788,1387.2859,0.01,100.0,0.009999998,,1.0,0.01,1.0,100,1.0,1843.758686147322,1944002.2320517788,-265.63596,2.9331204132176936e-13,3.5044917e-18,185.36,-3.8146973e-06,1.0
100.0,2029474.9215216914,1417.4556,0.01,100.0,0.009999998,,1.0,0.01,1.0,100,1.0,2026.3030624760195,2029474.9215216916,-250.26483,3.797140379901975e-13,3.5044917e-18,203.63,-1.8119812e-05,1.0
100.0,1834947.5860738428,1347.8124,0.01,100.0,0.009999998,,1.0,0.01,1.0,100,1.0,1800.6354756924547,1834947.5860738428,-269.26523,7.275957614183426e-14,3.5044917e-18,181.07,9.059906e-06,1.0
100.0,2176669.052876378,1467.9586,0.01,100.0,0.009999998,,1.0,0.01,1.0,100,1.0,1930.4468745315348,2176669.0528763775,-258.33612,2.4783730623312296e-13,3.5044917e-18,194.03,-1.9073486e-06,1.0
100.0,1991054.2196823163,1403.9741,0.01,100.0,0.009999998,,1.0,0.01,1.0,100,1.0,1957.1972485983872,1991054.2196823163,-256.08087,1.1368683772161603e-13,3.5044917e-18,196.74,2.2888184e-05,1.0
100.0,1983155.4770116825,1401.1866,0.01,100.0,0.009999998,,1.0,0.01,1.0,100,1.0,1936.4263576787814,1983155.4770116825,-257.83032,-2.7284841053187846e-14,3.5044917e-18,194.63,1.9073486e-06,1.0
100.0,1876137.7990227581,1362.856,0.01,100.0,0.009999998,,1.0,0.01,1.0,100,1.0,2184.1643337396563,1876137.7990227581,-236.9809,5.2295945351943376e-14,3.5044917e-18,219.43,-5.722046e-06,1.0
100.0,1648636.3867955415,1277.5563,0.01,100.0,0.009999998,,1.0,0.01,1.0,100,1.0,1770.5082636012633,1648636.3867955413,-271.80087,-4.376943252282217e-13,3.5044917e-18,178.07,5.2452087e-06,1.0
100.0,2152434.39410334,1459.7637,0.01,100.0,0.009999998,,1.0,0.01,1.0,100,1.0,2019.2008334335883,2152434.39410334,-250.86572,1.1368683772161603e-13,3.5044917e-18,202.91,1.9073486e-05,1.0
100.0,2030680.5635052456,1417.8766,0.01,100.0,0.009999998,,1.0,0.01,1.0,100,1.0,1937.5076893839062,2030680.5635052456,-257.72653,2.5011104298755527e-14,3.5044917e-18,194.76,9.536743e-07,1.0
100.0,1985695.4885305816,1402.0836,0.01,100.0,0.009999998,,1.0,0.01,1.0,100,1.0,2099.501236507711,1985695.4885305816,-244.1091,-1.1823431123048067e-13,3.5044917e-18,210.94,1.9073486e-06,1.0
100.0,2219891.6361647677,1482.4617,0.01,100.0,0.009999998,,1.0,0.01,1.0,100,1.0,1962.0397488037215,2219891.6361647677,-255.67566,3.1832314562052486e-13,3.5044917e-18,197.18,1.335144e-05,1.0
100.0,2168530.2660538587,1465.2115,0.01,100.0,0.009999998,,1.0,0.01,1.0,100,1.0,2055.221617408195,2168530.2660538587,-247.83458,-1.1823431123048067e-13,3.5044917e-18,206.49,7.6293945e-06,1.0
100.0,1833372.8920855885,1347.2339,0.01,100.0,0.009999998,,1.0,0.01,1.0,100,1.0,1862.1412331181916,1833372.892085589,-264.08554,-4.0245140553452075e-13,3.5044917e-18,187.19,-9.536743e-06,1.0
100.0,2154708.3828644985,1460.5345,0.01,100.0,0.009999998,,1.0,0.01,1.0,100,1.0,2129.898666382465,2154708.382864499,-241.54912,1.8644641386345028e-13,3.5044917e-18,213.99,-1.5258789e-05,1.0
100.0,2066400.6870496147,1430.2925,0.01,100.0,0.009999998,,1.0,0.01,1.0,100,1.0,1899.6295473296707,2066400.6870496143,-260.91922,3.637978807091713e-13,3.5044917e-18,190.94,3.8146973e-06,1.0
100.0,1926166.0040137672,1380.9071,0.01,100.0,0.009999998,,1.0,0.01,1.0,100,1.0,1750.947928442394,1926166.0040137672,-273.43884,1.8189894035458565e-14,3.5044917e-18,176.11,-1.4305115e-06,1.0
100.0,2422004.503152377,1548.4781,0.01,100.0,0.009999998,,1.0,0.01,1.0,100,1.0,2172.8336598125006,2422004.503152377,-237.93765,1.3642420526593923e-14,3.5044917e-18,218.22,,1.0
100.0,1766929.9302733962,1322.5961,0.01,100.0,0.009999998,,1.0,0.01,1.0,100,1.0,1939.8859593002987,1766929.9302733962,-257.5331,-4.547473508864641e-15,3.5044917e-18,195.01,-6.67572e-06,1.0
100.0,2166377.1032881937,1464.484,0.01,100.0,0.009999998,,1.0,0.01,1.0,100,1.0,2040.7959373698989,2166377.1032881937,-249.0362,5.093170329928399e-13,3.5044917e-18,205.09,-1.04904175e-05,1.0
100.0,2238670.0751922303,1488.7188,0.01,100.0,0.009999998,,1.0,0.01,1.0,100,1.0,2277.890817086448,2238670.0751922303,-229.09842,1.4551915228366852e-13,3.5044917e-18,228.75,,1.0
100.0,1752506.4839704377,1317.187,0.01,100.0,0.009999998,,1.0,0.01,1.0,100,1.0,1639.2509167369326,1752506.4839704377,-282.84195,8.981260180007667e-14,3.5044917e-18,164.93,1.9073486e-05,1.0
100.0,1973482.6506262855,1397.7653,0.01,100.0,0.009999998,,1.0,0.01,1.0,100,1.0,2012.8040268954212,1973482.6506262855,-251.40463,7.048583938740194e-14,3.5044917e-18,202.27,-3.8146973e-06,1.0
100.0,2215100.561102762,1480.8611,0.01,100.0,0.009999998,,1.0,0.01,1.0,100,1.0,2097.8970498982685,2215100.561102762,-244.23653,-4.661160346586257e-13,3.5044917e-18,210.77,3.8146973e-06,1.0
100.0,2037554.4598450365,1420.2742,0.01,100.0,0.009999998,,1.0,0.01,1.0,100,1.0,1960.418272128076,2037554.459845037,-255.8176,5.275069270282983e-13,3.5044917e-18,197.03,-1.04904175e-05,1.0
100.0,2005700.1396596804,1409.1285,0.01,100.0,0.009999998,,1.0,0.01,1.0,100,1.0,2052.8947411287627,2005700.1396596804,-248.028,-4.2064129956997933e-13,3.5044917e-18,206.27,-2.0980835e-05,1.0
100.0,2312810.7573117134,1513.1697,0.01,100.0,0.009999998,,1.0,0.01,1.0,100,1.0,2215.699888406993,2312810.757311714,-234.32841,2.0008883439004421e-13,3.5044917e-18,222.54,-3.0994415e-06,1.0
100.0,2042722.050433017,1422.0741,0.01,100.0,0.009999998,,1.0,0.01,1.0,100,1.0,2067.1971117117723,2042722.050433017,-246.82465,-8.86757334228605e-14,3.5044917e-18,207.71,1.335144e-05,1.0
100.0,2227380.1996427267,1484.9601,0.01,100.0,0.009999998,,1.0,0.01,1.0,100,1.0,1898.850552446965,2227380.199642726,-260.99496,-4.865796654485166e-13,3.5044917e-18,190.86,,1.0
100.0,2246519.386636568,1491.3263,0.01,100.0,0.009999998,,1.0,0.01,1.0,100,1.0,2151.0955400183943,2246519.386636568,-239.76521,3.865352482534945e-13,3.5044917e-18,216.1,-3.8146973e-06,1.0
100.0,2261244.6988952584,1496.2058,0.01,100.0,0.009999998,,1.0,0.01,1.0,100,1.0,2128.5322472040825,2261244.6988952584,-241.66884,7.958078640513122e-14,3.5044917e-18,213.8,-8.583069e-06,1.0
100.0,1718537.8624324838,1304.359,0.01,100.0,0.009999998,,1.0,0.01,1.0,100,1.0,2058.869460604725,1718537.8624324838,-247.51657,-2.5011104298755527e-14,3.5044917e-18,206.88,3.8146973e-06,1.0
100.0,1576678.8373044191,1249.3646,0.01,100.0,0.009999998,,1.0,0.01,1.0,100,1.0,1630.1352506792155,1576678.8373044191,-283.60025,1.6370904631912708e-13,3.5044917e-18,164.03,-3.8146973e-06,1.0
100.0,1842487.6500338758,1350.5786,0.01,100.0,0.009999998,,1.0,0.01,1.0,100,1.0,1866.2166077827603,1842487.650033876,-263.72318,1.2505552149377764e-13,3.5044917e-18,187.62,-3.8146973e-06,1.0
100.0,1392604.2833499662,1174.1713,0.01,100.0,0.009999998,,1.0,0.01,1.0,100,1.0,1591.3320799300732,1392604.2833499662,-286.83557,-3.524291969370097e-14,3.5044917e-18,160.18,2.2888184e-05,1.0
100.0,2244189.950254356,1490.553,0.01,100.0,0.009999998,,1.0,0.01,1.0,100,1.0,2238.1944852723614,2244189.9502543556,-232.43935,-5.707079253625124e-13,3.5044917e-18,224.8,,1.0
100.0,2095411.8471550664,1440.2979,0.01,100.0,0.009999998,,1.0,0.01,1.0,100,1.0,1877.1450449327126,2095411.8471550671,-262.82394,1.20508047984913e-13,3.5044917e-18,188.7,,1.0
100.0,2031815.015075809,1418.2725,0.01,100.0,0.009999998,,1.0,0.01,1.0,100,1.0,1965.9042359070195,2031815.015075809,-255.35587,2.2737367544323207e-14,3.5044917e-18,197.59,3.8146973e-06,1.0
100.0,2223970.6577296234,1483.823,0.01,100.0,0.009999998,,1.0,0.01,1.0,100,1.0,1954.328748602485,2223970.657729624,-256.30066,2.2509993868879974e-13,3.5044917e-18,196.41,-1.1444092e-05,1.0
100.0,1912161.6225742144,1375.8779,0.01,100.0,0.009999998,,1.0,0.01,1.0,100,1.0,1936.2070665169356,1912161.6225742144,-257.83896,3.183231456205249e-14,3.5044917e-18,194.62,-9.536743e-06,1.0
100.0,1774464.7037979376,1325.4131,0.01,100.0,0.009999998,,1.0,0.01,1.0,100,1.0,1839.512368734724,1774464.7037979376,-265.97073,-1.5916157281026243e-13,3.5044917e-18,184.97,9.536743e-06,1.0
100.0,2318586.506951496,1515.0579,0.01,100.0,0.009999998,,1.0,0.01,1.0,100,1.0,2207.4007552142725,2318586.506951496,-235.024,4.547473508864641e-15,3.5044917e-18,221.7,-9.536743e-06,1.0
100.0,2222600.3938585715,1483.3658,0.01,100.0,0.009999998,,1.0,0.01,1.0,100,1.0,2187.1040727817253,2222600.393858571,-236.73196,5.456968210637569e-13,3.5044917e-18,219.68,-9.536743e-06,1.0
100.0,1945458.854559808,1387.8055,0.01,100.0,0.009999998,,1.0,0.01,1.0,100,1.0,2068.781536202055,1945458.8545598078,-246.69109,5.138645065017044e-13,3.5044917e-18,207.89,7.6293945e-06,1.0
100.0,2351902.0263008126,1525.904,0.01,100.0,0.009999998,,1.0,0.01,1.0,100,1.0,2233.2996092716094,2351902.026300813,-232.84248,-3.8198777474462985e-13,3.5044917e-18,224.28,-5.722046e-06,1.0
100.0,2415106.083926415,1546.2714,0.01,100.0,0.009999998,,1.0,0.01,1.0,100,1.0,2107.7191675314343,2415106.083926415,-243.40607,4.1154635255225004e-13,3.5044917e-18,211.76,-3.8146973e-06,1.0
100.0,2211785.6962486906,1479.7527,0.01,100.0,0.009999998,,1.0,0.01,1.0,100,1.0,1930.7421314161577,2211785.6962486906,-258.31525,1.1368683772161604e-14,3.5044917e-18,194.06,7.6293945e-06,1.0
100.0,1875802.5562305348,1362.7343,0.01,100.0,0.009999998,,1.0,0.01,1.0,100,1.0,1757.9499748891249,1875802.5562305348,-272.85168,1.659827830735594e-13,3.5044917e-18,176.79,9.536743e-06,1.0
100.0,1801854.5797435797,1335.6033,0.01,100.0,0.009999998,,1.0,0.01,1.0,100,1.0,1849.3142234040415,1801854.5797435797,-265.15298,3.6493474908638745e-13,3.5044917e-18,185.95,-5.722046e-06,1.0
100.0,1812628.6806138505,1339.5903,0.01,100.0,0.009999998,,1.0,0.01,1.0,100,1.0,1970.190936397663,1812628.6806138505,-254.99516,2.0463630789890885e-14,3.5044917e-18,198.05,3.8146973e-06,1.0
100.0,2173152.454468214,1466.7723,0.01,100.0,0.009999998,,1.0,0.01,1.0,100,1.0,1965.8314779811853,2173152.454468214,-255.36206,1.2278178473934532e-13,3.5044917e-18,197.57,3.4332275e-05,1.0
100.0,1697514.7880043646,1296.3562,0.01,100.0,0.009999998,,1.0,0.01,1.0,100,1.0,1785.3233641729544,1697514.7880043648,-270.5477,4.61568561149761e-13,3.5044917e-18,179.53,9.536743e-06,1.0
100.0,2002657.6419370465,1408.0593,0.01,100.0,0.009999998,,1.0,0.01,1.0,100,1.0,2135.285662146296,2002657.6419370463,-241.10037,2.6147972675971685e-13,3.5044917e-18,214.51,1.66893e-06,1.0
100.0,2050843.0582205218,1424.8981,0.01,100.0,0.009999998,,1.0,0.01,1.0,100,1.0,1878.0296302834938,2050843.0582205213,-262.74753,-1.2732925824820997e-13,3.5044917e-18,188.81,1.9073486e-06,1.0
100.0,2031390.881941193,1418.1245,0.01,100.0,0.009999998,,1.0,0.01,1.0,100,1.0,1930.4222707154374,2031390.881941193,-258.3421,-9.663381206337362e-14,3.5044917e-18,194.03,7.6293945e-06,1.0
100.0,2014820.6440955813,1412.3286,0.01,100.0,0.009999998,,1.0,0.01,1.0,100,1.0,1921.4136518141895,2014820.6440955813,-259.08963,-2.5465851649641993e-13,3.5044917e-18,193.16,-1.1444092e-05,1.0
100.0,2472446.2317840303,1564.5197,0.01,100.0,0.009999998,,1.0,0.01,1.0,100,1.0,2223.8007685901484,2472446.2317840303,-233.65079,3.183231456205249e-14,3.5044917e-18,223.35,1.1444092e-05,1.0
100.0,1841085.0203627243,1350.0646,0.01,100.0,0.009999998,,1.0,0.01,1.0,100,1.0,2076.3748345569425,1841085.0203627243,-246.02592,-6.8212102632969615e-15,3.5044917e-18,208.67,1.04904175e-05,1.0
100.0,2177125.2512969007,1468.1124,0.01,100.0,0.009999998,,1.0,0.01,1.0,100,1.0,2203.190665449803,2177125.2512969007,-235.36465,-3.092281986027956e-13,3.5044917e-18,221.29,2.861023e-06,1.0
100.0,2062445.9901500214,1428.9231,0.01,100.0,0.009999998,,1.0,0.01,1.0,100,1.0,1968.0101995293846,2062445.9901500214,-255.16797,9.549694368615746e-14,3.5044917e-18,197.8,-7.1525574e-06,1.0
100.0,2124744.5046906653,1450.3438,0.01,100.0,0.009999998,,1.0,0.01,1.0,100,1.0,1831.2427610108464,2124744.5046906658,-266.6832,-4.411049303598702e-13,3.5044917e-18,184.13,2.861023e-06,1.0
100.0,2150298.5148351425,1459.0393,0.01,100.0,0.009999998,,1.0,0.01,1.0,100,1.0,1948.4348875658068,2150298.5148351425,-256.8262,6.821210263296962e-14,3.5044917e-18,195.82,,1.0
100.0,2188805.446121625,1472.0453,0.01,100.0,0.009999998,,1.0,0.01,1.0,100,1.0,1911.9269152691027,2188805.446121625,-259.88742,-7.73070496506989e-14,3.5044917e-18,192.18,,1.0
100.0,2369615.2681938303,1531.6393,0.01,100.0,0.009999998,,1.0,0.01,1.0,100,1.0,2308.680395383938,2369615.2681938303,-226.49905,-1.4551915228366852e-13,3.5044917e-18,231.86,-1.335144e-05,1.0
100.0,2332665.1814268194,1519.6508,0.01,100.0,0.009999998,,1.0,0.01,1.0,100,1.0,2158.6149781701115,2332665.1814268194,-239.13693,-4.320099833421409e-14,3.5044917e-18,216.81,-1.4305115e-05,1.0
100.0,1742107.2911512079,1313.2731,0.01,100.0,0.009999998,,1.0,0.01,1.0,100,1.0,1796.9128677675526,1742107.2911512079,-269.55377,-4.831690603168681e-13,3.5044917e-18,180.72,-1.1444092e-05,1.0
100.0,1878427.860446653,1363.6875,0.01,100.0,0.009999998,,1.0,0.01,1.0,100,1.0,2003.410328729041,1878427.860446653,-252.19925,8.185452315956354e-14,3.5044917e-18,201.34,1.5258789e-05,1.0
100.0,2396168.140892272,1540.1969,0.01,100.0,0.009999998,,1.0,0.01,1.0,100,1.0,2211.816351329343,2396168.140892272,-234.65945,3.797140379901975e-13,3.5044917e-18,222.15,-1.1444092e-05,1.0
