Bound,MaxNormIw,delta,MaxVanillaIw,ESSRenyi,BatchSize,AvgRet,EpsThisIter,MinVanillaIw,VanillaAvgRet,VarJ,AvgNormIw,renyi2,AvgDiscRet,MinNormIw,VarDiscRet,ESSClassic,J,SamplesThisIter,AvgVanillaIw,VarVanillaIw,AvgEpLen,VarRet,VarNormIw,IterType
610.502,0.0454545,0.7,1.98022e+24,nan,100,50.2912327389,8292,,50.2912327389,9326.42,6.6999e-07,nan,50.2912327389,,4319.06122459,22.0000045779,91989.2,50000,2.9188e+19,inf,6.02990834539,4319.06122459,3.04536e-08,1
nan,0.0483674,0.7,5.29075e+17,nan,100,59.2467644611,7220,,59.2467644611,nan,7.69468e-07,nan,59.2467644611,,30430.6708501,10.8119426932,nan,50000,8.41695e+12,2.86862e+30,6.92520775623,30430.6708501,2.39742e-08,1
2083.65,0.0210593,0.7,2.36132e+17,nan,100,86.7351496827,5170,,86.7351496827,446070.0,1.07458e-06,nan,86.7351496827,,88689.5550488,17.8718228475,407700.0,50000,1.20489e+13,1.6225e+30,9.67117988395,88689.5550488,1.29052e-08,1
4505.72,0.0804951,0.7,2.76081e+12,nan,100,243.798650872,1972,,243.798650872,49660.8,2.81722e-06,nan,243.798650872,,599972.531998,11.9968224933,582184.0,50000,9.66246e+07,2.57747e+20,25.354969574,599972.531998,2.19109e-07,1
4367.67,0.0479508,0.7,1.06895e+12,nan,100,259.840088838,1854,,259.840088838,30590.1,2.99652e-06,nan,259.840088838,,587466.224954,9.64242667131,592067.0,50000,6.68006e+07,5.113e+19,26.9687162891,587466.224954,1.02885e-07,1
4168.72,0.0546694,0.7,7.3676e+12,nan,100,191.877075964,2478,,191.877075964,37456.8,2.24195e-06,nan,191.877075964,,364316.800515,10.4831391039,341865.0,50000,3.0214e+08,1.67158e+21,20.1775625504,364316.800515,9.20372e-08,1
nan,0.0980528,0.7,1.26946e+11,nan,100,393.708007916,1240,,393.708007916,nan,4.48029e-06,nan,393.708007916,,1167271.98249,10.0000017543,nan,50000,5.80047e+06,7.21992e+17,40.3225806452,1167271.98249,4.30743e-07,1
4554.02,0.012526,0.7,3.02931e+08,nan,100,509.333093752,964,,509.333093752,34663.2,5.76302e-06,nan,509.333093752,,1395376.19406,18.0962926598,627543.0,50000,139374.0,2.15824e+13,51.867219917,1395376.19406,3.69007e-08,1
4594.89,0.0230947,0.7,501886.0,nan,100,1205.17032047,412,,1205.17032047,18040.5,1.34844e-05,nan,1205.17032047,,3206675.80967,11.7755635716,796732.0,50000,293.038,6.30075e+07,121.359223301,3206675.80967,1.33415e-07,1
4561.45,0.0332004,0.7,1.61308e+06,nan,100,1254.26460589,396,,1254.26460589,13645.9,1.40292e-05,nan,1254.26460589,,2816614.95122,12.1091888381,799448.0,50000,681.624,5.05338e+08,126.262626263,2816614.95122,2.1407e-07,1
4599.86,0.0203696,0.7,8491.0,nan,100,2421.10664868,206,,2421.10664868,4249.78,2.69687e-05,nan,2421.10664868,,3845907.88101,9.95185395897,892535.0,50000,11.2418,20020.9,242.718446602,3845907.88101,1.15221e-07,1
4501.53,0.00232512,0.7,473.986,nan,100,2934.51830462,170,,2934.51830462,5992.91,3.26797e-05,nan,2934.51830462,,3412726.99515,3.03259921395,878643.0,50000,6.66191,466.986,294.117647059,3412726.99515,1.12373e-08,1
4436.84,0.0064535,0.7,16517.3,nan,100,1944.99268909,256,,1944.99268909,7565.98,2.17014e-05,nan,1944.99268909,,2308060.46899,7.20776726275,852026.0,50000,55.5434,150524.0,195.3125,2308060.46899,2.29783e-08,1
4461.46,0.0202816,0.7,11805.0,nan,100,2244.32094045,222,,2244.32094045,8298.41,2.5025e-05,nan,2244.32094045,,4201680.17672,11.8349629122,860610.0,50000,14.5659,43497.7,225.225225225,4201680.17672,1.28393e-07,1
nan,0.0441685,0.7,39976.5,nan,100,2111.9565889,236,,2111.9565889,nan,2.35405e-05,nan,2111.9565889,,4005499.99392,11.9981221031,nan,50000,21.3063,491525.0,211.86440678,4005499.99392,6.00013e-07,1
4614.79,0.00462693,0.7,964.184,nan,100,2625.67927016,190,,2625.67927016,5330.78,2.92398e-05,nan,2625.67927016,,4501355.39208,10.1509259226,887810.0,50000,6.09314,559.234,263.157894737,4501355.39208,1.28783e-08,1
4599.29,0.000572092,0.7,110.976,nan,100,2682.32171915,186,,2682.32171915,5123.93,2.98686e-05,nan,2682.32171915,,4216624.86806,7.25417990879,888614.0,50000,5.79396,200.845,268.817204301,4216624.86806,5.33751e-09,1
4569.8,0.000825142,0.7,486.736,nan,100,1976.85608707,252,,1976.85608707,12049.5,2.20459e-05,nan,1976.85608707,,4171782.32338,6.20149396187,848352.0,50000,13.0044,1970.52,198.412698413,4171782.32338,5.66308e-09,1
4627.29,0.00120175,0.7,194.758,nan,100,2712.30481207,184,,2712.30481207,7314.13,3.01932e-05,nan,2712.30481207,,4828984.42016,3.73737087615,883110.0,50000,4.89317,121.429,271.739130435,4828984.42016,4.62338e-09,1
4560.4,0.0146694,0.7,5226.09,nan,100,2834.71505838,176,,2834.71505838,7169.52,3.15657e-05,nan,2834.71505838,,3333103.05834,11.5897665159,874944.0,50000,11.2455,11158.0,284.090909091,3333103.05834,8.7914e-08,1
4627.54,0.00522559,0.7,656.617,nan,100,2971.60936745,168,,2971.60936745,7716.73,3.30688e-05,nan,2971.60936745,,4375539.01104,9.04093196921,880228.0,50000,4.15523,207.52,297.619047619,4375539.01104,1.31433e-08,1
nan,0.0140682,0.7,1881.13,nan,100,2868.67854445,174,,2868.67854445,nan,3.19285e-05,nan,2868.67854445,,4074031.04092,11.6259808254,nan,50000,4.26931,1454.51,287.356321839,4074031.04092,8.13504e-08,1
4613.65,0.000420791,0.7,32.9582,nan,100,3420.01807251,146,,3420.01807251,5428.87,3.80518e-05,nan,3420.01807251,,3345434.20827,5.86022652269,883239.0,50000,2.98038,29.6685,342.465753425,3345434.20827,4.83617e-09,1
4594.5,0.00293422,0.7,909.155,nan,100,2469.07171009,202,,2469.07171009,10295.4,2.75028e-05,nan,2469.07171009,,3757195.0201,5.42195913182,855079.0,50000,8.5216,816.248,247.524752475,3757195.0201,8.50221e-09,1
4627.55,0.000721408,0.7,50.0198,nan,100,3468.48678094,144,,3468.48678094,5959.12,3.85803e-05,nan,3468.48678094,,3705178.36626,4.38657792364,883261.0,50000,2.67501,21.0648,347.222222222,3705178.36626,4.38162e-09,1
4627.35,0.000432304,0.7,32.7741,nan,100,3468.54699577,144,,3468.54699577,5321.73,3.85802e-05,nan,3468.54699577,,3783275.32127,7.45755540586,886383.0,50000,2.92487,26.3614,347.222222222,3783275.32127,4.58654e-09,1
4627.83,0.000396887,0.7,39.4937,nan,100,3007.55662969,166,,3007.55662969,8016.39,3.34672e-05,nan,3007.55662969,,5316968.12857,3.71802438296,873237.0,50000,3.33028,42.2911,301.204819277,5316968.12857,4.27097e-09,1
4627.79,0.0028029,0.7,292.616,nan,100,3200.97681994,156,,3200.97681994,7170.6,3.56125e-05,nan,3200.97681994,,3971549.23391,5.39615187315,875628.0,50000,3.71786,84.4234,320.512820513,3971549.23391,7.74609e-09,1
4600.53,0.00205863,0.7,183.662,nan,100,3467.86447686,144,,3467.86447686,6116.6,3.85802e-05,nan,3467.86447686,,3735432.67939,3.74011572849,882392.0,50000,3.44197,54.9174,347.222222222,3735432.67939,6.89965e-09,1
4649.7,0.000162893,0.7,4.20355,nan,100,4462.43437798,112,3.22597e-08,4462.43437798,4559.78,4.96032e-05,nan,4462.43437798,1.25011e-12,1665193.81653,2.44514750687,890197.0,50000,1.28004,1.12205,446.428571429,1665193.81653,1.68495e-09,1
4627.12,0.00913517,0.7,1749.87,nan,100,2868.77647855,174,,2868.77647855,8213.32,3.19285e-05,nan,2868.77647855,,4389249.25539,11.2394666271,870373.0,50000,6.11601,1465.18,287.356321839,4389249.25539,3.9931e-08,1
4650.33,0.00304222,0.7,194.664,nan,100,3517.56155524,142,,3517.56155524,7728.78,3.91236e-05,nan,3517.56155524,,4142739.66945,10.1303457505,876673.0,50000,2.50343,29.4862,352.112676056,4142739.66945,7.20156e-09,1
4602.23,0.000298378,0.7,13.9088,nan,100,4095.08655056,122,5.28589e-17,4095.08655056,5108.28,4.55373e-05,nan,4095.08655056,1.13395e-21,2008906.67587,3.11945141214,882131.0,50000,2.12271,9.07235,409.836065574,2008906.67587,4.17517e-09,1
4622.23,0.00289677,0.7,290.564,nan,100,3119.93698927,160,,3119.93698927,9177.8,3.47222e-05,nan,3119.93698927,,4181227.31469,8.02168477025,864787.0,50000,3.48285,83.6995,312.5,4181227.31469,8.31893e-09,1
4601.06,0.000342534,0.7,17.0654,nan,100,4095.0028172,122,3.59784e-17,4095.0028172,4911.68,4.55373e-05,nan,4095.0028172,7.22154e-22,1930230.65797,3.63723617228,883765.0,50000,2.26871,11.7142,409.836065574,1930230.65797,4.71942e-09,1
4627.38,0.00137776,0.7,86.3938,nan,100,3728.13534999,134,,3728.13534999,6712.79,4.14594e-05,nan,3728.13534999,,2453188.53401,4.08473276878,875812.0,50000,2.59975,20.1363,373.134328358,2453188.53401,5.12108e-09,1
4629.55,0.0227176,0.7,4750.06,nan,100,3007.47917961,166,,3007.47917961,9624.7,3.34672e-05,nan,3007.47917961,,4949725.78295,6.42838830573,863460.0,50000,6.99772,16918.1,301.204819277,4949725.78295,3.86971e-07,1
4600.59,0.0044692,0.7,272.52,nan,100,3727.16614761,134,,3727.16614761,8500.87,4.14594e-05,nan,3727.16614761,,3039700.48441,10.4657041318,864744.0,50000,2.52809,51.7641,373.134328358,3039700.48441,1.39216e-08,1
4575.89,0.00813439,0.7,846.199,nan,100,2971.02809415,168,,2971.02809415,11852.7,3.30688e-05,nan,2971.02809415,,4138411.96764,11.8650344023,832149.0,50000,3.44006,561.07,297.619047619,4138411.96764,5.18467e-08,1
4564.77,0.00774551,0.7,1242.93,nan,100,3158.92152866,158,,3158.92152866,9796.11,3.51617e-05,nan,3158.92152866,,3683322.16372,14.4158997654,850470.0,50000,5.64243,1207.54,316.455696203,3683322.16372,4.6893e-08,1
4656.62,0.000150309,0.7,3.25167,nan,100,4462.46796552,112,2.41429e-07,4462.46796552,6194.45,4.96032e-05,nan,4462.46796552,1.11601e-11,2254428.64754,1.86276062819,887347.0,50000,1.07308,0.480807,446.428571429,2254428.64754,1.02737e-09,1
4671.88,5.58347e-05,0.7,1.00501,nan,100,4999.16174308,100,0.994067,4999.16174308,1.67584,5.55556e-05,nan,4999.16174308,5.52268e-05,0.0157644910702,0.555889046493,899849.0,50000,0.999985,3.97693e-07,500.0,0.0157644910702,1.22749e-15,1
4621.54,0.00071001,0.7,29.8026,nan,100,4094.92855147,122,,4094.92855147,5099.41,4.55373e-05,nan,4094.92855147,,2119183.72467,4.38066503898,884944.0,50000,1.91143,7.65757,409.836065574,2119183.72467,4.34622e-09,1
4604.25,0.00286346,0.7,174.136,nan,100,3727.31710992,134,5.31689e-34,3727.31710992,7418.43,4.14594e-05,nan,3727.31710992,8.74303e-39,3160367.09575,5.68617213847,871498.0,50000,2.52126,30.1738,373.134328358,3160367.09575,8.15904e-09,1
4660.67,0.00028124,0.7,10.3293,nan,100,3843.21443095,130,2.58439e-16,3843.21443095,9708.57,4.2735e-05,nan,3843.21443095,7.03663e-21,4389736.29273,3.12492574965,871319.0,50000,1.56956,2.8553,384.615384615,4389736.29273,2.11673e-09,1
4653.76,0.000240006,0.7,8.07083,nan,100,4164.30615422,120,1.38066e-25,4164.30615422,6835.44,4.62963e-05,nan,4164.30615422,4.10572e-30,2393550.92873,4.83377718263,881136.0,50000,1.55683,2.75673,416.666666667,2393550.92873,2.43783e-09,1
4622.18,0.000712778,0.7,64.3532,nan,100,3119.9640626,160,,3119.9640626,10141.6,3.47222e-05,nan,3119.9640626,,4725167.63338,4.6556187658,859263.0,50000,3.1349,37.757,312.5,4725167.63338,4.63196e-09,1
4633.08,0.000924189,0.7,45.3976,nan,100,3728.17733029,134,2.33336e-34,3728.17733029,9387.65,4.14594e-05,nan,3728.17733029,4.75018e-39,3658436.64653,2.65027134751,866402.0,50000,2.03655,8.30167,373.134328358,3658436.64653,3.44049e-09,1
4653.67,0.000166084,0.7,4.35429,nan,100,4543.71093628,110,5.91219e-09,4543.71093628,3802.09,5.05051e-05,nan,4543.71093628,2.25507e-13,1076014.74752,2.6110090908,890960.0,50000,1.32411,1.30687,454.545454545,1076014.74752,1.90133e-09,1
4627.31,0.00079137,0.7,59.4786,nan,100,3420.8984005,146,2.35118e-34,3420.8984005,9739.13,3.80518e-05,nan,3420.8984005,3.12827e-39,4024092.34469,3.49120828229,861252.0,50000,2.85993,25.0182,342.465753425,4024092.34469,4.42888e-09,1
4649.66,0.000203697,0.7,5.26501,nan,100,4462.32882672,112,1.03968e-12,4462.32882672,4895.42,4.96032e-05,nan,4462.32882672,4.02239e-17,1262776.55001,2.42152388443,886517.0,50000,1.28211,1.27448,446.428571429,1262776.55001,1.90768e-09,1
4649.68,0.000850962,0.7,31.0477,nan,100,4029.56619776,124,1.82334e-25,4029.56619776,8430.18,4.48029e-05,nan,4029.56619776,4.99744e-30,3080088.85673,3.11540120286,873447.0,50000,1.63465,3.43683,403.225806452,3080088.85673,2.58179e-09,1
4649.69,0.000197429,0.7,4.74471,nan,100,4462.39866336,112,8.41309e-08,4462.39866336,5711.91,4.96032e-05,nan,4462.39866336,3.50071e-12,1777741.44378,2.55885770355,886600.0,50000,1.19209,0.978332,446.428571429,1777741.44378,1.6939e-09,1
4671.93,5.58727e-05,0.7,1.00571,nan,100,4999.20722392,100,0.994825,4999.20722392,0.954,5.55556e-05,nan,4999.20722392,5.52681e-05,0.00510210405549,0.555964355065,899857.0,50000,0.999999,3.13987e-07,500.0,0.00510210405549,9.69099e-16,1
4647.56,0.000390588,0.7,13.2407,nan,100,4095.74873112,122,4.29174e-15,4095.74873112,6533.5,4.55373e-05,nan,4095.74873112,1.26602e-19,2511276.1283,3.0444703854,880562.0,50000,1.54369,3.08245,409.836065574,2511276.1283,2.68232e-09,1
4627.84,0.000865052,0.7,67.1642,nan,100,3517.50902006,142,,3517.50902006,8957.18,3.91236e-05,nan,3517.50902006,,3292389.12983,3.86987934279,863929.0,50000,3.03763,29.2586,352.112676056,3292389.12983,4.85358e-09,1
4649.56,0.000180814,0.7,4.59322,nan,100,4462.54800496,112,5.56177e-15,4462.54800496,4773.95,4.96032e-05,nan,4462.54800496,2.18941e-19,1284066.87847,2.79850805797,887475.0,50000,1.26007,1.16198,446.428571429,1284066.87847,1.80066e-09,1
4627.85,0.000399262,0.7,17.0787,nan,100,4095.84137723,122,3.72352e-31,4095.84137723,8020.77,4.55373e-05,nan,4095.84137723,8.70478e-36,2358261.53721,3.8042025288,871080.0,50000,1.94789,5.92652,409.836065574,2358261.53721,3.23897e-09,1
4671.92,5.60018e-05,0.7,1.00802,nan,100,4999.1981823,100,0.991257,4999.1981823,2.31233,5.55556e-05,nan,4999.1981823,5.50705e-05,0.0300045534594,0.555977679949,899856.0,50000,0.999988,6.24454e-07,500.0,0.0300045534594,1.92737e-15,1
4671.85,5.59106e-05,0.7,1.0064,nan,100,4999.1262473,100,0.996158,4999.1262473,1.46156,5.55556e-05,nan,4999.1262473,5.53417e-05,0.0119800015475,0.556407970444,899843.0,50000,1.00001,1.41916e-07,500.0,0.0119800015475,4.38008e-16,1
4632.86,0.000218223,0.7,6.09228,nan,100,4542.87890203,110,1.26296e-08,4542.87890203,4577.08,5.05051e-05,nan,4542.87890203,4.52386e-13,819344.575246,3.16647760655,884279.0,50000,1.40998,1.86845,454.545454545,819344.575246,2.39731e-09,1
4643.54,0.000253269,0.7,8.69477,nan,100,4095.88965068,122,6.47184e-14,4095.88965068,9287.59,4.55373e-05,nan,4095.88965068,1.88517e-18,2969841.46355,2.88923238641,869699.0,50000,1.56331,2.64925,409.836065574,2969841.46355,2.24786e-09,1
4640.66,0.000231063,0.7,7.96641,nan,100,4095.85660117,122,1.07721e-10,4095.85660117,8561.7,4.55373e-05,nan,4095.85660117,3.1244e-15,2775431.56889,3.61622893433,871689.0,50000,1.57,2.9548,409.836065574,2775431.56889,2.48578e-09,1
4628.15,0.000205836,0.7,7.62221,nan,100,4095.91341556,122,2.00463e-12,4095.91341556,6979.6,4.55373e-05,nan,4095.91341556,5.41344e-17,2514798.89976,2.58725316711,876972.0,50000,1.68627,3.86363,409.836065574,2514798.89976,2.81758e-09,1
4643.82,0.000511725,0.7,25.3292,nan,100,3728.06201434,134,,3728.06201434,10536.6,4.14594e-05,nan,3728.06201434,,3555858.51219,3.48530163015,856716.0,50000,2.05214,7.51838,373.134328358,3555858.51219,3.06871e-09,1
4671.75,5.61504e-05,0.7,1.01069,nan,100,4999.0276463,100,0.987551,4999.0276463,5.13566,5.55556e-05,nan,4999.0276463,5.4865e-05,0.148641225568,0.556987778346,899825.0,50000,0.99998,2.95291e-06,500.0,0.148641225568,9.11429e-15,1
4627.64,0.00662737,0.7,1023.18,nan,100,3007.48453235,166,,3007.48453235,11333.9,3.34672e-05,nan,3007.48453235,,4011687.45692,11.7135560515,844239.0,50000,5.16692,637.652,301.204819277,4011687.45692,2.67522e-08,1
4649.95,0.000378866,0.7,13.876,nan,100,4029.56248716,124,3.857e-36,4029.56248716,9683.73,4.48029e-05,nan,4029.56248716,1.0531e-40,3170145.668,5.6444575231,867635.0,50000,1.64091,3.22602,403.225806452,3170145.668,2.40497e-09,1
4626.18,0.00168228,0.7,64.0952,nan,100,4028.63139703,124,1.24472e-12,4028.63139703,8938.14,4.48029e-05,nan,4028.63139703,3.26697e-17,2545346.36812,5.39197735075,863772.0,50000,1.707,5.95231,403.225806452,2545346.36812,4.10045e-09,1
4627.78,0.00542533,0.7,512.272,nan,100,3285.47331481,152,,3285.47331481,12937.4,3.65497e-05,nan,3285.47331481,,4779305.05185,11.3638834581,839258.0,50000,3.45111,149.535,328.947368421,4779305.05185,1.67724e-08,1
4620.66,0.000353392,0.7,16.6593,nan,100,4094.81325718,122,2.59725e-28,4094.81325718,7291.84,4.55373e-05,nan,4094.81325718,5.50951e-33,1591388.82947,5.35939444526,867578.0,50000,2.14668,8.20161,409.836065574,1591388.82947,3.69061e-09,1
4653.54,0.000407541,0.7,14.0284,nan,100,4164.22606583,120,7.44235e-37,4164.22606583,9169.36,4.62963e-05,nan,4164.22606583,2.16206e-41,2500849.73395,2.57324571371,868489.0,50000,1.59361,2.58064,416.666666667,2500849.73395,2.17798e-09,1
4628.06,0.00032696,0.7,16.539,nan,100,3784.75745106,132,3.33661e-37,3784.75745106,10451.4,4.20875e-05,nan,3784.75745106,6.59591e-42,3751831.26701,5.30212429535,860069.0,50000,2.12897,9.08883,378.787878788,3751831.26701,3.55204e-09,1
4638.25,0.000665749,0.7,31.1776,nan,100,3728.14712175,134,,3728.14712175,11369.3,4.14594e-05,nan,3728.14712175,,3846146.9814,3.49162934864,852666.0,50000,1.94158,6.33766,373.134328358,3846146.9814,2.88978e-09,1
4601.12,0.00033656,0.7,19.3437,nan,100,4094.95738553,122,6.50321e-22,4094.95738553,5812.61,4.55373e-05,nan,4094.95738553,1.13149e-26,1387109.92566,2.30608095986,875517.0,50000,2.61725,15.4307,409.836065574,1387109.92566,4.67121e-09,1
4628.11,0.000384131,0.7,19.8486,nan,100,3728.16536598,134,,3728.16536598,11799.2,4.14594e-05,nan,3728.16536598,,3564843.98537,4.34811158366,846402.0,50000,2.14226,8.69247,373.134328358,3564843.98537,3.25569e-09,1
4627.71,0.00949984,0.7,1370.09,nan,100,3007.44533097,166,,3007.44533097,13671.3,3.34672e-05,nan,3007.44533097,,4263231.22536,11.8284741518,822390.0,50000,4.82671,821.597,301.204819277,4263231.22536,3.94998e-08,1
4668.16,0.000210046,0.7,4.49774,nan,100,4462.50640545,112,2.18662e-08,4462.50640545,8911.96,4.96032e-05,nan,4462.50640545,1.02116e-12,2389732.4992,2.08906470871,879955.0,50000,1.06216,0.359483,446.428571429,2389732.4992,7.84007e-10,1
4641.16,0.0090425,0.7,649.519,nan,100,3420.90423449,146,2.5659e-29,3420.90423449,11946.8,3.80518e-05,nan,3420.90423449,3.57221e-34,4367016.48219,11.8827273917,845486.0,50000,2.73324,204.762,342.465753425,4367016.48219,3.96864e-08,1
4612.91,0.00136671,0.7,203.901,nan,100,2901.64520139,172,,2901.64520139,15887.6,3.22997e-05,nan,2901.64520139,,4376350.12766,4.23499884288,793255.0,50000,4.81882,124.404,290.697674419,4376350.12766,5.5892e-09,1
4627.45,0.072583,0.7,189690.0,nan,100,3468.55786674,144,5.37468e-36,3468.55786674,10681.3,3.85802e-05,nan,3468.55786674,2.05711e-42,3520901.01795,11.8574930015,849810.0,50000,100.826,1.68497e+07,347.222222222,3520901.01795,2.46703e-06,1
4660.39,0.000167,0.7,3.73552,nan,100,4543.75837142,110,1.35724e-07,4543.75837142,7952.88,5.05051e-05,nan,4543.75837142,6.06767e-12,1967733.93553,1.85288534051,882437.0,50000,1.12971,0.383534,454.545454545,1967733.93553,7.66542e-10,1
4671.93,5.596e-05,0.7,1.00728,nan,100,4999.20611017,100,0.99481,4999.20611017,0.697875,5.55556e-05,nan,4999.20611017,5.52671e-05,0.00272345754245,0.55585100427,899857.0,50000,1.0,1.78839e-07,500.0,0.00272345754245,5.51967e-16,1
4648.32,0.00151044,0.7,94.4347,nan,100,3468.53021583,144,,3468.53021583,14592.0,3.85802e-05,nan,3468.53021583,,4694025.96212,2.83032788669,829824.0,50000,2.41209,15.2654,347.222222222,4694025.96212,3.90529e-09,1
4622.29,0.0966195,0.7,260208.0,nan,100,3373.7122657,148,,3373.7122657,11556.0,3.75375e-05,nan,3373.7122657,,3355928.07597,10.0005632606,841975.0,50000,101.093,2.5407e+07,337.837837838,3355928.07597,3.503e-06,1
4652.16,0.000229798,0.7,7.03509,nan,100,4163.34098501,120,4.43019e-11,4163.34098501,10954.9,4.62963e-05,nan,4163.34098501,1.4471e-15,3281455.42153,3.23348199105,864703.0,50000,1.41733,1.58824,416.666666667,3281455.42153,1.69461e-09,1
4670.32,0.000271395,0.7,6.11749,nan,100,4462.44202786,112,4.12029e-08,4462.44202786,9185.05,4.96032e-05,nan,4462.44202786,1.82792e-12,2411143.81852,2.417357661,879243.0,50000,1.1181,0.423881,446.428571429,2411143.81852,8.34259e-10,1
4624.58,0.00350325,0.7,329.399,nan,100,3200.33164363,156,5.21085e-27,3200.33164363,15095.0,3.56125e-05,nan,3200.33164363,5.54189e-32,4867211.1888,9.73835715893,816600.0,50000,3.34853,83.5337,320.512820513,4867211.1888,9.44844e-09,1
4653.65,0.000187228,0.7,4.85006,nan,100,4543.74928901,110,2.0778e-10,4543.74928901,6768.69,5.05051e-05,nan,4543.74928901,8.02096e-15,1628588.32146,1.86425153417,883424.0,50000,1.30831,0.909143,454.545454545,1628588.32146,1.35481e-09,1
4652.32,0.000363018,0.7,10.7551,nan,100,4029.62582273,124,2.23872e-20,4029.62582273,9928.53,4.48029e-05,nan,4029.62582273,7.5564e-25,3731577.20097,3.12649634388,869343.0,50000,1.32737,1.5269,403.225806452,3731577.20097,1.73957e-09,1
4649.82,0.00110213,0.7,42.9205,nan,100,4029.54788838,124,3.87354e-22,4029.54788838,10172.6,4.48029e-05,nan,4029.54788838,9.94658e-27,2618316.37478,6.54006883481,859324.0,50000,1.74478,5.19552,403.225806452,2618316.37478,3.42579e-09,1
4627.91,0.000314299,0.7,14.2978,nan,100,4095.80369088,122,4.36863e-21,4095.80369088,8150.95,4.55373e-05,nan,4095.80369088,9.6033e-26,1809536.2829,5.02063674964,863606.0,50000,2.07154,7.17037,409.836065574,1809536.2829,3.46491e-09,1
4595.01,0.000678124,0.7,52.5813,nan,100,3516.69130037,142,,3516.69130037,12630.9,3.91236e-05,nan,3516.69130037,,3609483.30629,2.88343940605,831621.0,50000,3.03362,29.4663,352.112676056,3609483.30629,4.90095e-09,1
4634.67,0.00871543,0.7,501.453,nan,100,3467.70260936,144,,3467.70260936,13876.6,3.85802e-05,nan,3467.70260936,,5046205.75903,11.1644005596,837600.0,50000,2.21976,132.472,347.222222222,5046205.75903,4.00167e-08,1
4627.79,0.000309417,0.7,13.6656,nan,100,4095.7807333,122,,4095.7807333,9110.71,4.55373e-05,nan,4095.7807333,,2254872.38711,4.94624405701,863707.0,50000,2.01119,6.6372,409.836065574,2254872.38711,3.40262e-09,1
4627.76,0.0564636,0.7,13282.1,nan,100,3160.31569839,158,,3160.31569839,13520.9,3.51617e-05,nan,3160.31569839,,4206319.98983,10.0079139663,826106.0,50000,8.2712,62023.8,316.455696203,4206319.98983,1.12089e-06,1
4627.61,0.0007804,0.7,57.7484,nan,100,3420.8924735,146,2.52639e-28,3420.8924735,12775.6,3.80518e-05,nan,3420.8924735,3.41412e-33,3667604.30695,3.15417024585,831884.0,50000,2.81577,21.2652,342.465753425,3667604.30695,3.88352e-09,1
4627.82,0.000617132,0.7,64.1761,nan,100,3200.95951183,156,,3200.95951183,13436.1,3.56125e-05,nan,3200.95951183,,3669528.96394,6.0606439288,822131.0,50000,3.70338,47.5112,320.512820513,3669528.96394,4.39345e-09,1
4671.86,5.62708e-05,0.7,1.01292,nan,100,4999.14071293,100,0.992642,4999.14071293,3.50079,5.55556e-05,nan,4999.14071293,5.51445e-05,0.0689438396321,0.556392945545,899846.0,50000,1.00004,1.20917e-06,500.0,0.0689438396321,3.73171e-15,1
4623.19,0.000241293,0.7,7.97404,nan,100,4461.36423408,112,2.47147e-10,4461.36423408,5693.38,4.96032e-05,nan,4461.36423408,7.47864e-15,813848.792295,2.98096080512,875519.0,50000,1.63924,2.89498,446.428571429,813848.792295,2.65081e-09,1
4626.82,0.00212262,0.7,212.764,nan,100,3160.31096172,158,,3160.31096172,14524.1,3.51617e-05,nan,3160.31096172,,4453975.72157,6.10777779216,820304.0,50000,3.52449,60.763,316.455696203,4453975.72157,6.04766e-09,1
4653.62,0.000152501,0.7,3.86248,nan,100,4543.81142581,110,2.11691e-09,4543.81142581,6261.88,5.05051e-05,nan,4543.81142581,8.35813e-14,1153821.54148,2.43999940999,881287.0,50000,1.27917,0.950207,454.545454545,1153821.54148,1.48126e-09,1
4637.61,0.000424646,0.7,14.4805,nan,100,4094.84977484,122,9.55962e-33,4094.84977484,8827.64,4.55373e-05,nan,4094.84977484,2.80339e-37,2883769.46729,3.21778661825,869058.0,50000,1.55283,2.75567,409.836065574,2883769.46729,2.3698e-09,1
4629.65,0.0831655,0.7,2.55039e+06,nan,100,3420.92022765,146,,3420.92022765,13194.4,3.80517e-05,nan,3420.92022765,,4280478.61757,12.0000528059,833808.0,50000,1166.91,2.96884e+09,342.465753425,4280478.61757,3.15689e-06,1
4595.02,0.000404802,0.7,24.1056,nan,100,4094.80492715,122,,4094.80492715,6573.4,4.55373e-05,nan,4094.80492715,,1098458.33547,4.0310692346,864982.0,50000,2.71171,18.6281,409.836065574,1098458.33547,5.25311e-09,1
4628.86,0.0731347,0.7,552051.0,nan,100,3420.84072907,146,1.16426e-29,3420.84072907,13396.9,3.80518e-05,nan,3420.84072907,1.54239e-36,4476208.16085,10.0000808869,834909.0,50000,287.23,1.28126e+08,342.465753425,4476208.16085,2.24867e-06,1
4645.87,0.000288522,0.7,10.1055,nan,100,4028.67674749,124,1.03599e-19,4028.67674749,10871.2,4.48029e-05,nan,4028.67674749,2.95786e-24,3068391.89008,3.289830812,858057.0,50000,1.56922,2.72481,403.225806452,3068391.89008,2.22117e-09,1
4662.08,0.000190451,0.7,4.25982,nan,100,4462.44068128,112,2.79659e-06,4462.44068128,9522.65,4.96032e-05,nan,4462.44068128,1.25032e-10,2326314.69813,1.9657687476,876002.0,50000,1.10947,0.393839,446.428571429,2326314.69813,7.87236e-10,1
4649.95,0.000237921,0.7,8.54873,nan,100,4029.68482331,124,9.95482e-23,4029.68482331,10983.0,4.48029e-05,nan,4029.68482331,2.77054e-27,2788551.34686,2.48764143737,854491.0,50000,1.60981,2.69268,403.225806452,2788551.34686,2.08567e-09,1
4627.35,0.0682515,0.7,20611.9,nan,100,3242.6353734,154,,3242.6353734,14871.4,3.6075e-05,nan,3242.6353734,,4099430.10126,10.0075162562,815266.0,50000,10.8946,153210.0,324.675324675,4099430.10126,1.67986e-06,1
4653.74,0.000168741,0.7,4.33076,nan,100,4543.79862881,110,2.82076e-06,4543.79862881,7969.75,5.05051e-05,nan,4543.79862881,1.09906e-10,1708905.41831,2.75328148232,879741.0,50000,1.29622,0.790036,454.545454545,1708905.41831,1.19939e-09,1
4599.13,0.00100103,0.7,93.4116,nan,100,3515.89651321,142,,3515.89651321,12841.4,3.91236e-05,nan,3515.89651321,,3328871.70208,5.12019788913,825440.0,50000,3.65085,49.2115,352.112676056,3328871.70208,5.6514e-09,1
4653.68,0.000290716,0.7,10.9802,nan,100,4164.33150365,120,3.62476e-21,4164.33150365,9103.57,4.62963e-05,nan,4164.33150365,9.59705e-26,2455572.81234,5.09466786424,867555.0,50000,1.74859,3.2609,416.666666667,2455572.81234,2.28588e-09,1
4646.53,0.069946,0.7,59451.3,nan,100,2742.19694423,182,,2742.19694423,17675.2,3.0525e-05,nan,2742.19694423,,5630096.18919,12.0063752092,788863.0,50000,25.945,1.29483e+06,274.725274725,5630096.18919,1.79233e-06,1
4665.14,0.000175849,0.7,4.04667,nan,100,4462.52367285,112,4.9412e-07,4462.52367285,9370.04,4.96032e-05,nan,4462.52367285,2.14721e-11,2357882.78624,1.85265367147,877105.0,50000,1.14148,0.423638,446.428571429,2357882.78624,7.99978e-10,1
4647.41,0.000808334,0.7,29.8704,nan,100,4095.86072087,122,,4095.86072087,10439.1,4.55373e-05,nan,4095.86072087,,2480316.192,4.11802546556,857421.0,50000,1.68275,3.83708,409.836065574,2480316.192,2.80996e-09,1
4653.33,0.000348634,0.7,16.5926,nan,100,3843.21231379,130,1.71968e-31,3843.21231379,12922.0,4.2735e-05,nan,3843.21231379,3.61329e-36,3481861.50019,3.51484091568,841686.0,50000,2.0339,5.82349,384.615384615,3481861.50019,2.57094e-09,1
4627.78,0.001447,0.7,87.5593,nan,100,3728.20271706,134,,3728.20271706,11535.2,4.14594e-05,nan,3728.20271706,,3271571.65804,4.08655092534,847363.0,50000,2.50875,16.5629,373.134328358,3271571.65804,4.52341e-09,1
4622.9,0.000378629,0.7,17.3751,nan,100,4028.66569599,124,1.74573e-20,4028.66569599,9995.44,4.48029e-05,nan,4028.66569599,3.80421e-25,2440647.81889,2.3127337051,853773.0,50000,2.05598,6.42706,403.225806452,2440647.81889,3.05202e-09,1
4653.36,0.00269552,0.7,105.027,nan,100,4164.35471933,120,1.75109e-19,4164.35471933,11242.7,4.62963e-05,nan,4164.35471933,4.49418e-24,2879249.33083,19.9777780195,859832.0,50000,1.80386,12.4363,416.666666667,2879249.33083,8.19173e-09,1
4627.6,0.0306213,0.7,3992.41,nan,100,3420.89519287,146,,3420.89519287,13361.1,3.80517e-05,nan,3420.89519287,,3700488.44532,11.9886693837,825532.0,50000,4.96119,7291.89,342.465753425,3700488.44532,4.28961e-07,1
4649.93,0.000223175,0.7,6.01464,nan,100,4462.46305083,112,4.67236e-11,4462.46305083,6428.78,4.96032e-05,nan,4462.46305083,1.7337e-15,1209413.45923,3.63090178941,878516.0,50000,1.33682,1.22825,446.428571429,1209413.45923,1.69107e-09,1
4627.89,0.000491972,0.7,31.3775,nan,100,3784.73661431,132,,3784.73661431,10744.9,4.20875e-05,nan,3784.73661431,,2765369.77951,9.63682600581,847140.0,50000,2.68431,17.4153,378.787878788,2765369.77951,4.28128e-09,1
4671.87,5.57798e-05,0.7,1.00404,nan,100,4999.14743193,100,0.991433,4999.14743193,1.97022,5.55556e-05,nan,4999.14743193,5.50792e-05,0.0218054876212,0.556257648014,899847.0,50000,1.00001,5.76908e-07,500.0,0.0218054876212,1.78055e-15,1
4653.76,0.000170681,0.7,4.44315,nan,100,4543.77464278,110,2.49448e-15,4543.77464278,6853.14,5.0505e-05,nan,4543.77464278,9.58241e-20,1340901.73376,2.18442780366,880729.0,50000,1.31474,0.969463,454.545454545,1340901.73376,1.4306e-09,1
4647.35,0.000473832,0.7,21.5066,nan,100,3784.79796072,132,,3784.79796072,12675.4,4.20875e-05,nan,3784.79796072,,3989125.12661,16.977117799,846741.0,50000,1.9103,5.86505,378.787878788,3989125.12661,2.84693e-09,1
4594.96,0.00058188,0.7,43.1645,nan,100,3727.15868054,134,,3727.15868054,10382.4,4.14594e-05,nan,3727.15868054,,2516837.02541,3.87470266035,843271.0,50000,3.0755,28.8014,373.134328358,2516837.02541,5.23392e-09,1
4627.91,0.000274461,0.7,11.869,nan,100,4095.83065684,122,,4095.83065684,10705.1,4.55373e-05,nan,4095.83065684,,2498746.62924,2.89416736937,854133.0,50000,1.96925,5.41871,409.836065574,2498746.62924,2.89753e-09,1
4649.8,0.000133321,0.7,3.25371,nan,100,4462.53027453,112,6.37291e-09,4462.53027453,9275.79,4.96032e-05,nan,4462.53027453,2.61131e-13,2014393.80381,1.80713941317,873568.0,50000,1.21057,0.691348,446.428571429,2014393.80381,1.16075e-09,1
4646.75,0.000252006,0.7,8.52837,nan,100,4163.47584179,120,2.25784e-11,4163.47584179,10644.4,4.62963e-05,nan,4163.47584179,6.67171e-16,2797787.33852,3.23590165375,862121.0,50000,1.56676,2.41686,416.666666667,2797787.33852,2.11028e-09,1
4656.02,0.000223801,0.7,6.92329,nan,100,4095.82853114,122,5.1435e-16,4095.82853114,13779.6,4.55373e-05,nan,4095.82853114,1.66268e-20,3583648.09268,3.57722913362,847796.0,50000,1.4087,1.19015,409.836065574,3583648.09268,1.24366e-09,1
4627.7,0.000534187,0.7,41.2125,nan,100,3468.54137516,144,,3468.54137516,13865.9,3.85802e-05,nan,3468.54137516,,3885309.00911,3.98842378424,825002.0,50000,2.97647,23.0079,347.222222222,3885309.00911,3.8655e-09,1
4651.85,0.000347758,0.7,21.2486,nan,100,3517.5781734,142,9.8012e-22,3517.5781734,14612.6,3.91236e-05,nan,3517.5781734,1.60408e-26,4391499.66945,4.11168209352,825578.0,50000,2.39052,10.2295,352.112676056,4391499.66945,2.73998e-09,1
4644.75,0.000602241,0.7,39.6491,nan,100,3420.9419307,146,2.25506e-32,3420.9419307,14628.0,3.80518e-05,nan,3420.9419307,3.42527e-37,4545928.67313,6.06664415265,824787.0,50000,2.50518,13.75,342.465753425,4545928.67313,3.17231e-09,1
4669.19,0.000163991,0.7,3.68208,nan,100,4462.51329606,112,3.5916e-05,4462.51329606,9595.68,4.96032e-05,nan,4462.51329606,1.59961e-09,2400475.64364,2.26153278969,876891.0,50000,1.11374,0.396359,446.428571429,2400475.64364,7.86212e-10,1
4669.73,0.000197813,0.7,4.4167,nan,100,4543.80676207,110,3.74853e-05,4543.80676207,10099.5,5.05051e-05,nan,4543.80676207,1.67887e-09,2074449.63763,2.04036514143,875512.0,50000,1.12766,0.324533,454.545454545,2074449.63763,6.50984e-10,1
4641.26,0.000596811,0.7,29.0475,nan,100,3728.13563388,134,,3728.13563388,12357.7,4.14594e-05,nan,3728.13563388,,3262641.50315,3.0270778355,837644.0,50000,2.01788,6.75224,373.134328358,3262641.50315,2.85038e-09,1
4649.69,0.000855208,0.7,45.5493,nan,100,3673.2115061,136,,3673.2115061,13522.5,4.08497e-05,nan,3673.2115061,,3783761.51607,15.2494398394,833709.0,50000,2.1757,9.54548,367.647058824,3783761.51607,3.36495e-09,1
4671.93,5.60262e-05,0.7,1.00848,nan,100,4999.212418,100,0.987084,4999.212418,1.86357,5.55556e-05,nan,4999.212418,5.48377e-05,0.019489588969,0.556060397793,899858.0,50000,1.00001,8.47693e-07,500.0,0.019489588969,2.61631e-15,1
4640.65,0.000226168,0.7,7.67172,nan,100,4095.87384777,122,5.33217e-25,4095.87384777,10327.4,4.55373e-05,nan,4095.87384777,1.57196e-29,2933086.42642,3.34756074297,862276.0,50000,1.54465,2.48123,409.836065574,2933086.42642,2.15647e-09,1
4627.83,0.00049518,0.7,20.9459,nan,100,4095.85400216,122,5.29275e-27,4095.85400216,8845.38,4.55373e-05,nan,4095.85400216,1.25126e-31,2190394.1558,3.48814088105,863362.0,50000,1.9262,5.49507,409.836065574,2190394.1558,3.07117e-09,1
4669.71,0.000205566,0.7,4.53566,nan,100,4543.76710013,110,6.85846e-05,4543.76710013,9402.83,5.0505e-05,nan,4543.76710013,3.10841e-09,2074414.08027,1.67405019147,878013.0,50000,1.11435,0.341802,454.545454545,2074414.08027,7.02098e-10,1
4666.15,0.000189874,0.7,4.13699,nan,100,4543.86455286,110,1.06544e-06,4543.86455286,8989.99,5.0505e-05,nan,4543.86455286,4.89003e-11,2038344.27271,1.75675889928,879324.0,50000,1.10041,0.394054,454.545454545,2038344.27271,8.30076e-10,1
4671.92,5.60615e-05,0.7,1.0091,nan,100,4999.19484835,100,0.993142,4999.19484835,1.6487,5.55556e-05,nan,4999.19484835,5.51747e-05,0.0152355938488,0.556238122131,899855.0,50000,0.999997,5.3115e-07,500.0,0.0152355938488,1.63936e-15,1
4668.78,0.000245164,0.7,7.04724,nan,100,4164.34119583,120,2.81275e-14,4164.34119583,12159.7,4.62963e-05,nan,4164.34119583,9.78514e-19,3489189.32184,3.00705706551,861606.0,50000,1.33079,0.96602,416.666666667,3489189.32184,1.16912e-09,1
4648.85,0.0014373,0.7,51.2244,nan,100,4095.86066978,122,1.64247e-24,4095.86066978,10459.1,4.55373e-05,nan,4095.86066978,4.60859e-29,2518263.3673,4.54616130188,856935.0,50000,1.62292,4.12755,409.836065574,2518263.3673,3.24964e-09,1
4670.32,0.000220136,0.7,4.91433,nan,100,4462.43802388,112,4.48452e-07,4462.43802388,9965.29,4.96032e-05,nan,4462.43802388,2.00883e-11,2411139.86683,2.33919281023,875293.0,50000,1.10734,0.35285,446.428571429,2411139.86683,7.0802e-10,1
4595.16,0.0840438,0.7,114057.0,nan,100,2741.60239059,182,,2741.60239059,16651.5,3.0525e-05,nan,2741.60239059,,4095557.4717,10.0005562721,775771.0,50000,41.4258,3.97095e+06,274.725274725,4095557.4717,2.15607e-06,1
4660.84,0.000194749,0.7,5.79969,nan,100,4095.88817474,122,2.4441e-11,4095.88817474,12693.7,4.55373e-05,nan,4095.88817474,8.20707e-16,3644852.97207,2.90881000096,856230.0,50000,1.35612,1.10361,409.836065574,3644852.97207,1.24438e-09,1
4669.67,0.000206798,0.7,4.76354,nan,100,4543.83308227,110,1.97082e-07,4543.83308227,9621.61,5.0505e-05,nan,4543.83308227,8.55586e-12,2074473.56557,1.6509642064,877509.0,50000,1.16337,0.383413,454.545454545,2074473.56557,7.22602e-10,1
4628.02,0.0208232,0.7,1735.5,nan,100,4095.89015547,122,1.61477e-21,4095.89015547,8396.48,4.55373e-05,nan,4095.89015547,1.93748e-26,1730492.023,20.0500786117,860206.0,50000,3.79528,2740.12,409.836065574,1730492.023,3.94473e-07,1
4628.08,0.000301947,0.7,12.8353,nan,100,4095.86818324,122,9.17341e-14,4095.86818324,9837.12,4.55373e-05,nan,4095.86818324,2.15801e-18,2236077.12544,4.98114604568,856302.0,50000,1.93573,5.62809,409.836065574,2236077.12544,3.11464e-09,1
4671.96,5.58775e-05,0.7,1.00581,nan,100,4999.23701893,100,0.99538,4999.23701893,1.29395,5.55556e-05,nan,4999.23701893,5.52982e-05,0.00940837400388,0.556559564145,899863.0,50000,1.00001,2.38795e-07,500.0,0.00940837400388,7.37001e-16,1
4652.42,0.000232236,0.7,5.15375,nan,100,4462.52197811,112,7.34105e-08,4462.52197811,9863.21,4.96032e-05,nan,4462.52197811,3.308e-12,2174717.28279,2.01350803756,871956.0,50000,1.10078,0.44519,446.428571429,2174717.28279,9.03982e-10,1
4671.92,5.59212e-05,0.7,1.00658,nan,100,4999.19777515,100,0.99221,4999.19777515,1.92979,5.55556e-05,nan,4999.19777515,5.51227e-05,0.020902124278,0.555927649682,899856.0,50000,1.0,4.32107e-07,500.0,0.020902124278,1.33366e-15,1
4649.97,0.00017089,0.7,4.57844,nan,100,4462.53879943,112,1.12878e-08,4462.53879943,8138.32,4.96032e-05,nan,4462.53879943,4.21315e-13,1709028.68309,2.35808506813,875651.0,50000,1.32896,0.982489,446.428571429,1709028.68309,1.36875e-09,1
4653.67,0.000361548,0.7,12.9631,nan,100,4164.2180902,120,1.64255e-20,4164.2180902,9928.93,4.62963e-05,nan,4164.2180902,4.58118e-25,2619599.88422,4.47047383706,864295.0,50000,1.65992,2.87369,416.666666667,2619599.88422,2.23541e-09,1
4669.61,0.000206401,0.7,4.72606,nan,100,4543.79849024,110,4.15684e-06,4543.79849024,9071.25,5.05051e-05,nan,4543.79849024,1.81541e-10,2074440.84641,2.91783318591,879390.0,50000,1.15644,0.377651,454.545454545,2074440.84641,7.20305e-10,1
4653.78,0.0215841,0.7,1415.66,nan,100,3843.17914624,130,7.36383e-18,3843.17914624,12725.6,4.2735e-05,nan,3843.17914624,1.12274e-22,3240687.82758,12.0890288277,840486.0,50000,2.80291,1030.34,384.615384615,3240687.82758,2.39513e-07,1
4670.53,0.000204633,0.7,4.58904,nan,100,4462.49454534,112,9.94633e-07,4462.49454534,10916.7,4.96032e-05,nan,4462.49454534,4.43524e-11,2411200.62797,1.99786228456,871500.0,50000,1.11238,0.344129,446.428571429,2411200.62797,6.84274e-10,1
4653.57,0.000322917,0.7,15.9453,nan,100,3843.19519651,130,1.52009e-25,3843.19519651,13344.5,4.2735e-05,nan,3843.19519651,3.07843e-30,3699902.01737,3.66976085706,840656.0,50000,2.11021,6.28924,384.615384615,3699902.01737,2.57938e-09,1
4669.19,0.000635534,0.7,19.2199,nan,100,4029.66416256,124,1.00935e-12,4029.66416256,13051.9,4.48029e-05,nan,4029.66416256,3.33755e-17,3928885.1236,6.33476327993,855019.0,50000,1.35494,1.68498,403.225806452,3928885.1236,1.84233e-09,1
4654.71,0.000403491,0.7,12.1145,nan,100,4164.33615337,120,2.88939e-17,4164.33615337,11935.3,4.62963e-05,nan,4164.33615337,9.6235e-22,3297502.26907,2.6437184115,860298.0,50000,1.39001,1.46925,416.666666667,3297502.26907,1.62986e-09,1
4649.46,0.000314181,0.7,11.4165,nan,100,4029.62235843,124,2.34015e-25,4029.62235843,11572.9,4.48029e-05,nan,4029.62235843,6.44005e-30,2797364.21685,3.36198371349,849481.0,50000,1.62802,2.83368,403.225806452,2797364.21685,2.14606e-09,1
4650.03,0.000211785,0.7,5.87697,nan,100,4462.52646804,112,9.46168e-07,4462.52646804,6695.41,4.96032e-05,nan,4462.52646804,3.40965e-11,1123239.68627,4.41652595925,876137.0,50000,1.37647,1.2581,446.428571429,1123239.68627,1.63379e-09,1
4649.76,0.00024859,0.7,9.19344,nan,100,4029.61194408,124,1.35842e-13,4029.61194408,10441.4,4.48029e-05,nan,4029.61194408,3.67317e-18,2687855.54687,3.64734809764,856606.0,50000,1.65691,2.93231,403.225806452,2687855.54687,2.14398e-09,1
4648.58,0.000250597,0.7,9.63064,nan,100,4095.87265402,122,1.51503e-13,4095.87265402,11606.5,4.55373e-05,nan,4095.87265402,3.94222e-18,2683401.04893,3.188017279,850520.0,50000,1.75003,3.14164,409.836065574,2683401.04893,2.12715e-09,1
4655.66,0.000279744,0.7,8.31414,nan,100,4095.77583011,122,5.22473e-10,4095.77583011,13274.7,4.55373e-05,nan,4095.77583011,1.75795e-14,3595964.2999,2.96948528727,851167.0,50000,1.35339,1.08626,409.836065574,3595964.2999,1.22976e-09,1
4641.64,0.000215564,0.7,7.53347,nan,100,4095.85999716,122,,4095.85999716,11416.7,4.55373e-05,nan,4095.85999716,,2885184.08205,3.83187894469,854608.0,50000,1.59142,2.58426,409.836065574,2885184.08205,2.11592e-09,1
4653.92,0.000190171,0.7,4.94295,nan,100,4543.84334493,110,1.70539e-07,4543.84334493,7297.38,5.0505e-05,nan,4543.84334493,6.56119e-12,1254146.04987,3.66268609976,877822.0,50000,1.31273,1.02335,454.545454545,1254146.04987,1.51476e-09,1
4653.58,0.000920814,0.7,46.1837,nan,100,3843.19634567,130,1.61367e-18,3843.19634567,13378.1,4.2735e-05,nan,3843.19634567,3.21736e-23,3536884.27855,3.15075497487,838874.0,50000,2.14339,8.07414,384.615384615,3536884.27855,3.20969e-09,1
4671.92,5.59471e-05,0.7,1.00702,nan,100,4999.20037805,100,0.985406,4999.20037805,1.75697,5.55556e-05,nan,4999.20037805,5.47462e-05,0.0173335531728,0.555919795538,899856.0,50000,0.999974,6.57518e-07,500.0,0.0173335531728,2.02948e-15,1
4651.23,0.00046766,0.7,16.0036,nan,100,4095.92504641,122,1.21527e-20,4095.92504641,12173.4,4.55373e-05,nan,4095.92504641,3.55128e-25,3276378.82944,3.86748223449,855218.0,50000,1.55832,2.22572,409.836065574,3276378.82944,1.90061e-09,1
4630.91,0.000220518,0.7,8.1195,nan,100,4095.93138832,122,1.11179e-17,4095.93138832,11573.4,4.55373e-05,nan,4095.93138832,3.01953e-22,2836322.18097,2.54928540166,851988.0,50000,1.67669,3.07272,409.836065574,2836322.18097,2.26649e-09,1
4653.47,0.000949534,0.7,49.7789,nan,100,3420.91778913,146,3.30756e-17,3420.91778913,17746.0,3.80518e-05,nan,3420.91778913,6.30919e-22,5301772.49699,5.21050797807,805207.0,50000,1.99484,7.00438,342.465753425,5301772.49699,2.54859e-09,1
4653.85,0.00016132,0.7,4.35482,nan,100,4543.76904079,110,1.05703e-18,4543.76904079,6509.55,5.05051e-05,nan,4543.76904079,3.91566e-23,1186518.26977,2.59886728576,881202.0,50000,1.36338,1.10491,454.545454545,1186518.26977,1.51623e-09,1
4651.9,0.000227629,0.7,6.93995,nan,100,4029.64765225,124,1.74824e-31,4029.64765225,13065.8,4.48029e-05,nan,4029.64765225,5.73422e-36,3722723.68663,2.90710583629,851229.0,50000,1.36595,1.37976,403.225806452,3722723.68663,1.48439e-09,1
4649.67,0.000467488,0.7,16.699,nan,100,4029.63297951,124,1.89326e-15,4029.63297951,13570.7,4.48029e-05,nan,4029.63297951,5.30016e-20,3097147.62087,2.9126488388,839148.0,50000,1.60039,2.84133,403.225806452,3097147.62087,2.2268e-09,1
4627.91,0.0832485,0.7,5.18722e+06,nan,100,3728.21975385,134,,3728.21975385,11843.2,4.14594e-05,nan,3728.21975385,,3280971.73933,11.9999972519,842772.0,50000,2583.33,1.33806e+10,373.134328358,3280971.73933,3.44634e-06,1
4660.04,0.00184484,0.7,96.9216,nan,100,3568.02353189,140,,3568.02353189,14659.0,3.96825e-05,nan,3568.02353189,,5058985.67281,5.10932661506,836343.0,50000,2.08479,10.8695,357.142857143,5058985.67281,3.93809e-09,1
4658.18,0.000203547,0.7,4.77193,nan,100,4462.55071884,112,1.41433e-06,4462.55071884,10567.4,4.96032e-05,nan,4462.55071884,6.03284e-11,2274800.73824,2.42765273657,869999.0,50000,1.16289,0.405997,446.428571429,2274800.73824,7.38691e-10,1
4649.37,0.000564516,0.7,32.9998,nan,100,3374.53721729,148,,3374.53721729,16669.1,3.75375e-05,nan,3374.53721729,,4951314.04733,3.56076913642,811469.0,50000,2.19433,9.10919,337.837837838,4951314.04733,2.66569e-09,1
4649.36,0.00400581,0.7,512.521,nan,100,2712.333008,184,,2712.333008,18763.0,3.01932e-05,nan,2712.333008,,5157614.17641,14.68396873,783328.0,50000,3.86305,137.257,271.739130435,5157614.17641,8.38477e-09,1
4649.65,0.000432735,0.7,21.7968,nan,100,3673.19885583,136,,3673.19885583,13819.3,4.08497e-05,nan,3673.19885583,,3659215.05944,6.93881442854,830068.0,50000,2.05759,7.12851,367.647058824,3659215.05944,2.80969e-09,1
4652.25,0.0014295,0.7,55.2356,nan,100,4095.92001337,122,3.57887e-13,4095.92001337,11086.3,4.55373e-05,nan,4095.92001337,9.26216e-18,2718556.44631,12.406490667,855460.0,50000,1.75955,5.82969,409.836065574,2718556.44631,3.9046e-09,1
4671.85,5.59621e-05,0.7,1.00731,nan,100,4999.12458826,100,0.991219,4999.12458826,1.4562,5.55556e-05,nan,4999.12458826,5.50684e-05,0.0119060281677,0.556295531596,899843.0,50000,0.999988,6.28879e-07,500.0,0.0119060281677,1.94103e-15,1
4671.84,5.59265e-05,0.7,1.00664,nan,100,4999.11793061,100,0.9956,4999.11793061,2.10966,5.55556e-05,nan,4999.11793061,5.5313e-05,0.024995762139,0.556399230911,899841.0,50000,0.999965,6.89946e-07,500.0,0.024995762139,2.12961e-15,1
4653.29,0.000307394,0.7,14.9279,nan,100,3843.17178001,130,2.50782e-15,3843.17178001,13109.5,4.2735e-05,nan,3843.17178001,5.16408e-20,3718394.00532,4.82236643783,843639.0,50000,2.07533,5.62967,384.615384615,3718394.00532,2.38713e-09,1
4649.71,0.000182412,0.7,4.89312,nan,100,4462.42555462,112,4.32244e-08,4462.42555462,6640.65,4.96032e-05,nan,4462.42555462,1.61138e-12,1066955.19313,2.787600378,875857.0,50000,1.33058,1.16179,446.428571429,1066955.19313,1.61459e-09,1
4649.96,0.000190698,0.7,4.70545,nan,100,4462.49822868,112,1.32421e-10,4462.49822868,8488.65,4.96032e-05,nan,4462.49822868,5.36665e-15,1746724.07884,3.29916042915,874426.0,50000,1.22395,0.84439,446.428571429,1746724.07884,1.38687e-09,1
4649.55,0.000236744,0.7,8.4006,nan,100,4029.63791389,124,2.00525e-37,4029.63791389,11642.1,4.48029e-05,nan,4029.63791389,5.65144e-42,3144826.75174,4.39554176216,854346.0,50000,1.58978,2.85652,403.225806452,3144826.75174,2.26868e-09,1
4671.89,5.58194e-05,0.7,1.00473,nan,100,4999.16820806,100,0.994027,4999.16820806,1.98921,5.55556e-05,nan,4999.16820806,5.52245e-05,0.0222285645114,0.555904945437,899850.0,50000,0.999985,4.2511e-07,500.0,0.0222285645114,1.31211e-15,1
4595.67,0.000384982,0.7,30.4872,nan,100,3727.23701444,134,,3727.23701444,12114.0,4.14594e-05,nan,3727.23701444,,2494570.60064,2.96660766683,825542.0,50000,3.28322,30.7071,373.134328358,2494570.60064,4.89649e-09,1
4645.03,0.0003416,0.7,21.878,nan,100,3468.59975885,144,4.70551e-36,3468.59975885,13929.3,3.85802e-05,nan,3468.59975885,7.34715e-41,4479090.00651,4.05470858346,832028.0,50000,2.4709,12.7733,347.222222222,4479090.00651,3.11403e-09,1
4652.27,0.000262917,0.7,12.5706,nan,100,3784.78487668,132,1.50644e-34,3784.78487668,12925.9,4.20875e-05,nan,3784.78487668,3.15075e-39,3384592.15886,4.6954860791,837920.0,50000,2.0123,6.05514,378.787878788,3384592.15886,2.64878e-09,1
4664.0,0.000253695,0.7,7.2615,nan,100,4029.68088054,124,1.54431e-14,4029.68088054,13765.5,4.48029e-05,nan,4029.68088054,5.39535e-19,3880872.3301,2.67367093651,848936.0,50000,1.28239,0.951972,403.225806452,3880872.3301,1.16197e-09,1
4627.78,0.000377533,0.7,22.4741,nan,100,3784.81084488,132,2.26824e-17,3784.81084488,11814.1,4.20875e-05,nan,3784.81084488,3.81031e-22,2861388.90763,3.76241417105,838342.0,50000,2.50543,13.3284,378.787878788,2861388.90763,3.76115e-09,1
4649.94,0.000320739,0.7,8.75005,nan,100,4462.46455496,112,1.35872e-15,4462.46455496,7784.05,4.96032e-05,nan,4462.46455496,4.98048e-20,1137245.41709,2.30304408561,869087.0,50000,1.35322,1.06677,446.428571429,1137245.41709,1.43336e-09,1
4670.4,0.000239986,0.7,5.49808,nan,100,4462.48296673,112,8.46807e-11,4462.48296673,11470.6,4.96032e-05,nan,4462.48296673,3.69624e-15,2411188.08977,1.73008863023,868836.0,50000,1.13641,0.351986,446.428571429,2411188.08977,6.70621e-10,1
4659.17,0.000195932,0.7,4.32709,nan,100,4543.83852373,110,1.29958e-06,4543.83852373,9440.3,5.05051e-05,nan,4543.83852373,5.88452e-11,1950492.50526,1.78887819673,875780.0,50000,1.11539,0.373291,454.545454545,1950492.50526,7.65358e-10,1
4588.01,0.000681243,0.7,85.3581,nan,100,3119.20246912,160,,3119.20246912,15300.0,3.47222e-05,nan,3119.20246912,,4028342.35978,3.2846441003,793657.0,50000,4.35061,83.2973,312.5,4028342.35978,5.30573e-09,1
4671.86,5.57937e-05,0.7,1.00428,nan,100,4999.14099251,100,0.991465,4999.14099251,2.62613,5.55556e-05,nan,4999.14099251,5.50817e-05,0.0387565491945,0.558093085378,899846.0,50000,0.999995,8.3891e-07,500.0,0.0387565491945,2.58926e-15,1
4654.43,0.000168708,0.7,3.83458,nan,100,4542.85953777,110,5.75808e-06,4542.85953777,9621.07,5.05051e-05,nan,4542.85953777,2.53335e-10,1914683.35434,1.64501019133,874400.0,50000,1.14794,0.342384,454.545454545,1914683.35434,6.62747e-10,1
4653.79,0.000168193,0.7,4.45785,nan,100,4543.80223897,110,1.46842e-16,4543.80223897,6337.47,5.05051e-05,nan,4543.80223897,5.54028e-21,942173.048708,2.18927623481,878512.0,50000,1.33861,0.949883,454.545454545,942173.048708,1.35218e-09,1
4627.91,0.0706744,0.7,28732.5,nan,100,3784.84547932,132,,3784.84547932,11119.2,4.20875e-05,nan,3784.84547932,,2918481.08704,12.0048238399,844605.0,50000,17.1106,416694.0,378.787878788,2918481.08704,2.52113e-06,1
4604.15,0.000410265,0.7,22.557,nan,100,3727.27154816,134,,3727.27154816,12303.1,4.14594e-05,nan,3727.27154816,,3419085.50607,3.34366341519,837280.0,50000,2.2795,10.9983,373.134328358,3419085.50607,3.63825e-09,1
4627.82,0.000801447,0.7,56.7128,nan,100,3517.56206074,142,,3517.56206074,14166.1,3.91236e-05,nan,3517.56206074,,4007073.45653,4.5423837161,824419.0,50000,2.76851,19.3215,352.112676056,4007073.45653,3.85857e-09,1
4667.18,0.00018991,0.7,5.47334,nan,100,4095.85719425,122,7.17756e-14,4095.85719425,12808.8,4.55373e-05,nan,4095.85719425,2.49042e-18,3703174.71529,2.79041266479,856488.0,50000,1.31242,0.980964,409.836065574,3703174.71529,1.18099e-09,1
4662.13,0.000249053,0.7,7.29977,nan,100,4164.36248024,120,4.34638e-32,4164.36248024,13052.7,4.62963e-05,nan,4164.36248024,1.4829e-36,3423324.56027,2.64534262986,854146.0,50000,1.35695,1.10498,416.666666667,3423324.56027,1.28624e-09,1
4648.09,0.000230949,0.7,13.9988,nan,100,3468.61621905,144,,3468.61621905,15522.0,3.85802e-05,nan,3468.61621905,,4664115.13283,3.48008122579,820037.0,50000,2.3385,9.69613,347.222222222,4664115.13283,2.63908e-09,1
4628.0,0.000324408,0.7,22.0354,nan,100,3467.94193929,144,,3467.94193929,15816.8,3.85802e-05,nan,3467.94193929,,4465564.43465,5.21087368596,811687.0,50000,2.62056,16.0472,347.222222222,4465564.43465,3.47808e-09,1
4662.84,0.000326874,0.7,9.70044,nan,100,4164.33987561,120,9.50613e-10,4164.33987561,13646.8,4.62963e-05,nan,4164.33987561,3.20326e-14,3431613.05749,3.39155446293,850769.0,50000,1.37391,1.06014,416.666666667,3431613.05749,1.20376e-09,1
4640.7,0.0014536,0.7,93.6577,nan,100,3420.90241511,146,,3420.90241511,14777.6,3.80517e-05,nan,3420.90241511,,4176213.34362,3.78173681233,820891.0,50000,2.45173,15.1222,342.465753425,4176213.34362,3.64267e-09,1
4669.66,0.000152886,0.7,3.50804,nan,100,4543.73988251,110,1.59695e-06,4543.73988251,10709.5,5.05051e-05,nan,4543.73988251,6.95974e-11,2074388.09596,1.87396944333,872590.0,50000,1.15887,0.351894,454.545454545,2074388.09596,6.68368e-10,1
4653.92,0.000166314,0.7,4.54578,nan,100,4543.87164652,110,8.15902e-16,4543.87164652,8186.47,5.05051e-05,nan,4543.87164652,2.9851e-20,1203781.71575,2.77390120043,872112.0,50000,1.38043,0.936414,454.545454545,1203781.71575,1.25345e-09,1
4633.8,0.00101716,0.7,41.3716,nan,100,4095.8268146,122,2.24198e-15,4095.8268146,12145.5,4.55373e-05,nan,4095.8268146,5.51211e-20,2613671.79031,8.43576741707,844370.0,50000,1.85218,4.97996,409.836065574,2613671.79031,3.0102e-09,1
4650.04,0.000219404,0.7,5.89811,nan,100,4462.5320201,112,3.52479e-13,4462.5320201,7609.81,4.96032e-05,nan,4462.5320201,1.31119e-17,1344210.55236,2.2016560422,873646.0,50000,1.33345,1.08771,446.428571429,1344210.55236,1.50515e-09,1
4650.06,0.000339346,0.7,8.98514,nan,100,4462.44261911,112,3.42673e-12,4462.44261911,6763.96,4.96032e-05,nan,4462.44261911,1.29419e-16,1144866.13748,2.39136725773,876004.0,50000,1.31338,1.20056,446.428571429,1144866.13748,1.71246e-09,1
4631.64,0.000326043,0.7,16.5473,nan,100,3728.23407655,134,1.4656e-30,3728.23407655,14821.2,4.14594e-05,nan,3728.23407655,2.88777e-35,3773348.34309,4.55061365119,822975.0,50000,2.10414,6.79588,373.134328358,3773348.34309,2.6384e-09,1
4649.84,0.000192733,0.7,5.28074,nan,100,4462.47231007,112,5.7662e-10,4462.47231007,7346.88,4.96032e-05,nan,4462.47231007,2.10451e-14,1288412.32929,2.11554728515,874424.0,50000,1.35909,1.11292,446.428571429,1288412.32929,1.48247e-09,1
4649.74,0.00025781,0.7,9.83765,nan,100,4029.6903418,124,1.18722e-31,4029.6903418,12684.5,4.48029e-05,nan,4029.6903418,3.11128e-36,2999337.7405,4.84550599397,844520.0,50000,1.70961,3.01603,403.225806452,2999337.7405,2.07135e-09,1
4653.89,0.000176039,0.7,4.45336,nan,100,4543.86135802,110,4.60999e-06,4543.86135802,9662.04,5.05051e-05,nan,4543.86135802,1.82231e-10,1731771.64777,2.13553001082,872599.0,50000,1.27765,0.637626,454.545454545,1731771.64777,9.96345e-10,1
4670.75,0.000297588,0.7,6.70317,nan,100,4543.83193656,110,3.87418e-06,4543.83193656,9958.52,5.05051e-05,nan,4543.83193656,1.71994e-10,2083590.52522,1.58643729352,876396.0,50000,1.13763,0.318478,454.545454545,2083590.52522,6.27696e-10,1
4627.95,0.00160716,0.7,75.1199,nan,100,4095.82108121,122,,4095.82108121,10719.5,4.55373e-05,nan,4095.82108121,,2155732.8164,5.05009472495,847181.0,50000,2.12846,9.28275,409.836065574,2155732.8164,4.24895e-09,1
4638.02,0.0833276,0.7,1.251e+08,nan,100,3044.38225976,164,,3044.38225976,16617.1,3.38753e-05,nan,3044.38225976,,5100875.51416,12.00000353,800054.0,50000,50857.0,6.35938e+12,304.87804878,5100875.51416,2.8215e-06,1
4623.07,0.000292211,0.7,8.90359,nan,100,4461.37728912,112,3.39612e-09,4461.37728912,7002.05,4.96032e-05,nan,4461.37728912,1.11459e-13,984864.11921,4.84870626244,869476.0,50000,1.5114,2.29066,446.428571429,984864.11921,2.46731e-09,1
4648.28,0.000474638,0.7,30.7413,nan,100,3420.91101877,146,1.03825e-21,3420.91101877,16608.0,3.80518e-05,nan,3420.91101877,1.60303e-26,4473882.98772,4.95698450452,804912.0,50000,2.46453,12.9058,342.465753425,4473882.98772,3.07656e-09,1
4671.93,5.58063e-05,0.7,1.0045,nan,100,4999.20978735,100,0.989549,4999.20978735,1.64653,5.55556e-05,nan,4999.20978735,5.49755e-05,0.0152113438036,0.556321673099,899858.0,50000,0.99999,7.24609e-07,500.0,0.0152113438036,2.23649e-15,1
4628.03,0.000458571,0.7,34.8859,nan,100,3468.54604403,144,7.63322e-35,3468.54604403,13990.2,3.85803e-05,nan,3468.54604403,1.00338e-39,3755670.15384,3.47965004896,822136.0,50000,2.935,21.4536,347.222222222,3755670.15384,3.70691e-09,1
4622.83,0.00170622,0.7,217.668,nan,100,2901.55034402,172,,2901.55034402,17646.7,3.22997e-05,nan,2901.55034402,,4028168.19809,5.14605328931,775156.0,50000,4.12058,80.3311,290.697674419,4028168.19809,4.93587e-09,1
4640.15,0.0831837,0.7,2.02126e+06,nan,100,3784.89677788,132,5.6079e-35,3784.89677788,15861.1,4.20875e-05,nan,3784.89677788,2.30794e-42,4277643.77408,12.0000503745,825565.0,50000,1022.67,2.06242e+09,378.787878788,4277643.77408,3.49309e-06,1
4665.14,0.000257462,0.7,5.78791,nan,100,4462.47041691,112,5.14721e-07,4462.47041691,11257.9,4.96032e-05,nan,4462.47041691,2.28962e-11,2357824.28143,2.02745796675,868444.0,50000,1.11511,0.343325,446.428571429,2357824.28143,6.79342e-10,1
4670.48,0.000324066,0.7,7.55626,nan,100,4462.46703931,112,9.27099e-05,4462.46703931,10612.9,4.96032e-05,nan,4462.46703931,3.97605e-09,2411171.02663,2.66348117414,871865.0,50000,1.1566,0.426548,446.428571429,2411171.02663,7.84549e-10,1
4649.85,0.000190858,0.7,5.03563,nan,100,4462.50869289,112,1.72624e-08,4462.50869289,7826.78,4.96032e-05,nan,4462.50869289,6.54271e-13,1339361.61242,3.17323268139,872405.0,50000,1.30874,1.11678,446.428571429,1339361.61242,1.60428e-09,1
4629.26,0.00464465,0.7,290.552,nan,100,3727.44438249,134,1.07617e-32,3727.44438249,14128.3,4.14594e-05,nan,3727.44438249,1.72032e-37,3666574.31908,11.5615677934,825936.0,50000,2.59355,54.4224,373.134328358,3666574.31908,1.3907e-08,1
4663.83,0.00195538,0.7,61.64,nan,100,4095.8350153,122,4.68808e-12,4095.8350153,13843.3,4.55373e-05,nan,4095.8350153,1.48718e-16,3673790.64666,8.13022728408,849449.0,50000,1.43548,3.10633,409.836065574,3673790.64666,3.12598e-09,1
4671.9,5.60421e-05,0.7,1.00877,nan,100,4999.17715124,100,0.9889,4999.17715124,1.31754,5.55556e-05,nan,4999.17715124,5.49385e-05,0.00972796550221,0.556599674556,899852.0,50000,1.00001,6.76977e-07,500.0,0.00972796550221,2.0894e-15,1
4653.54,0.000244143,0.7,6.30096,nan,100,4543.8434259,110,2.30992e-07,4543.8434259,6591.31,5.05051e-05,nan,4543.8434259,8.95022e-12,953725.576684,2.44086481357,877001.0,50000,1.30346,0.972852,454.545454545,953725.576684,1.46057e-09,1
4663.83,0.000164609,0.7,3.73887,nan,100,4543.85815209,110,9.40454e-06,4543.85815209,10244.8,5.05051e-05,nan,4543.85815209,4.14049e-10,2011626.17986,1.7324502571,873349.0,50000,1.14715,0.320217,454.545454545,2011626.17986,6.20685e-10,1
4649.74,0.000165592,0.7,4.30931,nan,100,4462.51080298,112,1.04352e-08,4462.51080298,9566.88,4.96032e-05,nan,4462.51080298,4.00991e-13,1850070.17371,2.18096082421,870055.0,50000,1.29085,0.829761,446.428571429,1850070.17371,1.22523e-09,1
4627.84,0.000526579,0.7,50.5864,nan,100,3160.34841561,158,,3160.34841561,16147.8,3.51617e-05,nan,3160.34841561,,4411249.36114,5.64986027169,793410.0,50000,3.37786,35.6793,316.455696203,4411249.36114,3.86612e-09,1
4671.92,5.58903e-05,0.7,1.00603,nan,100,4999.19812795,100,0.99478,4999.19812795,0.858294,5.55556e-05,nan,4999.19812795,5.52653e-05,0.00412433960272,0.55593959158,899856.0,50000,1.00001,1.82256e-07,500.0,0.00412433960272,5.62513e-16,1
4671.88,5.60954e-05,0.7,1.00972,nan,100,4999.15921059,100,0.988259,4999.15921059,1.96947,5.55555e-05,nan,4999.15921059,5.49031e-05,0.0217559588334,0.55705449933,899849.0,50000,1.0,1.37979e-06,500.0,0.0217559588334,4.25858e-15,1
4649.87,0.00022329,0.7,5.97207,nan,100,4462.41132016,112,2.81794e-12,4462.41132016,6912.83,4.96032e-05,nan,4462.41132016,1.0536e-16,1068925.52622,2.89825408185,873650.0,50000,1.32668,1.13241,446.428571429,1068925.52622,1.58304e-09,1
4661.54,0.000909693,0.7,37.3031,nan,100,3843.2538626,130,1.40332e-17,3843.2538626,15148.5,4.2735e-05,nan,3843.2538626,3.42221e-22,4397468.03084,6.30083863192,835371.0,50000,1.7524,3.61833,384.615384615,4397468.03084,2.15183e-09,1
4648.95,0.00157352,0.7,121.751,nan,100,3120.72601368,160,,3120.72601368,16964.6,3.47222e-05,nan,3120.72601368,,4920389.52414,3.28209928379,798535.0,50000,2.68663,23.7364,312.5,4920389.52414,3.96474e-09,1
4671.94,5.60626e-05,0.7,1.00914,nan,100,4999.21635767,100,0.991234,4999.21635767,1.38707,5.55556e-05,nan,4999.21635767,5.50677e-05,0.0107989433399,0.556039941582,899859.0,50000,1.00002,5.82928e-07,500.0,0.0107989433399,1.7991e-15,1
4652.01,0.000401134,0.7,12.0006,nan,100,4095.8848974,122,2.2458e-10,4095.8848974,13714.3,4.55373e-05,nan,4095.8848974,7.50686e-15,3532413.44745,3.25666874802,847019.0,50000,1.36232,1.23302,409.836065574,3532413.44745,1.37767e-09,1
4649.92,0.000308517,0.7,12.9009,nan,100,3673.24529623,136,8.86054e-19,3673.24529623,15220.5,4.08497e-05,nan,3673.24529623,2.11895e-23,4636291.56274,3.33821667901,831052.0,50000,1.70816,3.78941,367.647058824,4636291.56274,2.16716e-09,1
4594.79,0.000788907,0.7,80.7142,nan,100,3420.03577698,146,,3420.03577698,13715.9,3.80517e-05,nan,3420.03577698,,3046788.64356,3.52085499978,810314.0,50000,3.89313,54.0272,342.465753425,3046788.64356,5.16136e-09,1
4672.0,5.58342e-05,0.7,1.00501,nan,100,4999.28037058,100,0.994378,4999.28037058,1.19964,5.55556e-05,nan,4999.28037058,5.52435e-05,0.00807581063541,0.555735340066,899870.0,50000,0.999994,4.02368e-07,500.0,0.00807581063541,1.2419e-15,1
4653.56,0.00040153,0.7,14.6188,nan,100,4164.36452241,120,9.29637e-11,4164.36452241,11277.9,4.62963e-05,nan,4164.36452241,2.55341e-15,2452030.28039,3.26098807704,853016.0,50000,1.68554,2.72428,416.666666667,2452030.28039,2.05525e-09,1
4653.71,0.000156931,0.7,4.1901,nan,100,4543.85553456,110,3.11811e-07,4543.85553456,6116.56,5.05051e-05,nan,4543.85553456,1.16782e-11,944747.910342,2.48317132132,879173.0,50000,1.3485,1.01861,454.545454545,944747.910342,1.42881e-09,1
4667.52,0.000231568,0.7,6.91344,nan,100,4164.34891699,120,1.39124e-10,4164.34891699,13339.8,4.62963e-05,nan,4164.34891699,4.66001e-15,3480881.12781,2.74763060468,854020.0,50000,1.38217,1.07585,416.666666667,3480881.12781,1.20704e-09,1
4645.32,0.000638992,0.7,39.7471,nan,100,3468.65117211,144,,3468.65117211,14228.2,3.85802e-05,nan,3468.65117211,,4398060.25373,6.4975834068,830956.0,50000,2.3998,12.7042,347.222222222,4398060.25373,3.28342e-09,1
4653.85,0.00034554,0.7,15.5085,nan,100,3843.25141347,130,6.18461e-36,3843.25141347,14206.1,4.2735e-05,nan,3843.25141347,1.37798e-40,4100167.02797,5.60228962549,839605.0,50000,1.91803,5.03194,384.615384615,4100167.02797,2.49802e-09,1
4662.07,0.000248675,0.7,5.64511,nan,100,4462.52779094,112,9.14166e-06,4462.52779094,11079.5,4.96032e-05,nan,4462.52779094,4.02702e-10,2326423.93773,1.97735965976,868470.0,50000,1.12603,0.401507,446.428571429,2326423.93773,7.79133e-10,1
4660.66,0.000203284,0.7,4.54293,nan,100,4543.66057149,110,0.000543117,4543.66057149,10081.4,5.05051e-05,nan,4543.66057149,2.4303e-08,1976326.51127,1.9472562562,873647.0,50000,1.12867,0.321391,454.545454545,1976326.51127,6.43528e-10,1
4671.97,5.57928e-05,0.7,1.00427,nan,100,4999.25103531,100,0.993915,4999.25103531,0.900257,5.55556e-05,nan,4999.25103531,5.52177e-05,0.00455994709135,0.555819295764,899865.0,50000,0.999997,1.5643e-07,500.0,0.00455994709135,4.82814e-16,1
4649.89,0.00059104,0.7,16.4414,nan,100,4462.50705261,112,1.43231e-06,4462.50705261,8196.67,4.96032e-05,nan,4462.50705261,5.14891e-11,1359094.93753,6.00392412234,870710.0,50000,1.37985,1.44855,446.428571429,1359094.93753,1.87192e-09,1
4653.76,0.000202778,0.7,5.36157,nan,100,4543.83220382,110,3.80806e-15,4543.83220382,6814.05,5.05051e-05,nan,4543.83220382,1.44023e-19,1145915.52431,2.7724012197,878653.0,50000,1.33539,0.991432,454.545454545,1145915.52431,1.41814e-09,1
4650.03,0.000269744,0.7,7.39814,nan,100,4462.47119961,112,2.05844e-17,4462.47119961,7451.42,4.96032e-05,nan,4462.47119961,7.50529e-22,1164204.95714,2.29405380031,871287.0,50000,1.36044,1.21506,446.428571429,1164204.95714,1.61531e-09,1
4647.22,0.0830476,0.7,1.522e+06,nan,100,3420.98355381,146,,3420.98355381,16382.2,3.80517e-05,nan,3420.98355381,,4900529.00585,12.0000442917,813663.0,50000,697.366,1.0573e+09,342.465753425,4900529.00585,3.14795e-06,1
4654.38,0.000165846,0.7,3.96786,nan,100,4543.86967834,110,1.30416e-09,4543.86967834,9377.28,5.05051e-05,nan,4543.86967834,5.45105e-14,1841718.95543,1.84878828948,874612.0,50000,1.20833,0.479705,454.545454545,1841718.95543,8.38054e-10,1
4649.75,0.000229802,0.7,8.69787,nan,100,4029.60936871,124,1.64234e-32,4029.60936871,11880.2,4.48029e-05,nan,4029.60936871,4.33916e-37,2731114.72357,4.19394010064,846074.0,50000,1.69576,3.01073,403.225806452,2731114.72357,2.10162e-09,1
4649.9,0.00027982,0.7,9.68524,nan,100,4029.68950409,124,4.47692e-10,4029.68950409,12382.6,4.48029e-05,nan,4029.68950409,1.29344e-14,3240335.71911,3.97467855163,849986.0,50000,1.55074,2.50321,403.225806452,3240335.71911,2.08945e-09,1
4652.96,0.000618885,0.7,29.3868,nan,100,3843.17429814,130,,3843.17429814,13390.1,4.2735e-05,nan,3843.17429814,,3129574.88253,5.23334325712,832518.0,50000,2.02921,5.9889,384.615384615,3129574.88253,2.65621e-09,1
4670.3,0.000185712,0.7,4.34317,nan,100,4462.43772288,112,8.90118e-05,4462.43772288,10571.5,4.96032e-05,nan,4462.43772288,3.8061e-09,2411139.24278,1.89305880731,872732.0,50000,1.16005,0.35655,446.428571429,2411139.24278,6.51906e-10,1
4670.69,0.000184629,0.7,4.19237,nan,100,4462.48828906,112,4.05994e-07,4462.48828906,10951.7,4.96032e-05,nan,4462.48828906,1.78797e-11,2411193.88045,2.17662333252,871045.0,50000,1.12634,0.333509,446.428571429,2411193.88045,6.46827e-10,1
4669.06,0.000349342,0.7,10.4519,nan,100,4029.68150247,124,2.1558e-15,4029.68150247,13706.1,4.48029e-05,nan,4029.68150247,7.20553e-20,3928918.87011,3.27515795643,850438.0,50000,1.34044,1.20697,403.225806452,3928918.87011,1.34837e-09,1
4659.41,0.000357464,0.7,10.5926,nan,100,4164.33746104,120,3.06941e-15,4164.33746104,12523.5,4.62963e-05,nan,4164.33746104,1.03582e-19,3391034.31562,2.59739715908,856733.0,50000,1.37189,1.14983,416.666666667,3391034.31562,1.30946e-09,1
4629.48,0.000649384,0.7,24.652,nan,100,4095.84369411,122,1.48089e-25,4095.84369411,11061.4,4.55373e-05,nan,4095.84369411,3.90098e-30,2297034.94549,2.9442199635,848506.0,50000,1.72869,4.00328,409.836065574,2297034.94549,2.7779e-09,1
4631.32,0.000334231,0.7,12.7966,nan,100,4095.85717737,122,5.19905e-30,4095.85717737,10584.5,4.55373e-05,nan,4095.85717737,1.35793e-34,2557940.80713,2.70282120821,854965.0,50000,1.74347,3.55475,409.836065574,2557940.80713,2.42501e-09,1
4653.72,0.000164683,0.7,4.54602,nan,100,4543.81706161,110,2.36138e-08,4543.81706161,7987.94,5.05051e-05,nan,4543.81706161,8.55427e-13,1340811.31003,2.86263032681,875373.0,50000,1.39417,1.04688,454.545454545,1340811.31003,1.37382e-09,1
4648.41,0.000345808,0.7,12.7529,nan,100,4095.84334042,122,6.7313e-09,4095.84334042,11450.9,4.55373e-05,nan,4095.84334042,1.82527e-13,2652976.40664,4.84274366959,851536.0,50000,1.67935,2.85458,409.836065574,2652976.40664,2.09892e-09,1
4631.91,0.0832946,0.7,1.66471e+07,nan,100,2971.64821092,168,,2971.64821092,18531.0,3.30688e-05,nan,2971.64821092,,5639125.18324,12.0000073337,786167.0,50000,6609.05,1.0993e+11,297.619047619,5639125.18324,2.75217e-06,1
4653.64,0.000182601,0.7,4.88305,nan,100,4543.87435721,110,1.13555e-06,4543.87435721,6204.41,5.05051e-05,nan,4543.87435721,4.24636e-11,946797.961219,3.50560620039,878636.0,50000,1.35059,1.0734,454.545454545,946797.961219,1.50101e-09,1
4649.96,0.000241137,0.7,5.65032,nan,100,4462.4363047,112,1.12271e-06,4462.4363047,9893.49,4.96032e-05,nan,4462.4363047,4.79135e-11,1969584.04406,1.91949835499,869830.0,50000,1.1623,0.606686,446.428571429,1969584.04406,1.10495e-09,1
4653.72,0.000209403,0.7,5.67941,nan,100,4543.8641555,110,1.09334e-08,4543.8641555,6327.56,5.05051e-05,nan,4543.8641555,4.03121e-13,979865.553528,3.62119107741,878847.0,50000,1.3698,1.06397,454.545454545,979865.553528,1.4464e-09,1
4671.96,5.59845e-05,0.7,1.00773,nan,100,4999.23913518,100,0.993006,4999.23913518,0.873944,5.55556e-05,nan,4999.23913518,5.51666e-05,0.00428994061695,0.55598945947,899863.0,50000,1.00001,4.52486e-07,500.0,0.00428994061695,1.39655e-15,1
4671.96,5.6004e-05,0.7,1.00807,nan,100,4999.23966381,100,0.994863,4999.23966381,1.10918,5.55556e-05,nan,4999.23966381,5.52705e-05,0.00689705676044,0.555775479735,899863.0,50000,0.999994,2.949e-07,500.0,0.00689705676044,9.10196e-16,1
4672.02,5.59465e-05,0.7,1.00704,nan,100,4999.29467653,100,0.996276,4999.29467653,0.598101,5.55556e-05,nan,4999.29467653,5.53483e-05,0.00200118384195,0.555944306162,899873.0,50000,1.00001,1.6669e-07,500.0,0.00200118384195,5.14473e-16,1
4634.63,0.0122718,0.7,879.739,nan,100,3468.60782936,144,1.77274e-38,3468.60782936,16139.0,3.85802e-05,nan,3468.60782936,2.46629e-43,4511745.00208,12.1571770582,809232.0,50000,2.76573,366.802,347.222222222,4511745.00208,7.13743e-08,1
4649.91,0.000210194,0.7,5.81132,nan,100,4462.51266869,112,9.42778e-13,4462.51266869,7732.23,4.96032e-05,nan,4462.51266869,3.41001e-17,1486479.95049,2.75424584337,874614.0,50000,1.3714,1.09459,446.428571429,1486479.95049,1.432e-09,1
4658.39,0.00262155,0.7,135.694,nan,100,3420.95330713,146,1.3576e-23,3420.95330713,16081.0,3.80518e-05,nan,3420.95330713,2.62283e-28,5356803.90789,9.32645486565,822676.0,50000,1.96959,13.3386,342.465753425,5356803.90789,4.97858e-09,1
4660.32,0.00119911,0.7,36.3674,nan,100,4029.68709007,124,,4029.68709007,13736.4,4.48029e-05,nan,4029.68709007,,3843018.35997,2.90149361466,848636.0,50000,1.35882,1.95364,403.225806452,3843018.35997,2.12391e-09,1
4670.5,0.000161919,0.7,3.61736,nan,100,4462.59471604,112,1.85211e-16,4462.59471604,10950.9,4.96032e-05,nan,4462.59471604,8.29033e-21,2411309.01981,1.96611336315,870879.0,50000,1.10816,0.34221,446.428571429,2411309.01981,6.85652e-10,1
4650.01,0.000177875,0.7,4.50763,nan,100,4462.49074947,112,8.02079e-18,4462.49074947,8060.41,4.96032e-05,nan,4462.49074947,3.16507e-22,1529709.55117,3.2007669041,873978.0,50000,1.25703,0.956023,446.428571429,1529709.55117,1.48867e-09,1
4649.87,0.00020007,0.7,5.13629,nan,100,4462.5240139,112,1.32462e-07,4462.5240139,7786.62,4.96032e-05,nan,4462.5240139,5.15971e-12,1498642.81833,3.04816393094,874948.0,50000,1.27343,0.994516,446.428571429,1498642.81833,1.50896e-09,1
4670.64,0.000191069,0.7,4.30755,nan,100,4543.78155219,110,6.52648e-06,4543.78155219,10430.7,5.05051e-05,nan,4543.78155219,2.89493e-10,2083544.30068,2.97323642514,874040.0,50000,1.13861,0.362925,454.545454545,2083544.30068,7.14063e-10,1
4648.22,0.00033741,0.7,12.6335,nan,100,4095.88779031,122,1.06256e-13,4095.88779031,12331.9,4.55373e-05,nan,4095.88779031,2.83785e-18,2912570.84331,2.99333440843,849223.0,50000,1.70504,2.98721,409.836065574,2912570.84331,2.13075e-09,1
4656.58,0.000489133,0.7,14.8258,nan,100,4029.70361702,124,2.46922e-07,4029.70361702,13429.6,4.48029e-05,nan,4029.70361702,8.14644e-12,3796645.18037,3.87945056813,849488.0,50000,1.35799,1.50574,403.225806452,3796645.18037,1.63895e-09,1
4668.31,0.000416614,0.7,12.0696,nan,100,4095.95167574,122,2.88094e-10,4095.95167574,12922.2,4.55373e-05,nan,4095.95167574,9.94434e-15,3711560.66536,3.35474797558,855945.0,50000,1.31925,1.15169,409.836065574,3711560.66536,1.37221e-09,1
4671.94,5.58315e-05,0.7,1.00498,nan,100,4999.22382048,100,0.996155,4999.22382048,1.44563,5.55556e-05,nan,4999.22382048,5.53412e-05,0.0117414837335,0.556003789494,899860.0,50000,1.00001,3.20986e-07,500.0,0.0117414837335,9.90673e-16,1
4647.48,0.000253995,0.7,9.06204,nan,100,4095.91635296,122,4.0209e-31,4095.91635296,10293.1,4.55373e-05,nan,4095.91635296,1.127e-35,2542167.69123,3.62200115801,859121.0,50000,1.62468,2.90874,409.836065574,2542167.69123,2.28509e-09,1
4653.92,0.000193213,0.7,5.07439,nan,100,4543.90590765,110,1.83243e-11,4543.90590765,5934.03,5.05051e-05,nan,4543.90590765,6.97718e-16,957763.203878,2.74779775778,880335.0,50000,1.32642,1.10421,454.545454545,957763.203878,1.60088e-09,1
4671.95,5.59e-05,0.7,1.00618,nan,100,4999.22851566,100,0.990645,4999.22851566,1.62661,5.55556e-05,nan,4999.22851566,5.50367e-05,0.0148432338625,0.55587356575,899861.0,50000,0.999984,5.1731e-07,500.0,0.0148432338625,1.59668e-15,1
4650.03,0.000210633,0.7,5.37912,nan,100,4462.5154418,112,3.09256e-07,4462.5154418,8774.74,4.96032e-05,nan,4462.5154418,1.21097e-11,1716367.89035,2.01786006904,872451.0,50000,1.26676,0.894967,446.428571429,1716367.89035,1.37226e-09,1
4628.04,0.000542634,0.7,46.1927,nan,100,3468.53498848,144,,3468.53498848,12608.0,3.85802e-05,nan,3468.53498848,,3102839.47753,3.60023743899,822383.0,50000,3.28422,30.1487,347.222222222,3102839.47753,4.16039e-09,1
4671.94,5.57413e-05,0.7,1.00333,nan,100,4999.21657025,100,0.996139,4999.21657025,1.25652,5.55556e-05,nan,4999.21657025,5.53417e-05,0.00885239800959,0.555831708758,899859.0,50000,0.999989,1.43169e-07,500.0,0.00885239800959,4.4189e-16,1
4653.66,0.000151769,0.7,3.82571,nan,100,4543.80531832,110,3.93466e-12,4543.80531832,7581.26,5.05051e-05,nan,4543.80531832,1.56091e-16,1258979.20447,2.23639997271,876420.0,50000,1.2731,0.902151,454.545454545,1258979.20447,1.41979e-09,1
4655.64,0.000296107,0.7,8.83417,nan,100,4029.6201317,124,1.69443e-13,4029.6201317,14400.3,4.48029e-05,nan,4029.6201317,5.67944e-18,3787605.91498,5.34991517704,843237.0,50000,1.33667,1.22647,403.225806452,3787605.91498,1.37791e-09,1
4647.48,0.000303986,0.7,14.7534,nan,100,3728.2285535,134,2.41939e-33,3728.2285535,14360.9,4.14594e-05,nan,3728.2285535,4.98503e-38,3957508.15372,7.09220034675,831412.0,50000,2.01216,6.06992,373.134328358,3957508.15372,2.57695e-09,1
4671.97,5.59402e-05,0.7,1.00692,nan,100,4999.25236202,100,0.989602,4999.25236202,0.996208,5.55556e-05,nan,4999.25236202,5.4978e-05,0.0055807069833,0.555890188165,899866.0,50000,0.999997,5.23684e-07,500.0,0.0055807069833,1.61631e-15,1
4665.72,0.0156025,0.7,584.155,nan,100,4095.95058802,122,4.05678e-26,4095.95058802,13627.8,4.55373e-05,nan,4095.95058802,1.08355e-30,3688716.21175,11.9800904977,851434.0,50000,1.70491,186.668,409.836065574,3688716.21175,1.33169e-07,1
4671.96,5.5933e-05,0.7,1.00677,nan,100,4999.24282009,100,0.990898,4999.24282009,1.019,5.55556e-05,nan,4999.24282009,5.50514e-05,0.00582863775629,0.5558774746,899864.0,50000,0.999973,5.7452e-07,500.0,0.00582863775629,1.7733e-15,1
4649.86,0.000203169,0.7,5.37584,nan,100,4462.4947522,112,4.08365e-11,4462.4947522,7094.74,4.96032e-05,nan,4462.4947522,1.54333e-15,1227432.0317,2.91064712143,875049.0,50000,1.3125,1.15339,446.428571429,1227432.0317,1.6474e-09,1
4647.08,0.000276327,0.7,9.86655,nan,100,4095.90767581,122,2.58815e-14,4095.90767581,11149.8,4.55373e-05,nan,4095.90767581,7.24849e-19,2801129.94807,3.36765301044,856679.0,50000,1.62596,2.92242,409.836065574,2801129.94807,2.29223e-09,1
4649.86,0.000163524,0.7,4.35253,nan,100,4462.53064078,112,5.78385e-10,4462.53064078,6999.72,4.96032e-05,nan,4462.53064078,2.17299e-14,1209316.51279,2.33652048658,875624.0,50000,1.32029,1.11354,446.428571429,1209316.51279,1.57177e-09,1
4648.11,0.000976899,0.7,68.19,nan,100,3160.36165777,158,,3160.36165777,17814.5,3.51617e-05,nan,3160.36165777,,5569949.06026,4.53017226611,794800.0,50000,2.45438,17.5011,316.455696203,5569949.06026,3.5919e-09,1
4671.93,5.61319e-05,0.7,1.01038,nan,100,4999.21617308,100,0.990958,4999.21617308,1.81801,5.55556e-05,nan,4999.21617308,5.50527e-05,0.0185490308198,0.556402639657,899859.0,50000,1.00001,1.06956e-06,500.0,0.0185490308198,3.30103e-15,1
4669.5,0.00021191,0.7,4.63517,nan,100,4462.50729899,112,3.34485e-10,4462.50729899,10379.4,4.96032e-05,nan,4462.50729899,1.52919e-14,2400468.82655,2.24736825805,873694.0,50000,1.08498,0.364949,446.428571429,2400468.82655,7.62789e-10,1
4651.2,0.000183527,0.7,6.75796,nan,100,4095.91177697,122,2.03599e-27,4095.91177697,12370.7,4.55373e-05,nan,4095.91177697,5.52918e-32,2812384.33767,2.90927296938,846803.0,50000,1.6768,2.66874,409.836065574,2812384.33767,1.96824e-09,1
4668.38,0.000209749,0.7,6.03015,nan,100,4095.91618656,122,4.12759e-37,4095.91618656,12951.7,4.55373e-05,nan,4095.91618656,1.43577e-41,3713140.46915,3.35249602861,855952.0,50000,1.30917,1.08251,409.836065574,3713140.46915,1.30971e-09,1
4653.74,0.000200839,0.7,5.35879,nan,100,4543.8386286,110,3.58571e-10,4543.8386286,5929.02,5.05051e-05,nan,4543.8386286,1.34387e-14,971957.189592,2.55142411952,880659.0,50000,1.34757,1.12607,454.545454545,971957.189592,1.58173e-09,1
4668.48,0.000316851,0.7,9.17488,nan,100,4095.94527698,122,7.1053e-26,4095.94527698,12957.8,4.55373e-05,nan,4095.94527698,2.45379e-30,3713192.63885,5.2018504969,856118.0,50000,1.3186,1.2267,409.836065574,3713192.63885,1.46301e-09,1
4669.36,0.000161228,0.7,3.64243,nan,100,4462.53495153,112,2.89294e-08,4462.53495153,10991.1,4.96032e-05,nan,4462.53495153,1.28053e-12,2400501.29335,1.59782559999,870722.0,50000,1.12063,0.356225,446.428571429,2400501.29335,6.97947e-10,1
4671.94,5.62173e-05,0.7,1.01191,nan,100,4999.22460898,100,0.989481,4999.22460898,1.4979,5.55556e-05,nan,4999.22460898,5.49712e-05,0.0125801409233,0.557182656488,899860.0,50000,0.999999,7.23091e-07,500.0,0.0125801409233,2.23177e-15,1
4663.1,0.000226109,0.7,5.11459,nan,100,4462.49500932,112,1.60941e-11,4462.49500932,10412.0,4.96032e-05,nan,4462.49500932,7.11499e-16,2336821.05016,2.2359524747,872417.0,50000,1.12203,0.384059,446.428571429,2336821.05016,7.50605e-10,1
4670.75,0.000252753,0.7,5.43716,nan,100,4543.81386389,110,3.84582e-06,4543.81386389,9746.96,5.05051e-05,nan,4543.81386389,1.78778e-10,2083574.10209,2.12200601328,876930.0,50000,1.08645,0.356032,454.545454545,2083574.10209,7.69376e-10,1
4671.98,5.60991e-05,0.7,1.00979,nan,100,4999.26301954,100,0.993074,4999.26301954,1.0295,5.55556e-05,nan,4999.26301954,5.51705e-05,0.00594274214279,0.55617786458,899868.0,50000,1.00001,5.25757e-07,500.0,0.00594274214279,1.62269e-15,1
4666.1,0.00114312,0.7,47.0721,nan,100,3728.20828417,134,2.18768e-22,3728.20828417,15839.5,4.14594e-05,nan,3728.20828417,5.31265e-27,4746488.00315,4.84081386028,831224.0,50000,1.70724,4.30815,373.134328358,4746488.00315,2.54066e-09,1
4650.15,0.000253349,0.7,7.71103,nan,100,4029.70620634,124,2.93447e-15,4029.70620634,12522.9,4.48029e-05,nan,4029.70620634,9.64132e-20,3652726.87709,2.46489678393,854290.0,50000,1.36364,1.58003,403.225806452,3652726.87709,1.7056e-09,1
4671.94,5.60647e-05,0.7,1.00916,nan,100,4999.21708547,100,0.991484,4999.21708547,1.64334,5.55555e-05,nan,4999.21708547,5.50827e-05,0.0151803436633,0.5562704205,899859.0,50000,0.999994,5.69588e-07,500.0,0.0151803436633,1.75801e-15,1
4669.29,0.000198527,0.7,4.29846,nan,100,4462.54046361,112,4.50422e-06,4462.54046361,10200.7,4.96032e-05,nan,4462.54046361,2.0803e-10,2400506.52136,2.31239474435,874266.0,50000,1.074,0.359012,446.428571429,2400506.52136,7.65809e-10,1
4649.9,0.000150194,0.7,3.95025,nan,100,4462.52204897,112,4.63265e-07,4462.52204897,9506.76,4.96032e-05,nan,4462.52204897,1.76139e-11,1777892.90473,2.13913873092,869578.0,50000,1.30462,0.923678,446.428571429,1777892.90473,1.33529e-09,1
4671.99,5.58617e-05,0.7,1.00553,nan,100,4999.27328782,100,0.991382,4999.27328782,0.96615,5.55555e-05,nan,4999.27328782,5.50757e-05,0.00523276205182,0.555894150847,899869.0,50000,1.00002,3.78021e-07,500.0,0.00523276205182,1.16669e-15,1
4670.53,0.000188463,0.7,4.19306,nan,100,4462.55547905,112,2.81913e-06,4462.55547905,10244.1,4.96032e-05,nan,4462.55547905,1.2671e-10,2411266.53293,2.30035786056,874711.0,50000,1.10361,0.378218,446.428571429,2411266.53293,7.64066e-10,1
4671.94,5.60356e-05,0.7,1.00866,nan,100,4999.21836576,100,0.992778,4999.21836576,1.93578,5.55556e-05,nan,4999.21836576,5.51534e-05,0.0210088862839,0.556043213232,899860.0,50000,1.00002,6.93031e-07,500.0,0.0210088862839,2.13891e-15,1
4660.37,0.000377162,0.7,14.8312,nan,100,3784.85906181,132,3.22241e-35,3784.85906181,16550.2,4.20875e-05,nan,3784.85906181,8.19467e-40,4550200.19677,4.86519149591,824913.0,50000,1.65502,2.69427,378.787878788,4550200.19677,1.74238e-09,1
4668.64,0.000241922,0.7,7.13101,nan,100,4164.39211473,120,3.45384e-10,4164.39211473,13143.6,4.62963e-05,nan,4164.39211473,1.17173e-14,3489272.84281,3.9440624195,855733.0,50000,1.36465,1.07791,416.666666667,3489272.84281,1.24059e-09,1
4646.65,0.000319233,0.7,9.87325,nan,100,4095.89950018,122,2.67952e-11,4095.89950018,12047.0,4.55373e-05,nan,4095.89950018,8.66371e-16,3479755.45523,2.5505935182,856254.0,50000,1.40838,1.4545,409.836065574,3479755.45523,1.52058e-09,1
4671.97,5.58565e-05,0.7,1.00541,nan,100,4999.25318304,100,0.994575,4999.25318304,1.05512,5.55556e-05,nan,4999.25318304,5.52546e-05,0.00624630938912,0.555999965626,899866.0,50000,0.999991,3.46213e-07,500.0,0.00624630938912,1.06858e-15,1
4658.75,0.00019753,0.7,4.45578,nan,100,4462.53554811,112,4.9136e-06,4462.53554811,9947.35,4.96032e-05,nan,4462.53554811,2.17826e-10,2285028.29903,1.7616925211,873368.0,50000,1.11892,0.384882,446.428571429,2285028.29903,7.56389e-10,1
4671.94,5.60391e-05,0.7,1.0087,nan,100,4999.21648705,100,0.995524,4999.21648705,1.39004,5.55556e-05,nan,4999.21648705,5.53068e-05,0.0108383429814,0.555889789667,899859.0,50000,1.0,3.87482e-07,500.0,0.0108383429814,1.19593e-15,1
4628.14,0.000647379,0.7,28.2987,nan,100,4095.92600082,122,1.64759e-22,4095.92600082,9248.92,4.55373e-05,nan,4095.92600082,3.76913e-27,2133280.64938,4.08124750333,859295.0,50000,1.99056,6.38826,409.836065574,2133280.64938,3.34323e-09,1
4649.98,0.000182662,0.7,4.85912,nan,100,4462.48113429,112,1.53244e-17,4462.48113429,6925.84,4.96032e-05,nan,4462.48113429,5.76069e-22,1199100.25547,2.32427279458,875703.0,50000,1.31953,1.12209,446.428571429,1199100.25547,1.58567e-09,1
4671.87,5.58731e-05,0.7,1.00568,nan,100,4999.15052996,100,0.990728,4999.15052996,2.23511,5.55556e-05,nan,4999.15052996,5.50421e-05,0.0280781598314,0.556271116166,899847.0,50000,0.99997,1.00929e-06,500.0,0.0280781598314,3.11527e-15,1
4648.06,0.000341966,0.7,19.4429,nan,100,3420.96239358,146,,3420.96239358,16371.8,3.80518e-05,nan,3420.96239358,,4860493.87602,7.73858572511,814268.0,50000,2.16348,8.58003,342.465753425,4860493.87602,2.6542e-09,1
4668.36,0.000402636,0.7,11.6757,nan,100,4095.92676348,122,9.37893e-12,4095.92676348,13346.6,4.55373e-05,nan,4095.92676348,3.23431e-16,3713157.86603,2.71613622,853649.0,50000,1.3205,1.04184,409.836065574,3713157.86603,1.23897e-09,1
4632.62,0.000233162,0.7,8.97158,nan,100,4163.47093115,120,1.82025e-18,4163.47093115,11605.8,4.62963e-05,nan,4163.47093115,4.73064e-23,2723444.63152,3.25072888711,854201.0,50000,1.78138,3.83265,416.666666667,2723444.63152,2.58867e-09,1
37.0623,0.0831672,0.7,1.87902e+08,nan,100,22.6823948308,15298,,22.6823948308,759.199,3.63156e-07,nan,22.6823948308,,92.2345473766,12.0000059301,6086.32,50000,820.49,1.53864e+11,3.26840109818,92.2345473766,3.01422e-08,1
37.2516,0.000959918,0.7,4048.3,nan,100,22.0576314192,15596,,22.0576314192,829.56,3.56217e-07,nan,22.0576314192,,100.268024665,38.917013626,6113.41,50000,1.50229,821.61,3.20595024365,100.268024665,4.61943e-11,1
37.0544,0.000351335,0.7,1631.24,nan,100,22.773485145,15252,,22.773485145,810.076,3.64251e-07,nan,22.773485145,,96.371611349,48.3772122679,6058.16,50000,1.6912,750.576,3.27825858904,96.371611349,3.4818e-11,1
37.0816,0.00986083,0.7,70626.3,nan,100,22.3485597482,15456,,22.3485597482,791.535,3.59443e-07,nan,22.3485597482,,95.503680609,29.8784808118,6006.95,50000,2.57444,42840.9,3.23498964803,95.503680609,8.35129e-10,1
37.0485,0.000915023,0.7,5140.21,nan,100,22.3761027755,15436,,22.3761027755,802.902,3.59909e-07,nan,22.3761027755,,100.82208443,94.9144684932,6095.19,50000,2.02182,1633.68,3.23918113501,100.82208443,5.17689e-11,1
36.9252,0.000632586,0.7,3259.96,nan,100,22.0503398383,15596,,22.0503398383,825.62,3.56217e-07,nan,22.0503398383,,95.664167297,36.0091846222,5956.17,50000,1.83572,1214.1,3.20595024365,95.664167297,4.57162e-11,1
37.0896,0.00248025,0.7,17035.5,nan,100,22.2170255726,15516,,22.2170255726,825.799,3.58053e-07,nan,22.2170255726,,91.4395022116,101.796271381,5928.5,50000,2.45928,6665.7,3.22248002062,91.4395022116,1.41294e-10,1
37.1475,0.056081,0.7,5.31365e+06,nan,100,22.5851735079,15340,,22.5851735079,795.086,3.62162e-07,nan,22.5851735079,,100.018289087,20.302832826,5999.61,50000,34.3147,1.42182e+08,3.25945241199,100.018289087,1.58376e-08,1
37.2357,0.00275408,0.7,18767.9,nan,100,22.474441393,15396,,22.474441393,794.731,3.60844e-07,nan,22.474441393,,99.4933281039,133.377278897,5843.27,50000,2.459,5900.54,3.24759677838,99.4933281039,1.27061e-10,1
4054.47,0.0584174,0.7,2.97835e+21,nan,100,26.751709795,13602,,26.751709795,36898.4,4.08437e-07,nan,26.751709795,,21929.139251,11.8563315097,395034.0,50000,2.08237e+16,inf,3.67593001029,21929.139251,1.69284e-08,1
37.2214,0.000851526,0.7,5342.32,nan,100,22.3673960779,15444,,22.3673960779,791.803,3.59723e-07,nan,22.3673960779,,98.9733098022,41.4407299457,5958.73,50000,2.25684,1628.9,3.2375032375,98.9733098022,4.13836e-11,1
37.0704,0.0833164,0.7,2.19345e+09,nan,100,22.2925101029,15476,,22.2925101029,683.547,3.58979e-07,nan,22.2925101029,,100.867698622,11.9999964082,5876.71,50000,9450.76,2.07255e+13,3.23080899457,100.867698622,2.99026e-08,1
36.9603,0.010305,0.7,147225.0,nan,100,22.5853117199,15340,,22.5853117199,706.7,3.62161e-07,nan,22.5853117199,,95.3296280036,102.225403081,5818.24,50000,5.17411,246654.0,3.25945241199,95.3296280036,1.20843e-09,1
37.0246,0.0642139,0.7,4.06577e+09,nan,100,22.6228034653,15326,,22.6228034653,769.404,3.62492e-07,nan,22.6228034653,,96.0232776589,18.5488275635,5949.71,50000,22951.6,7.82451e+13,3.26242985776,96.0232776589,1.95177e-08,1
36.985,0.00282836,0.7,14931.7,nan,100,22.227287223,15514,,22.227287223,699.66,3.581e-07,nan,22.227287223,,98.2675551722,23.1754391741,5881.23,50000,1.8905,2183.11,3.22289544927,98.2675551722,7.83302e-11,1
36.9532,0.0849505,0.7,1.39024e+09,nan,100,22.2567878114,15500,,22.2567878114,770.051,3.58423e-07,nan,22.2567878114,,101.393690818,9.99999937861,5944.78,50000,5865.72,7.10781e+12,3.22580645161,101.393690818,2.6539e-08,1
37.245,0.0382616,0.7,2.8593e+08,nan,100,22.4129783415,15422,,22.4129783415,756.134,3.60236e-07,nan,22.4129783415,,99.300876978,33.1333302692,5876.71,50000,2692.05,6.06209e+11,3.2421216444,99.300876978,1.0855e-08,1
36.9916,0.093658,0.7,2.54528e+07,nan,100,22.67893056,15296,,22.67893056,679.795,3.63203e-07,nan,22.67893056,,96.7737534224,10.0000349741,5769.53,50000,98.7054,2.35518e+09,3.26882845188,96.7737534224,3.18889e-08,1
36.9391,0.0833293,0.7,1.08978e+10,nan,100,21.9799910534,15634,,21.9799910534,679.055,3.55351e-07,nan,21.9799910534,,99.5009376049,11.9999958502,5770.8,50000,46472.8,5.06425e+14,3.19815786107,99.5009376049,2.96095e-08,1
36.7342,0.00300351,0.7,19965.8,nan,100,21.712751948,15762,,21.712751948,858.262,3.52465e-07,nan,21.712751948,,101.378602226,56.9107462307,5725.13,50000,2.34301,5022.21,3.17218627078,101.378602226,1.13652e-10,1
37.4099,0.083317,0.7,2.62094e+09,nan,100,22.1527186884,15550,,22.1527186884,690.473,3.57271e-07,nan,22.1527186884,,99.4445628061,12.0000019624,5734.35,50000,11238.8,2.94502e+13,3.2154340836,99.4445628061,2.97607e-08,1
37.2814,0.002087,0.7,12243.4,nan,100,22.1616603844,15542,,22.1616603844,771.544,3.57454e-07,nan,22.1616603844,,102.079837284,85.8207880668,5725.18,50000,2.097,2800.34,3.21708917771,102.079837284,8.13683e-11,1
37.1546,0.00681415,0.7,229875.0,nan,100,22.321222727,15466,,22.321222727,707.395,3.59211e-07,nan,22.321222727,,101.307978526,111.46775281,5752.36,50000,12.118,1.6067e+06,3.23289796974,101.307978526,1.4118e-09,1
36.6576,0.00101987,0.7,6621.12,nan,100,21.9886449122,15626,,21.9886449122,760.494,3.55533e-07,nan,21.9886449122,,95.582368637,90.9162048536,5631.18,50000,2.30815,1809.94,3.19979521311,95.582368637,4.29432e-11,1
37.1521,0.0999987,0.7,4.54017e+10,nan,100,22.5291970058,15370,,22.5291970058,634.919,3.61455e-07,nan,22.5291970058,,97.1926861285,10.0000015225,5788.82,50000,164109.0,7.45066e+15,3.25309043591,97.1926861285,3.61443e-08,1
37.1894,0.0505763,0.7,2.36117e+06,nan,100,22.3461041422,15454,,22.3461041422,617.542,3.5949e-07,nan,22.3461041422,,98.0877788208,12.0011098758,5659.01,50000,16.7829,2.43557e+07,3.23540830853,98.0877788208,1.11748e-08,1
