VarRet,VarVanillaIw,AvgRet,IterType,J,AvgNormIw,VarNormIw,MinVanillaIw,ESSRenyi,VarJ,AvgEpLen,renyi2,Bound,VarDiscRet,AvgVanillaIw,delta,ESSClassic,MaxVanillaIw,MinNormIw,EpsThisIter,MaxNormIw,VanillaAvgRet,AvgDiscRet,BatchSize,SamplesThisIter
3152.81434199,5.12762e+21,47.6226153213,1,44392.1,6.40484e-07,1.94238e-08,,nan,5151.8,5.76435323957,nan,616.198,3152.81434199,3.29077e+08,0.8,20.9034836073,1.85949e+13,,8674,0.0361913,47.6226153213,47.6226153213,100,50000
5820.44868921,2.35896e+23,54.8937208572,1,43476.1,7.21126e-07,8.84923e-09,,nan,18879.9,6.49013499481,nan,439.321,5820.44868921,3.72323e+09,0.8,16.7713930468,1.06471e+14,,7704,0.0206215,54.8937208572,54.8937208572,100,50000
9754.44022878,7.89887e+22,58.4501550904,1,nan,7.60618e-07,1.47981e-08,,nan,nan,6.84556407448,nan,nan,9754.44022878,1.7573e+09,0.8,20.5207428956,6.63561e+13,,7304,0.0287211,58.4501550904,58.4501550904,100,50000
6072.28719097,5.07388e+24,56.5716733738,1,56366.1,7.39952e-07,5.71169e-08,,nan,11610.6,6.65956313266,nan,795.517,6072.28719097,6.97414e+09,0.8,11.9812276258,7.55335e+14,,7508,0.0801405,56.5716733738,56.5716733738,100,50000
5969.12342708,1.62504e+28,55.2359113201,1,48790.9,7.25079e-07,7.05956e-08,,nan,7644.52,6.52571130253,nan,612.244,5969.12342708,3.4788e+11,0.8,9.998967587,4.7339e+16,,7662,0.0986676,55.2359113201,55.2359113201,100,50000
6955.91569959,5.93416e+19,60.4196629803,1,33609.5,7.82693e-07,6.52159e-08,,nan,16197.1,7.04423781347,nan,786.846,6955.91569959,2.36099e+07,0.8,12.0000027592,2.51359e+12,,7098,0.0833283,60.4196629803,60.4196629803,100,50000
14731.1317929,8.94907e+24,79.7021670552,1,79914.5,9.97049e-07,9.39798e-08,,nan,9226.32,8.97343862168,nan,1018.49,14731.1317929,9.72945e+09,0.8,9.99450155872,9.47139e+14,,5572,0.0970603,79.7021670552,79.7021670552,100,50000
19029.3449836,inf,110.993203192,1,77137.8,1.34452e-06,1.34447e-07,,nan,10023.2,12.1006776379,nan,959.512,19029.3449836,9.47527e+14,0.8,9.99999978943,7.04723e+19,,4132,0.0999987,110.993203192,110.993203192,100,50000
18410.4191919,1.31041e+24,114.86093527,1,81579.2,1.3875e-06,1.1527e-07,,nan,11718.0,12.4875124875,nan,1112.07,18410.4191919,4.6782e+09,0.8,11.9999734004,2.80542e+14,,4004,0.0832057,114.86093527,114.86093527,100,50000
38206.0859701,3.66351e+16,151.999333531,1,nan,1.80024e-06,8.40853e-08,,nan,nan,16.2022034997,nan,nan,38206.0859701,1.18828e+06,0.8,11.7506167361,4.01796e+10,,3086,0.0608719,151.999333531,151.999333531,100,50000
119294.605974,3.45257e+18,300.538692222,1,232850.0,3.45065e-06,1.85396e-07,,nan,12404.9,31.0559006211,nan,1682.94,119294.605974,1.4891e+07,0.8,11.7478809776,2.85714e+11,,1610,0.066208,300.538692222,300.538692222,100,50000
102596.676823,5.48207e+32,242.24488478,1,247391.0,2.80301e-06,1.42607e-07,,nan,14592.2,25.2270433905,nan,1952.73,102596.676823,1.7379e+14,0.8,6.30457532632,3.51156e+18,,1982,0.0566367,242.24488478,242.24488478,100,50000
223431.257641,9.44848e+29,202.274975374,1,356246.0,2.35805e-06,2.20214e-07,,nan,35151.4,21.2224108659,nan,4208.87,223431.257641,4.88439e+12,0.8,9.9917390919,2.00092e+17,,2356,0.0965989,202.274975374,202.274975374,100,50000
157657.005921,inf,202.598246898,1,272958.0,2.36206e-06,1.4347e-07,,nan,21362.3,21.2585034014,nan,3064.06,157657.005921,4.23513e+19,0.8,8.81533689306,1.31202e+24,,2352,0.073175,202.598246898,202.598246898,100,50000
128226.651001,3.43205e+23,219.988840871,1,nan,2.55545e-06,1.33541e-07,,nan,nan,22.9990800368,nan,nan,128226.651001,4.09674e+09,0.8,11.5662172017,1.03865e+14,,2174,0.0647884,219.988840871,219.988840871,100,50000
966623.831738,1.18914e+22,578.575776012,1,610878.0,6.53595e-06,3.52021e-07,,nan,26481.9,58.8235294118,nan,4466.4,966623.831738,1.20127e+09,0.8,11.5517908942,1.20818e+13,,850,0.0657352,578.575776012,578.575776012,100,50000
332906.808318,inf,260.927788456,1,464963.0,3.00951e-06,2.47224e-07,,nan,33091.4,27.0855904659,nan,4277.52,332906.808318,4.50414e+17,0.8,11.9996260473,1.23829e+22,,1846,0.0827384,260.927788456,260.927788456,100,50000
386355.131355,inf,446.306245498,1,534336.0,5.06894e-06,4.1956e-07,,nan,31166.3,45.6204379562,nan,4208.61,386355.131355,2.40911e+16,0.8,9.89116746332,4.30045e+20,,1096,0.0904846,446.306245498,446.306245498,100,50000
736774.101639,inf,662.109234377,1,593910.0,7.46714e-06,5.58505e-07,,nan,24380.5,67.2043010753,nan,4063.48,736774.101639,1.03195e+16,0.8,11.981947366,1.09029e+20,,744,0.0788931,662.109234377,662.109234377,100,50000
244810.526332,inf,593.906228757,1,361381.0,6.70961e-06,5.51286e-07,,nan,10354.0,60.38647343,nan,2361.18,244810.526332,1.7426e+18,0.8,11.9996877087,2.14912e+22,,828,0.0827485,593.906228757,593.906228757,100,50000
998890.614082,5.33073e+22,741.161598436,1,614865.0,8.34168e-06,5.88242e-07,,nan,24089.6,75.0750750751,nan,4466.25,998890.614082,2.51113e+09,0.8,11.9709195529,2.30501e+13,,666,0.0765699,741.161598436,741.161598436,100,50000
606287.236206,inf,734.271049652,1,nan,8.26719e-06,6.88866e-07,,nan,nan,74.4047619048,nan,nan,606287.236206,8.75138e+17,0.8,11.9999991981,8.82137e+21,,672,0.0833331,734.271049652,734.271049652,100,50000
1515449.08775,1.45769e+22,1210.24467212,1,701212.0,1.35501e-05,1.12855e-06,,nan,19005.2,121.951219512,nan,4465.97,1515449.08775,1.53998e+09,0.8,12.0000026346,9.46896e+12,,410,0.0833162,1210.24467212,1210.24467212,100,50000
3944041.01242,2050.78,2225.67625137,1,850362.0,2.48016e-05,7.89139e-09,,nan,12680.3,223.214285714,nan,4693.62,3944041.01242,12.6433,0.8,6.57192683332,1697.77,,224,0.00333041,2225.67625137,2225.67625137,100,50000
1864286.80901,3.1898e+14,715.42130648,1,624064.0,8.05153e-06,9.3093e-08,,nan,36536.6,72.4637681159,nan,4630.5,1864286.80901,471305.0,0.8,7.75198950526,1.33139e+09,,690,0.0227448,715.42130648,715.42130648,100,50000
2446769.86223,4.40488e+11,1068.69576879,1,686156.0,1.19732e-05,5.21747e-07,,nan,22614.0,107.75862069,nan,4620.53,2446769.86223,11001.4,0.8,11.82523434,5.49238e+07,,464,0.0597755,1068.69576879,1068.69576879,100,50000
3241272.03148,1.79125e+08,1160.006594,1,741638.0,1.29803e-05,1.78187e-07,,nan,27927.1,116.822429907,nan,4694.57,3241272.03148,411.551,0.8,11.9965665769,881534.0,,428,0.0278035,1160.006594,1160.006594,100,50000
2068944.80925,6.02199e+13,724.080887961,1,682005.0,8.14597e-06,1.80686e-07,,nan,32300.8,73.3137829912,nan,4664.96,2068944.80925,148714.0,0.8,9.68102734208,7.01921e+08,,682,0.0384486,724.080887961,724.080887961,100,50000
1044323.41091,1.05297e+27,405.596606247,1,557658.0,4.61425e-06,3.74727e-07,,nan,40724.3,41.5282392027,nan,4563.75,1044323.41091,2.44597e+11,0.8,10.0000031081,4.74483e+15,,1204,0.0895099,405.596606247,405.596606247,100,50000
1735915.68141,3.76133e+16,690.978668984,1,616288.0,7.78089e-06,3.79602e-07,,nan,35512.2,70.0280112045,nan,4612.5,1735915.68141,2.44926e+06,0.8,11.9786281927,1.94376e+10,,714,0.0617499,690.978668984,690.978668984,100,50000
1357588.883,1.30988e+18,650.132480653,1,607579.0,7.32923e-06,2.53771e-07,,nan,28017.5,65.963060686,nan,4556.84,1357588.883,1.66515e+07,0.8,11.9544642566,1.05588e+11,,758,0.0464752,650.132480653,650.132480653,100,50000
2591780.48877,2.79496e+10,1159.23673932,1,664410.0,1.29803e-05,1.56016e-07,,nan,28414.2,116.822429907,nan,4618.64,2591780.48877,5493.97,0.8,6.28037018548,9.39277e+06,,428,0.0221917,1159.23673932,1159.23673932,100,50000
2563525.94756,8.25853e+15,1247.51416191,1,727984.0,1.39587e-05,1.01021e-06,,nan,17279.7,125.628140704,nan,4611.12,2563525.94756,1.26209e+06,0.8,11.9332608525,7.00271e+09,,398,0.07745,1247.51416191,1247.51416191,100,50000
2584125.66927,4.58852e+07,1428.21598592,1,741701.0,1.59642e-05,5.81129e-08,,nan,20563.7,143.67816092,nan,4612.4,2584125.66927,448.589,0.8,8.8717194241,272054.0,,348,0.00968177,1428.21598592,1428.21598592,100,50000
2560004.20316,3.58795e+17,1247.6408573,1,691552.0,1.39587e-05,1.15737e-06,,nan,22692.9,125.628140704,nan,4621.27,2560004.20316,7.77196e+06,0.8,12.0037758474,4.62853e+10,,398,0.0831299,1247.6408573,1247.6408573,100,50000
2522071.77491,7.5386e+09,1127.54012306,1,723835.0,1.26263e-05,1.30639e-07,,nan,28200.5,113.636363636,nan,4621.18,2522071.77491,3033.08,0.8,7.82780000377,4.4955e+06,,440,0.0187141,1127.54012306,1127.54012306,100,50000
4385631.85743,2968.7,2544.98833558,1,840269.0,2.83447e-05,2.01555e-08,,nan,12625.1,255.102040816,nan,4694.97,4385631.85743,10.8782,0.8,10.7560572985,2115.5,,196,0.00551222,2544.98833558,2544.98833558,100,50000
3709666.5982,326.5,2802.6611833,1,834957.0,3.1211e-05,6.05277e-09,,nan,13828.0,280.898876404,nan,4687.31,3709666.5982,7.2489,0.8,4.65863838527,253.352,,178,0.00109084,2802.6611833,2802.6611833,100,50000
2402020.68016,3.61465e+16,689.080279787,1,625522.0,7.75916e-06,7.31051e-07,,nan,30504.0,69.8324022346,nan,4659.13,2402020.68016,1.72534e+06,0.8,9.99361749176,2.15776e+10,,716,0.0970383,689.080279787,689.080279787,100,50000
326698.909325,6.17142e+28,135.000689092,1,354682.0,1.61031e-06,1.60939e-07,,nan,58082.8,14.4927536232,nan,4440.27,326698.909325,9.97172e+11,0.8,10.0000006825,6.19072e+16,,3450,0.0999723,135.000689092,135.000689092,100,50000
771559.009304,4.06744e+19,249.601709048,1,508109.0,2.88151e-06,2.14159e-07,,nan,56107.8,25.9336099585,nan,4622.08,771559.009304,3.97112e+07,0.8,11.9999401793,1.08359e+12,,1928,0.0786274,249.601709048,249.601709048,100,50000
1694707.42647,7.16766e+13,638.323881037,1,602908.0,7.19632e-06,7.86756e-08,,nan,28841.1,64.7668393782,nan,4624.88,1694707.42647,217210.0,0.8,9.60475519699,6.12829e+08,,772,0.0203035,638.323881037,638.323881037,100,50000
2750621.13032,3.60184e+09,1046.0525331,1,677481.0,1.17206e-05,9.49405e-08,,nan,26936.9,105.485232068,nan,4629.71,2750621.13032,2282.89,0.8,22.9477769463,2.86044e+06,,474,0.0146858,1046.0525331,1046.0525331,100,50000
3319677.31842,4.67091e+07,1211.38924131,1,nan,1.35501e-05,9.84576e-08,,nan,nan,121.951219512,nan,nan,3319677.31842,295.134,0.8,8.17439164049,383669.0,,410,0.0176149,1211.38924131,1211.38924131,100,50000
2301976.62314,1.02929e+13,829.844283412,1,620684.0,9.3214e-06,5.23548e-07,,nan,28265.8,83.8926174497,nan,4622.28,2301976.62314,41330.7,0.8,10.0022257325,3.29624e+08,,596,0.0743409,829.844283412,829.844283412,100,50000
3202255.04169,5.45511e+07,1083.13364485,1,662452.0,1.213e-05,9.0833e-08,,nan,27317.6,109.170305677,nan,4663.11,3202255.04169,297.264,0.8,11.6910364482,432030.0,,458,0.0176293,1083.13364485,1083.13364485,100,50000
2881324.6075,2.63147e+09,971.545496456,1,663666.0,1.08932e-05,1.16367e-07,,nan,31200.5,98.0392156863,nan,4637.24,2881324.6075,1638.1,0.8,16.0704410462,4.09064e+06,,510,0.0272024,971.545496456,971.545496456,100,50000
2290424.11693,4.81456e+11,1068.71091705,1,nan,1.19732e-05,1.81153e-07,,nan,nan,107.75862069,nan,nan,2290424.11693,19519.4,0.8,9.29117388585,4.84298e+07,,464,0.0297068,1068.71091705,1068.71091705,100,50000
3375969.78413,734.799,3283.94840495,1,848312.0,3.65497e-05,4.10718e-08,,nan,10784.2,328.947368421,nan,4697.58,3375969.78413,4.88873,0.8,6.85657569837,945.595,,152,0.00706957,3283.94840495,3283.94840495,100,50000
4367082.33809,227533.0,1803.97324139,1,768127.0,2.01288e-05,2.07131e-07,,nan,21116.4,181.15942029,nan,4678.18,4367082.33809,21.0968,0.8,11.9561198775,30506.8,,276,0.0291071,1803.97324139,1803.97324139,100,50000
47699.0084778,inf,55.3396427639,1,366979.0,7.25837e-07,2.1956e-08,,nan,78323.5,6.53253200941,nan,4277.77,47699.0084778,8.65264e+14,0.8,10.943182881,5.71561e+19,,7654,0.047946,55.3396427639,55.3396427639,100,50000
16534.4352072,1.03576e+28,76.0621316326,1,79894.9,9.56535e-07,7.9693e-08,,nan,11016.0,8.608815427,nan,892.543,16534.4352072,3.44842e+11,0.8,12.0000034819,3.00393e+16,,5808,0.0833243,76.0621316326,76.0621316326,100,50000
177226.733267,5.64289e+23,265.036423168,1,244786.0,3.05586e-06,1.70134e-07,,nan,25035.9,27.502750275,nan,3122.87,177226.733267,5.56531e+09,0.8,9.44082360223,1.32038e+14,,1818,0.0725011,265.036423168,265.036423168,100,50000
362015.65006,inf,289.057348403,1,390638.0,3.3227e-06,2.47676e-07,,nan,38084.5,29.9043062201,nan,3978.25,362015.65006,6.4128e+17,0.8,11.9581936164,1.5185e+22,,1672,0.0786787,289.057348403,289.057348403,100,50000
555526.189346,inf,338.802217004,1,471315.0,3.87417e-06,3.17548e-07,,nan,37858.4,34.8675034868,nan,4351.35,555526.189346,2.75873e+14,0.8,11.9993961055,5.8851e+18,,1434,0.0826462,338.802217004,338.802217004,100,50000
1379269.94138,7.3724e+17,802.185004955,1,615801.0,9.01876e-06,3.94567e-07,,nan,34395.5,81.1688311688,nan,4482.98,1379269.94138,1.23279e+07,0.8,11.5236974617,8.08881e+10,,616,0.0591754,802.185004955,802.185004955,100,50000
2269601.6973,1.54455e+11,1059.52295923,1,621487.0,1.18708e-05,1.3882e-07,,nan,26764.3,106.837606838,nan,4622.31,2269601.6973,12521.5,0.8,9.76859845013,2.77128e+07,,468,0.0262728,1059.52295923,1059.52295923,100,50000
3395000.88454,6.09421e+06,1900.51490039,1,745379.0,2.12044e-05,6.0897e-07,,nan,19484.6,190.839694656,nan,4620.14,3395000.88454,67.0791,0.8,12.0671067338,154571.0,,262,0.0488616,1900.51490039,1900.51490039,100,50000
3717621.46005,4830.84,1778.54430685,1,708525.0,1.98413e-05,5.68141e-09,,nan,23463.0,178.571428571,nan,4689.42,3717621.46005,18.2959,0.8,4.47220229367,1334.17,,280,0.00144686,1778.54430685,1778.54430685,100,50000
3847681.17913,133698.0,1554.96839756,1,705199.0,1.73611e-05,3.81367e-08,,nan,27630.8,156.25,nan,4695.18,3847681.17913,32.5063,0.8,13.6690106355,20845.6,,320,0.0111333,1554.96839756,1554.96839756,100,50000
3454737.95371,10464.5,1930.1624714,1,745357.0,2.15332e-05,8.91849e-09,,nan,18902.0,193.798449612,nan,4620.18,3454737.95371,23.325,0.8,3.35853739674,2529.64,,258,0.00233531,1930.1624714,1930.1624714,100,50000
3591884.96061,191.683,2970.84326853,1,812884.0,3.30688e-05,5.77041e-09,,nan,13756.2,297.619047619,nan,4690.42,3591884.96061,6.02708,0.8,2.62661424565,196.037,,168,0.00107559,2970.84326853,2970.84326853,100,50000
4200713.77921,1.79399e+09,2653.91596905,1,803218.0,2.95508e-05,1.84218e-06,,nan,15162.1,265.957446809,nan,4695.33,4200713.77921,922.175,0.8,12.0000290117,2.2216e+06,,188,0.0711904,2653.91596905,2653.91596905,100,50000
3754218.47017,3888.58,2042.39211954,1,756230.0,2.27687e-05,8.7542e-09,,nan,20851.3,204.918032787,nan,4689.99,3754218.47017,15.1749,0.8,6.82244767753,2047.55,,244,0.00307218,2042.39211954,2042.39211954,100,50000
4351079.6763,4.74155e+06,2804.03900949,1,819091.0,3.1211e-05,1.20904e-06,,nan,14505.8,280.898876404,nan,4715.38,4351079.6763,61.8084,0.8,11.9997647366,94214.3,,178,0.0475748,2804.03900949,2804.03900949,100,50000
4355222.76381,480.422,2287.69997099,1,771542.0,2.54842e-05,4.27946e-09,,nan,20519.8,229.357798165,nan,4714.54,4355222.76381,8.53863,0.8,4.66122457332,305.816,,218,0.00091273,2287.69997099,2287.69997099,100,50000
3888524.52587,5.49443e+06,1976.94242847,1,739109.0,2.20459e-05,9.89219e-07,,nan,25063.3,198.412698413,nan,4652.65,3888524.52587,51.9568,0.8,11.9999839681,142287.0,,252,0.060374,1976.94242847,1976.94242847,100,50000
4159255.64374,4.71748e+06,2900.87105031,1,817998.0,3.22997e-05,2.05875e-06,,nan,13768.8,290.697674419,nan,4685.86,4159255.64374,48.8936,0.8,12.0002194082,110339.0,,172,0.0728916,2900.87105031,2900.87105031,100,50000
4165738.37056,2478.9,2076.59580034,1,747595.0,2.31481e-05,8.04274e-09,,nan,20255.6,208.333333333,nan,4690.58,4165738.37056,12.8512,0.8,5.94364444729,2074.24,,240,0.0037362,2076.59580034,2076.59580034,100,50000
3832300.34356,7868.71,1916.10662025,1,728868.0,2.13675e-05,2.9146e-08,,nan,23607.1,192.307692308,nan,4662.87,3832300.34356,11.1024,0.8,11.6309126995,4204.39,,260,0.00809171,1916.10662025,1916.10662025,100,50000
3362050.22208,1795.56,2373.66227557,1,781442.0,2.6455e-05,7.17265e-09,,nan,16716.6,238.095238095,nan,4643.55,3362050.22208,13.2363,0.8,4.02371202373,448.043,,210,0.000895488,2373.66227557,2373.66227557,100,50000
3715175.32162,636.442,2493.42192575,1,774235.0,2.77778e-05,1.07195e-08,,nan,16948.4,250.0,nan,4641.76,3715175.32162,6.76847,0.8,7.6544885666,643.732,,200,0.00264188,2493.42192575,2493.42192575,100,50000
2517983.39371,9058.74,2351.19384747,1,768630.0,2.62055e-05,1.29534e-08,,nan,16355.0,235.849056604,nan,4619.29,2517983.39371,21.9146,0.8,4.86797643151,2815.52,,212,0.00336679,2351.19384747,2351.19384747,100,50000
2733025.63331,919.921,2802.24670725,1,785136.0,3.1211e-05,9.39154e-09,,nan,15145.4,280.898876404,nan,4620.75,2733025.63331,9.7682,0.8,2.16573002383,517.586,,178,0.00165377,2802.24670725,2802.24670725,100,50000
4062277.83026,813596.0,2094.17604359,1,733238.0,2.33427e-05,9.19948e-07,,nan,20926.4,210.084033613,nan,4651.67,4062277.83026,21.952,0.8,12.00022155,53874.9,,238,0.057288,2094.17604359,2094.17604359,100,50000
3934790.54936,345.479,2681.8166397,1,781922.0,2.98686e-05,6.52277e-09,,nan,16790.2,268.817204301,nan,4664.82,3934790.54936,6.87399,0.8,4.20987675326,417.921,,186,0.00181593,2681.8166397,2681.8166397,100,50000
3388507.56448,4.60565e+07,2492.89629972,1,778982.0,2.77778e-05,2.14639e-06,,nan,15309.0,250.0,nan,4620.0,3388507.56448,128.673,0.8,10.0001592236,407228.0,,200,0.0879116,2492.89629972,2492.89629972,100,50000
2971935.02738,5439.38,2517.51853412,1,759862.0,2.80584e-05,1.73154e-08,,nan,17447.4,252.525252525,nan,4558.88,2971935.02738,15.7261,0.8,15.5926056457,2032.03,,198,0.00362553,2517.51853412,2517.51853412,100,50000
2710954.19564,74901.5,2970.37535488,1,791782.0,3.30688e-05,3.92007e-07,,nan,14493.3,297.619047619,nan,4663.84,2710954.19564,14.455,0.8,11.9754155881,13685.6,,168,0.0313087,2970.37535488,2970.37535488,100,50000
3063525.20351,148026.0,1765.12989021,1,695102.0,1.97005e-05,2.81181e-08,,nan,24261.9,177.304964539,nan,4634.48,3063525.20351,45.2017,0.8,10.6949840776,19702.1,,282,0.0085869,1765.12989021,1765.12989021,100,50000
4713209.38878,43.4823,2772.32480631,1,773399.0,3.08642e-05,4.76211e-09,,nan,17852.6,277.777777778,nan,4667.95,4713209.38878,2.94925,0.8,2.75626750349,56.5759,,180,0.000592073,2772.32480631,2772.32480631,100,50000
3742332.73032,17188.5,2265.75136229,1,749689.0,2.52525e-05,4.42621e-08,,nan,21214.7,227.272727273,nan,4656.44,3742332.73032,15.7365,0.8,11.5632840266,7103.92,,220,0.0113998,2265.75136229,2265.75136229,100,50000
3553525.17538,2.43683e+08,1857.79568268,1,696991.0,2.07297e-05,1.87024e-06,,nan,24663.8,186.567164179,nan,4580.28,3553525.17538,236.623,0.8,9.99998077358,1.08431e+06,,268,0.0949929,1857.79568268,1857.79568268,100,50000
4093219.01346,20649.5,1961.63975886,1,720675.0,2.18723e-05,3.60671e-08,,nan,23967.7,196.850393701,nan,4694.29,4093219.01346,16.5498,0.8,11.6648443783,8429.19,,254,0.01114,1961.63975886,1961.63975886,100,50000
3669577.15399,35547.3,1647.89979199,1,682105.0,1.83959e-05,1.68598e-08,,nan,26822.7,165.562913907,nan,4670.74,3669577.15399,26.7114,0.8,11.7003664709,11058.2,,302,0.00761567,1647.89979199,1647.89979199,100,50000
2986335.29256,2631.54,2624.5692375,1,759747.0,2.92398e-05,9.31345e-09,,nan,15824.4,263.157894737,nan,4619.51,2986335.29256,15.5426,0.8,2.05103324858,539.664,,190,0.00101525,2624.5692375,2624.5692375,100,50000
5632628.51735,7.43869e+09,2868.84153301,1,804557.0,3.19285e-05,2.64105e-06,,nan,17971.6,287.356321839,nan,4716.52,5632628.51735,1694.49,0.8,12.0000023459,4.40702e+06,,174,0.0830396,2868.84153301,2868.84153301,100,50000
3941219.26678,8.54369e+08,3081.44321607,1,814310.0,3.42936e-05,2.76182e-06,,nan,15199.4,308.641975309,nan,4695.17,3941219.26678,603.167,0.8,12.0000429669,1.44114e+06,,162,0.0819369,3081.44321607,3081.44321607,100,50000
3845940.55968,344.923,3043.65548854,1,806488.0,3.38753e-05,9.61987e-09,,nan,15294.7,304.87804878,nan,4691.01,3845940.55968,6.41446,0.8,5.51031961248,645.083,,164,0.00340674,3043.65548854,3043.65548854,100,50000
1432178.40356,21.1291,4095.09272428,1,858054.0,4.55373e-05,5.32869e-09,1.12449e-31,nan,8094.36,409.836065574,nan,4695.28,1432178.40356,2.86746,0.8,3.37459380999,27.8097,1.78577e-36,122,0.000441638,4095.09272428,4095.09272428,100,50000
3205960.87298,1588.9,2652.60542897,1,757629.0,2.95508e-05,1.0088e-08,,nan,16686.3,265.957446809,nan,4619.31,3205960.87298,11.7277,0.8,3.35433885781,906.36,,188,0.00228379,2652.60542897,2652.60542897,100,50000
3806033.07909,1656.42,2225.68197744,1,709201.0,2.48016e-05,7.46945e-09,,nan,22282.4,223.214285714,nan,4690.41,3806033.07909,11.6794,0.8,4.67346251832,1537.25,,224,0.00326441,2225.68197744,2225.68197744,100,50000
3979912.94851,2.38815e+14,3007.57502403,1,809741.0,3.34672e-05,2.78691e-06,,nan,15655.4,301.204819277,nan,4714.79,3979912.94851,309805.0,0.8,11.9999969082,7.71277e+08,,166,0.0833184,3007.57502403,3007.57502403,100,50000
3493081.50514,5.68227e+08,2420.43515215,1,723597.0,2.69687e-05,2.1135e-06,,nan,19064.2,242.718446602,nan,4658.01,3493081.50514,442.201,0.8,11.9999903323,1.32528e+06,,206,0.0808255,2420.43515215,2420.43515215,100,50000
4187936.59406,138.858,2836.09961821,1,767421.0,3.15657e-05,4.67229e-09,,nan,17918.7,284.090909091,nan,4715.08,4187936.59406,5.44172,0.8,7.64979081442,193.967,,176,0.00112514,2836.09961821,2836.09961821,100,50000
4460440.5275,176.927,2683.08811745,1,779262.0,2.98686e-05,4.45341e-09,,nan,18589.9,268.817204301,nan,4714.28,4460440.5275,5.9534,0.8,5.46496044716,82.9427,,186,0.000416129,2683.08811745,2683.08811745,100,50000
3671615.8061,231.735,3241.94648008,1,803993.0,3.6075e-05,9.3796e-09,,nan,14971.1,324.675324675,nan,4694.99,3671615.8061,5.67036,0.8,7.80233929274,270.471,,154,0.00172075,3241.94648008,3241.94648008,100,50000
3977966.52684,318803.0,2351.29543388,1,684513.0,2.62054e-05,6.36672e-07,,nan,22461.3,235.849056604,nan,4590.43,3977966.52684,18.5436,0.8,21.9814578997,24304.6,,212,0.0343467,2351.29543388,2351.29543388,100,50000
4087083.05161,475.314,2804.16684854,1,782304.0,3.1211e-05,1.50216e-08,,nan,17094.6,280.898876404,nan,4714.98,4087083.05161,5.55187,0.8,8.48237158369,753.108,,178,0.00423375,2804.16684854,2804.16684854,100,50000
3384850.25154,5.01948e+06,2624.66452343,1,766194.0,2.92398e-05,1.4324e-06,,nan,16584.6,263.157894737,nan,4628.51,3384850.25154,54.7358,0.8,11.9827264205,119539.0,,190,0.0638573,2624.66452343,2624.66452343,100,50000
4013427.52496,18940.0,2971.6020547,1,801134.0,3.30688e-05,3.36006e-07,,nan,16002.5,297.619047619,nan,4715.31,4013427.52496,7.85118,0.8,10.0019187335,7101.42,,168,0.0299108,2971.6020547,2971.6020547,100,50000
2370663.75907,20.433,3784.84432121,1,843289.0,4.20875e-05,4.67907e-09,,nan,10644.5,378.787878788,nan,4715.7,2370663.75907,2.78125,0.8,3.15255861313,60.4877,,132,0.000915335,3784.84432121,3784.84432121,100,50000
5463449.77908,3.0152e+13,2598.90222289,1,756001.0,2.89352e-05,2.40946e-06,,nan,20586.1,260.416666667,nan,4722.34,5463449.77908,102359.0,0.8,11.9999968753,2.94729e+08,,192,0.0833154,2598.90222289,2598.90222289,100,50000
5308755.57128,466.462,2572.03637094,1,753879.0,2.86369e-05,1.72735e-08,,nan,20697.2,257.731958763,nan,4729.5,5308755.57128,4.70592,0.8,9.76501824797,1168.39,,194,0.00711002,2572.03637094,2572.03637094,100,50000
3940945.29841,1.43443e+07,3468.58967213,1,827203.0,3.85802e-05,1.87752e-06,,nan,13764.4,347.222222222,nan,4714.97,3940945.29841,106.638,0.8,6.94093254541,160703.0,,144,0.0581401,3468.58967213,3468.58967213,100,50000
3870480.4558,9.1038e+11,2469.20816568,1,753670.0,2.75028e-05,2.28814e-06,,nan,20747.7,247.524752475,nan,4690.59,3870480.4558,17347.9,0.8,11.9999986614,5.25289e+07,,202,0.0832777,2469.20816568,2469.20816568,100,50000
3711357.97605,35.8192,3517.53521099,1,822250.0,3.91236e-05,4.65953e-09,,nan,14464.4,352.112676056,nan,4714.82,3711357.97605,3.43025,0.8,4.74695768942,96.3098,,142,0.00109846,3517.53521099,3517.53521099,100,50000
4405597.21708,661.936,2803.52634601,1,780561.0,3.1211e-05,1.24498e-08,,nan,16775.9,280.898876404,nan,4694.8,4405597.21708,7.19673,0.8,10.0699964153,1062.43,,178,0.00460757,2803.52634601,2803.52634601,100,50000
3372057.68423,24592.5,3006.13103616,1,777094.0,3.34672e-05,2.27844e-07,,nan,15185.4,301.204819277,nan,4657.9,3372057.68423,10.9952,0.8,9.97535377618,8376.23,,166,0.0254956,3006.13103616,3006.13103616,100,50000
4859320.31144,37.0498,3242.64154363,1,nan,3.6075e-05,4.99699e-09,,nan,nan,324.675324675,nan,nan,4859320.31144,3.10631,0.8,5.63549475915,115.57,,154,0.00134217,3242.64154363,3242.64154363,100,50000
4063725.09375,4.45117e+07,2935.84232862,1,791024.0,3.26797e-05,2.34162e-06,,nan,17091.0,294.117647059,nan,4690.5,4063725.09375,142.481,0.8,12.0001838498,336751.0,,170,0.0772379,2935.84232862,2935.84232862,100,50000
3128962.188,41657.2,3420.10524344,1,813403.0,3.80517e-05,6.23524e-07,,nan,13306.0,342.465753425,nan,4689.87,3128962.188,9.83543,0.8,9.99930123436,9085.0,,146,0.0351485,3420.10524344,3420.10524344,100,50000
4638714.1071,14920.1,3160.34268096,1,817547.0,3.51617e-05,4.32302e-07,,nan,15828.7,316.455696203,nan,4715.13,4638714.1071,6.53225,0.8,12.002881793,5837.75,,158,0.0314233,3160.34268096,3160.34268096,100,50000
2593165.04791,1.07806e+08,4029.58578809,1,853955.0,4.48029e-05,3.59911e-06,,nan,10844.9,403.225806452,nan,4732.16,2593165.04791,245.205,0.8,12.0000913273,447880.0,,124,0.0818349,4029.58578809,4029.58578809,100,50000
4597152.38638,9.13886e+12,3120.68619874,1,789564.0,3.47222e-05,2.89198e-06,,nan,17795.0,312.5,nan,4732.05,4597152.38638,61724.3,0.8,11.9999963126,1.48127e+08,,160,0.0833271,3120.68619874,3120.68619874,100,50000
4262352.1695,96.1881,3007.58305545,1,790329.0,3.34672e-05,5.42174e-09,,nan,16767.0,301.204819277,nan,4714.85,4262352.1695,4.4577,0.8,6.46720889886,263.082,,166,0.00197515,3007.58305545,3007.58305545,100,50000
4544598.66695,nan,3728.24449941,1,nan,nan,nan,nan,nan,nan,373.134328358,nan,nan,4544598.66695,nan,0.8,nan,nan,nan,134,nan,3728.24449941,3728.24449941,100,50000
4159019.35184,8.94448,3728.2291095,1,842703.0,4.14594e-05,3.39505e-09,,nan,13715.7,373.134328358,nan,4716.15,4159019.35184,2.12803,0.8,3.10573974495,38.014,,134,0.00074061,3728.2291095,3728.2291095,100,50000
4234686.72894,nan,2772.82785334,1,nan,nan,nan,nan,nan,nan,277.777777778,nan,nan,4234686.72894,nan,0.8,nan,nan,nan,180,nan,2772.82785334,2772.82785334,100,50000
4070308.25965,nan,3420.87517746,1,nan,nan,nan,nan,nan,nan,342.465753425,nan,nan,4070308.25965,nan,0.8,nan,nan,nan,146,nan,3420.87517746,3420.87517746,100,50000
3991106.42039,nan,3007.46844522,1,nan,nan,nan,nan,nan,nan,301.204819277,nan,nan,3991106.42039,nan,0.8,nan,nan,nan,166,nan,3007.46844522,3007.46844522,100,50000
3599687.40514,1.04353e+10,3242.05253712,1,811731.0,3.6075e-05,2.74584e-06,,nan,14337.2,324.675324675,nan,4695.14,3599687.40514,2223.94,0.8,12.0000108591,4.90741e+06,,154,0.0796045,3242.05253712,3242.05253712,100,50000
3315075.76809,420183.0,3420.0779301,1,818919.0,3.80518e-05,1.83314e-06,,nan,13546.8,342.465753425,nan,4690.13,3315075.76809,18.2178,0.8,12.001822133,30327.7,,146,0.0633458,3420.0779301,3420.0779301,100,50000
4796209.38262,44.1229,3200.98792233,1,800066.0,3.56125e-05,4.26266e-09,,nan,17266.4,320.512820513,nan,4715.05,4796209.38262,3.62322,0.8,7.38697861804,53.6075,,156,0.000526907,3200.98792233,3200.98792233,100,50000
0.0189361724994,nan,4999.14525877,1,nan,nan,nan,nan,nan,nan,500.0,nan,nan,0.0189361724994,nan,0.8,nan,nan,nan,100,nan,4999.14525877,4999.14525877,100,50000
2336852.52238,0.842,4462.52625582,1,871043.0,4.96032e-05,1.54603e-09,3.06243e-07,nan,10503.7,446.428571429,nan,4740.8,2336852.52238,1.1576,0.8,5.00931329237,27.0035,1.31226e-11,112,0.0011571,4462.52625582,4462.52625582,100,50000
1154476.82453,1.51637,4461.38768255,1,870392.0,4.96032e-05,2.15717e-09,9.27098e-14,nan,7484.23,446.428571429,nan,4727.19,1154476.82453,1.31513,0.8,2.68481619776,24.6034,3.49676e-18,112,0.000927972,4461.38768255,4461.38768255,100,50000
3775293.83237,nan,3728.09985329,1,nan,nan,nan,nan,nan,nan,373.134328358,nan,nan,3775293.83237,nan,0.8,nan,nan,nan,134,nan,3728.09985329,3728.09985329,100,50000
3711470.75365,nan,4095.90254581,1,nan,nan,nan,nan,nan,nan,409.836065574,nan,nan,3711470.75365,nan,0.8,nan,nan,nan,122,nan,4095.90254581,4095.90254581,100,50000
4287293.23719,51.804,3468.5986014,1,813354.0,3.85802e-05,9.94289e-09,,nan,15877.9,347.222222222,nan,4731.2,4287293.23719,2.78478,0.8,11.274600592,282.664,,144,0.00391603,3468.5986014,3468.5986014,100,50000
4190022.23918,nan,2836.03632043,1,nan,nan,nan,nan,nan,nan,284.090909091,nan,nan,4190022.23918,nan,0.8,nan,nan,nan,176,nan,2836.03632043,2836.03632043,100,50000
2439443.39018,nan,3419.28226939,1,nan,nan,nan,nan,nan,nan,342.465753425,nan,nan,2439443.39018,nan,0.8,nan,nan,nan,146,nan,3419.28226939,3419.28226939,100,50000
3607278.34598,nan,3517.43937324,1,nan,nan,nan,nan,nan,nan,352.112676056,nan,nan,3607278.34598,nan,0.8,nan,nan,nan,142,nan,3517.43937324,3517.43937324,100,50000
1809352.37028,nan,4543.64327501,1,nan,nan,nan,nan,nan,nan,454.545454545,nan,nan,1809352.37028,nan,0.8,nan,nan,nan,110,nan,4543.64327501,4543.64327501,100,50000
1957068.81002,1.63431e+07,3784.00390623,1,830827.0,4.20875e-05,3.21847e-06,,nan,10994.6,378.787878788,nan,4694.74,1957068.81002,94.8409,0.8,12.0006972898,179931.0,,132,0.0798481,3784.00390623,3784.00390623,100,50000
4190547.77126,1.03635e+06,3159.54233242,1,793837.0,3.51617e-05,2.42921e-06,,nan,15824.6,316.455696203,nan,4708.64,4190547.77126,22.9663,0.8,10.0017863905,54299.3,,158,0.0831331,3159.54233242,3159.54233242,100,50000
4023002.63385,nan,2544.85649994,1,nan,nan,nan,nan,nan,nan,255.102040816,nan,nan,4023002.63385,nan,0.8,nan,nan,nan,196,nan,2544.85649994,2544.85649994,100,50000
4535996.23085,nan,2835.39253324,1,nan,nan,nan,nan,nan,nan,284.090909091,nan,nan,4535996.23085,nan,0.8,nan,nan,nan,176,nan,2835.39253324,2835.39253324,100,50000
3582041.64941,1.54573e+17,3420.77567676,1,810138.0,3.80518e-05,3.80387e-06,,nan,14913.8,342.465753425,nan,4715.18,3582041.64941,7.6706e+06,0.8,9.99999733655,2.01583e+10,,146,0.0999999,3420.77567676,3420.77567676,100,50000
3219139.04024,nan,2970.91515333,1,nan,nan,nan,nan,nan,nan,297.619047619,nan,nan,3219139.04024,nan,0.8,nan,nan,nan,168,nan,2970.91515333,2970.91515333,100,50000
3165640.72529,734.423,3784.86199633,1,838346.0,4.20875e-05,1.30847e-07,,nan,12434.7,378.787878788,nan,4715.22,3165640.72529,3.15315,0.8,12.0771664752,1196.14,,132,0.0159658,3784.86199633,3784.86199633,100,50000
0.00316787775932,9.11843e-09,4999.27805177,1,899870.0,5.55556e-05,2.8143e-17,0.99811,nan,0.751521,500.0,nan,4749.31,0.00316787775932,1.0,0.8,0.55565526903,1.00144,5.54504e-05,100,5.56352e-05,4999.27805177,4999.27805177,100,50000
3615515.47598,2.49047,4095.87441443,1,858109.0,4.55373e-05,2.68055e-09,3.44038e-27,nan,12222.2,409.836065574,nan,4735.2,3615515.47598,1.38802,0.8,3.10738044278,38.9652,1.1287e-31,122,0.00127835,4095.87441443,4095.87441443,100,50000
3525185.49891,nan,3242.04706339,1,nan,nan,nan,nan,nan,nan,324.675324675,nan,nan,3525185.49891,nan,0.8,nan,nan,nan,154,nan,3242.04706339,3242.04706339,100,50000
2461831.26908,nan,3728.15833743,1,nan,nan,nan,nan,nan,nan,373.134328358,nan,nan,2461831.26908,nan,0.8,nan,nan,nan,134,nan,3728.15833743,3728.15833743,100,50000
3206799.45281,3.57879e+09,3468.47909309,1,833307.0,3.85803e-05,3.83432e-06,,nan,12316.6,347.222222222,nan,4715.36,3206799.45281,1178.66,0.8,10.0000000902,3.04622e+06,,144,0.0997098,3468.47909309,3468.47909309,100,50000
5062879.70463,nan,3044.35735385,1,nan,nan,nan,nan,nan,nan,304.87804878,nan,nan,5062879.70463,nan,0.8,nan,nan,nan,164,nan,3044.35735385,3044.35735385,100,50000
1967675.70615,0.480347,4543.81180913,1,877481.0,5.05051e-05,9.19215e-10,3.4729e-05,nan,9082.43,454.545454545,nan,4738.52,1967675.70615,1.15453,0.8,2.0739074001,5.9128,1.51923e-09,110,0.000258657,4543.81180913,4543.81180913,100,50000
4790733.96598,1.12033e+12,3568.00454494,1,829376.0,3.96825e-05,3.30474e-06,,nan,15727.0,357.142857143,nan,4734.64,4790733.96598,23104.9,0.8,11.9999998113,4.85152e+07,,140,0.0833246,3568.00454494,3568.00454494,100,50000
988557.848885,nan,4543.8434113,1,nan,nan,nan,nan,nan,nan,454.545454545,nan,nan,988557.848885,nan,0.8,nan,nan,nan,110,nan,4543.8434113,4543.8434113,100,50000
4547251.40508,nan,2935.86320612,1,nan,nan,nan,nan,nan,nan,294.117647059,nan,nan,4547251.40508,nan,0.8,nan,nan,nan,170,nan,2935.86320612,2935.86320612,100,50000
3522555.91895,nan,3673.21954772,1,nan,nan,nan,nan,nan,nan,367.647058824,nan,nan,3522555.91895,nan,0.8,nan,nan,nan,136,nan,3673.21954772,3673.21954772,100,50000
2408704.31189,3.80974,4029.66329792,1,852640.0,4.48029e-05,2.45967e-09,,nan,10703.2,403.225806452,nan,4732.15,2408704.31189,1.76325,0.8,3.25073924856,16.4312,,124,0.000417502,4029.66329792,4029.66329792,100,50000
1134523.48201,nan,4543.81435373,1,nan,nan,nan,nan,nan,nan,454.545454545,nan,nan,1134523.48201,nan,0.8,nan,nan,nan,110,nan,4543.81435373,4543.81435373,100,50000
4023159.66841,172.117,3006.97052332,1,793573.0,3.34672e-05,5.37229e-09,,nan,16272.2,301.204819277,nan,4694.67,4023159.66841,5.99033,0.8,3.89174814287,116.769,,166,0.000652374,3006.97052332,3006.97052332,100,50000
1084455.26638,1.38876,4462.44286628,1,873266.0,4.96032e-05,1.82551e-09,3.05022e-17,nan,7031.1,446.428571429,nan,4732.15,1084455.26638,1.36814,0.8,2.8993368365,7.36564,1.10588e-21,112,0.000267048,4462.44286628,4462.44286628,100,50000
0.0101857417215,nan,4999.1876833,1,nan,nan,nan,nan,nan,nan,500.0,nan,nan,0.0101857417215,nan,0.8,nan,nan,nan,100,nan,4999.1876833,4999.1876833,100,50000
3019524.75059,nan,4029.7030268,1,nan,nan,nan,nan,nan,nan,403.225806452,nan,nan,3019524.75059,nan,0.8,nan,nan,nan,124,nan,4029.7030268,4029.7030268,100,50000
2786137.54758,nan,4095.9075697,1,nan,nan,nan,nan,nan,nan,409.836065574,nan,nan,2786137.54758,nan,0.8,nan,nan,nan,122,nan,4095.9075697,4095.9075697,100,50000
0.0272811967964,6.39277e-07,4999.18236086,1,899853.0,5.55556e-05,1.97306e-15,0.989527,nan,2.20436,500.0,nan,4749.22,0.0272811967964,1.0,0.8,0.556281498721,1.00487,5.49736e-05,100,5.58261e-05,4999.18236086,4999.18236086,100,50000
4107262.71152,1.63567e+13,3467.79318849,1,816020.0,3.85802e-05,3.20202e-06,,nan,15365.5,347.222222222,nan,4706.85,4107262.71152,87196.7,0.8,12.000000777,1.88004e+08,,144,0.0831823,3467.79318849,3467.79318849,100,50000
2129009.84697,7.13777,4028.71335917,1,845670.0,4.48029e-05,3.35234e-09,,nan,10681.5,403.225806452,nan,4711.4,2129009.84697,2.06735,0.8,3.16036689134,29.5911,,124,0.000641288,4028.71335917,4028.71335917,100,50000
4523937.80441,nan,3374.50976052,1,nan,nan,nan,nan,nan,nan,337.837837838,nan,nan,4523937.80441,nan,0.8,nan,nan,nan,148,nan,3374.50976052,3374.50976052,100,50000
2740688.91301,nan,4029.69347719,1,nan,nan,nan,nan,nan,nan,403.225806452,nan,nan,2740688.91301,nan,0.8,nan,nan,nan,124,nan,4029.69347719,4029.69347719,100,50000
5110091.15125,2.92726e+06,3160.37962896,1,786357.0,3.51617e-05,2.52419e-06,,nan,18430.9,316.455696203,nan,4720.58,5110091.15125,37.8652,0.8,12.0008441517,83310.8,,158,0.0773627,3160.37962896,3160.37962896,100,50000
0.00768065115756,nan,4999.26412291,1,nan,nan,nan,nan,nan,nan,500.0,nan,nan,0.00768065115756,nan,0.8,nan,nan,nan,100,nan,4999.26412291,4999.26412291,100,50000
3388117.09155,1.87659e+06,3672.30476327,1,828992.0,4.08497e-05,2.89633e-06,,nan,13185.8,367.647058824,nan,4711.81,3388117.09155,32.8813,0.8,12.0008367191,61888.9,,136,0.0768868,3672.30476327,3672.30476327,100,50000
0.00677670538047,2.76276e-08,4999.25128409,1,899866.0,5.55556e-05,8.52713e-17,0.998056,nan,1.09981,500.0,nan,4749.29,0.00677670538047,1.0,0.8,0.555955000035,1.00248,5.54475e-05,100,5.56934e-05,4999.25128409,4999.25128409,100,50000
3489179.77984,1.71242,4164.3369475,1,856930.0,4.62963e-05,1.74616e-09,,nan,12848.9,416.666666667,nan,4745.87,3489179.77984,1.44981,0.8,2.47142374182,24.2987,,120,0.000775924,4164.3369475,4164.3369475,100,50000
1746990.81808,0.872707,4543.81449381,1,874898.0,5.0505e-05,1.24073e-09,3.86066e-07,nan,9248.43,454.545454545,nan,4735.3,1746990.81808,1.33946,0.8,2.2735864433,7.28311,1.45568e-11,110,0.000274613,4543.81449381,4543.81449381,100,50000
3036300.67854,10340.3,3672.29493411,1,825291.0,4.08497e-05,7.64827e-07,,nan,13481.9,367.647058824,nan,4711.72,3036300.67854,4.74978,0.8,10.0220838821,5030.0,,136,0.0432597,3672.29493411,3672.29493411,100,50000
3462004.64826,7.04582e+12,3468.59828348,1,809299.0,3.85802e-05,3.85543e-06,,nan,15124.5,347.222222222,nan,4715.24,3462004.64826,52154.8,0.8,10.0000021096,1.35163e+08,,144,0.0999838,3468.59828348,3468.59828348,100,50000
3289514.19887,3.99042e+10,3728.2529581,1,833304.0,4.14594e-05,4.14005e-06,,nan,12951.9,373.134328358,nan,4718.17,3289514.19887,4070.33,0.8,10.0000017867,9.81249e+06,,134,0.0999476,3728.2529581,3728.2529581,100,50000
2083623.60665,0.623215,4543.86780001,1,875709.0,5.05051e-05,1.22778e-09,1.11009e-09,nan,10069.3,454.545454545,nan,4748.05,2083623.60665,1.13787,0.8,7.04571899216,14.8283,4.92719e-14,110,0.000658165,4543.86780001,4543.86780001,100,50000
3497540.65243,nan,4164.35153688,1,nan,nan,nan,nan,nan,nan,416.666666667,nan,nan,3497540.65243,nan,0.8,nan,nan,nan,120,nan,4164.35153688,4164.35153688,100,50000
2714325.81301,nan,4095.9046621,1,nan,nan,nan,nan,nan,nan,409.836065574,nan,nan,2714325.81301,nan,0.8,nan,nan,nan,122,nan,4095.9046621,4095.9046621,100,50000
3543928.38274,nan,3784.77575186,1,nan,nan,nan,nan,nan,nan,378.787878788,nan,nan,3543928.38274,nan,0.8,nan,nan,nan,132,nan,3784.77575186,3784.77575186,100,50000
3648552.64043,1.51747,4095.91813129,1,847536.0,4.55373e-05,1.57836e-09,,nan,14083.4,409.836065574,nan,4739.5,3648552.64043,1.41196,0.8,2.71863877639,14.2519,,122,0.000459639,4095.91813129,4095.91813129,100,50000
2922840.64055,nan,4095.93366427,1,nan,nan,nan,nan,nan,nan,409.836065574,nan,nan,2922840.64055,nan,0.8,nan,nan,nan,122,nan,4095.93366427,4095.93366427,100,50000
0.039326835565,nan,4999.16783279,1,nan,nan,nan,nan,nan,nan,500.0,nan,nan,0.039326835565,nan,0.8,nan,nan,nan,100,nan,4999.16783279,4999.16783279,100,50000
4288435.3728,280.1,2971.64980588,1,782312.0,3.30688e-05,1.17161e-08,,nan,17998.1,297.619047619,nan,4715.11,4288435.3728,5.11308,0.8,7.91842575643,498.232,,168,0.00322231,2971.64980588,2971.64980588,100,50000
0.021342597836,1.37132e-06,4999.16204527,1,899849.0,5.55556e-05,4.23224e-15,0.989036,nan,1.94822,500.0,nan,4749.2,0.021342597836,1.00003,0.8,0.556374802958,1.0076,5.49449e-05,100,5.5976e-05,4999.16204527,4999.16204527,100,50000
3182050.14668,3.15865,4029.60654141,1,851634.0,4.48029e-05,2.39023e-09,,nan,12053.3,403.225806452,nan,4732.25,3182050.14668,1.62868,0.8,3.61456980271,16.7851,,124,0.000461735,4029.60654141,4029.60654141,100,50000
2914560.38145,150.645,3784.78306969,1,837798.0,4.20875e-05,2.98523e-08,,nan,11950.2,378.787878788,nan,4715.35,2914560.38145,2.9898,0.8,11.8454023141,515.385,,132,0.0072551,3784.78306969,3784.78306969,100,50000
1754734.73171,nan,4543.82305997,1,nan,nan,nan,nan,nan,nan,454.545454545,nan,nan,1754734.73171,nan,0.8,nan,nan,nan,110,nan,4543.82305997,4543.82305997,100,50000
4144594.98726,nan,3420.94441738,1,nan,nan,nan,nan,nan,nan,342.465753425,nan,nan,4144594.98726,nan,0.8,nan,nan,nan,146,nan,3420.94441738,3420.94441738,100,50000
0.0136473341856,nan,4999.21101633,1,nan,nan,nan,nan,nan,nan,500.0,nan,nan,0.0136473341856,nan,0.8,nan,nan,nan,100,nan,4999.21101633,4999.21101633,100,50000
3960086.24254,28.7846,3468.59299476,1,828199.0,3.85802e-05,4.68845e-09,,nan,14208.1,347.222222222,nan,4715.58,3960086.24254,3.02295,0.8,8.5229660296,50.7281,,144,0.000647415,3468.59299476,3468.59299476,100,50000
1275607.27268,1.26866,4462.47199753,1,868425.0,4.96032e-05,1.7081e-09,1.09286e-20,nan,8249.12,446.428571429,nan,4732.21,1275607.27268,1.35184,0.8,2.77774640746,9.52843,4.01004e-25,112,0.000349628,4462.47199753,4462.47199753,100,50000
2955318.93331,nan,4095.82005366,1,nan,nan,nan,nan,nan,nan,409.836065574,nan,nan,2955318.93331,nan,0.8,nan,nan,nan,122,nan,4095.82005366,4095.82005366,100,50000
3481581.577,2.29288,4095.8851331,1,858966.0,4.55373e-05,2.04349e-09,1.49538e-37,nan,11955.2,409.836065574,nan,4733.74,3481581.577,1.52536,0.8,3.13549257338,13.884,4.46454e-42,122,0.000414485,4095.8851331,4095.8851331,100,50000
2336852.75504,0.49153,4462.53205294,1,873558.0,4.96032e-05,1.03665e-09,3.45311e-09,nan,10029.7,446.428571429,nan,4740.87,2336852.75504,1.08011,0.8,2.77770786594,8.71647,1.58581e-13,112,0.000400296,4462.53205294,4462.53205294,100,50000
2768422.4972,nan,4029.67252801,1,nan,nan,nan,nan,nan,nan,403.225806452,nan,nan,2768422.4972,nan,0.8,nan,nan,nan,124,nan,4029.67252801,4029.67252801,100,50000
3489092.14415,21596.1,4164.28351791,1,860632.0,4.62963e-05,1.16231e-06,1.96143e-15,nan,12335.7,416.666666667,nan,4745.88,3489092.14415,6.31062,0.8,24.005732921,4415.26,1.43896e-20,120,0.0323915,4164.28351791,4164.28351791,100,50000
0.00331969659638,1.49046e-07,4999.28316548,1,899871.0,5.55556e-05,4.60023e-16,0.994886,nan,0.769562,500.0,nan,4749.32,0.00331969659638,0.999995,0.8,0.555923838086,1.00556,5.52717e-05,100,5.58648e-05,4999.28316548,4999.28316548,100,50000
2060290.85088,nan,4462.48668022,1,nan,nan,nan,nan,nan,nan,446.428571429,nan,nan,2060290.85088,nan,0.8,nan,nan,nan,112,nan,4462.48668022,4462.48668022,100,50000
0.00619625026897,nan,4999.17920606,1,nan,nan,nan,nan,nan,nan,500.0,nan,nan,0.00619625026897,nan,0.8,nan,nan,nan,100,nan,4999.17920606,4999.17920606,100,50000
2788122.76144,43.3594,4095.89279149,1,854288.0,4.55373e-05,2.17874e-08,,nan,11294.6,409.836065574,nan,4725.7,2788122.76144,2.03145,0.8,21.5668089712,193.389,,122,0.00433505,4095.89279149,4095.89279149,100,50000
0.0209200526587,1.78116e-07,4999.17166639,1,899851.0,5.55556e-05,5.49748e-16,0.996565,nan,1.93089,500.0,nan,4749.21,0.0209200526587,0.999994,0.8,0.55577561073,1.00354,5.53651e-05,100,5.57525e-05,4999.17166639,4999.17166639,100,50000
3862298.70907,nan,3673.15525935,1,nan,nan,nan,nan,nan,nan,367.647058824,nan,nan,3862298.70907,nan,0.8,nan,nan,nan,136,nan,3673.15525935,3673.15525935,100,50000
3643538.21285,nan,3728.23262969,1,nan,nan,nan,nan,nan,nan,373.134328358,nan,nan,3643538.21285,nan,0.8,nan,nan,nan,134,nan,3728.23262969,3728.23262969,100,50000
2060554.73469,nan,4462.51662128,1,nan,nan,nan,nan,nan,nan,446.428571429,nan,nan,2060554.73469,nan,0.8,nan,nan,nan,112,nan,4462.51662128,4462.51662128,100,50000
3052176.61929,3.03169,4095.85070689,1,846644.0,4.55373e-05,2.23891e-09,,nan,13092.3,409.836065574,nan,4733.99,3052176.61929,1.67568,0.8,4.21443396253,15.0801,,122,0.000409807,4095.85070689,4095.85070689,100,50000
3588270.2916,79.3416,4095.89014719,1,851384.0,4.55373e-05,6.58784e-08,3.16647e-23,nan,13201.3,409.836065574,nan,4732.61,3588270.2916,1.58033,0.8,12.0267768799,379.211,9.12424e-28,122,0.010927,4095.89014719,4095.89014719,100,50000
5176746.24505,7174.06,2936.55126419,1,799423.0,3.26797e-05,2.33505e-07,,nan,17222.8,294.117647059,nan,4729.63,5176746.24505,5.72814,0.8,12.052844315,3751.26,,170,0.0214014,2936.55126419,2936.55126419,100,50000
2468324.18569,3.88518,4164.31915757,1,856902.0,4.62963e-05,2.5105e-09,,nan,10874.6,416.666666667,nan,4735.16,2468324.18569,1.82126,0.8,2.52711890884,31.9604,,120,0.000812431,4164.31915757,4164.31915757,100,50000
3715551.26451,35.0038,3467.88478096,1,816369.0,3.85802e-05,4.68431e-09,,nan,14500.8,347.222222222,nan,4700.85,3715551.26451,3.33503,0.8,4.04833031323,74.4713,,144,0.000861497,3467.88478096,3467.88478096,100,50000
3462018.70787,1.83401e+09,3784.84757434,1,845119.0,4.20875e-05,3.48962e-06,,nan,12458.6,378.787878788,nan,4725.91,3462018.70787,964.861,0.8,12.0000339773,1.90605e+06,,132,0.0831424,3784.84757434,3784.84757434,100,50000
3925771.99055,619.973,3420.90982739,1,816602.0,3.80518e-05,9.45842e-08,,nan,14718.5,342.465753425,nan,4723.23,3925771.99055,3.08072,0.8,11.946873888,1152.81,,146,0.0142391,3420.90982739,3420.90982739,100,50000
3435005.68883,2.01495e+09,3784.83415204,1,841862.0,4.20875e-05,3.49185e-06,,nan,12468.7,378.787878788,nan,4722.38,3435005.68883,1011.02,0.8,12.0000462709,1.99786e+06,,132,0.0831689,3784.83415204,3784.83415204,100,50000
0.0221592995889,5.19885e-07,4999.16223967,1,899849.0,5.55556e-05,1.6046e-15,0.994788,nan,1.98623,500.0,nan,4749.2,0.0221592995889,0.999993,0.8,0.55626701898,1.0084,5.52664e-05,100,5.60224e-05,4999.16223967,4999.16223967,100,50000
4287997.09807,nan,3843.19474779,1,nan,nan,nan,nan,nan,nan,384.615384615,nan,nan,4287997.09807,nan,0.8,nan,nan,nan,130,nan,3843.19474779,3843.19474779,100,50000
3691903.98723,2.04802,4095.9200842,1,856092.0,4.55373e-05,2.23728e-09,,nan,12926.4,409.836065574,nan,4743.46,3691903.98723,1.37776,0.8,2.25265958538,34.4413,,122,0.00113834,4095.9200842,4095.9200842,100,50000
3864146.68468,29.8388,3843.22830618,1,842090.0,4.2735e-05,1.09697e-08,,nan,13598.2,384.615384615,nan,4735.12,3864146.68468,2.22883,0.8,9.64994128417,176.892,,130,0.00339169,3843.22830618,3843.22830618,100,50000
2074449.04504,0.399568,4543.80636482,1,878666.0,5.05051e-05,8.83321e-10,5.41088e-08,nan,9310.79,454.545454545,nan,4747.13,2074449.04504,1.07417,0.8,2.6443121311,3.57446,2.54408e-12,110,0.000168064,4543.80636482,4543.80636482,100,50000
2074485.96959,0.494793,4543.84733217,1,879036.0,5.05051e-05,9.76575e-10,3.12633e-05,nan,8981.46,454.545454545,nan,4747.05,2074485.96959,1.13683,0.8,1.9928628084,6.23916,1.38892e-09,110,0.000277183,4543.84733217,4543.84733217,100,50000
4468525.99956,11.9214,3420.97694806,1,832194.0,3.80517e-05,3.21353e-09,,nan,14297.6,342.465753425,nan,4726.65,4468525.99956,2.31765,0.8,3.46059237379,29.574,,146,0.000485554,3420.97694806,3420.97694806,100,50000
3510856.79234,nan,4029.67453877,1,nan,nan,nan,nan,nan,nan,403.225806452,nan,nan,3510856.79234,nan,0.8,nan,nan,nan,124,nan,4029.67453877,4029.67453877,100,50000
3490884.26117,nan,3728.2308154,1,nan,nan,nan,nan,nan,nan,373.134328358,nan,nan,3490884.26117,nan,0.8,nan,nan,nan,134,nan,3728.2308154,3728.2308154,100,50000
1462525.28362,nan,4543.80083101,1,nan,nan,nan,nan,nan,nan,454.545454545,nan,nan,1462525.28362,nan,0.8,nan,nan,nan,110,nan,4543.80083101,4543.80083101,100,50000
3470626.97638,9.33254,3728.21070074,1,838579.0,4.14594e-05,3.63754e-09,,nan,12753.7,373.134328358,nan,4727.93,3470626.97638,2.1,0.8,3.64792023257,37.369,,134,0.000737761,3728.21070074,3728.21070074,100,50000
3871347.24702,nan,4029.67236985,1,nan,nan,nan,nan,nan,nan,403.225806452,nan,nan,3871347.24702,nan,0.8,nan,nan,nan,124,nan,4029.67236985,4029.67236985,100,50000
0.00881179482375,4.85568e-07,4999.27392667,1,899869.0,5.55556e-05,1.49865e-15,0.991885,nan,1.25324,500.0,nan,4749.31,0.00881179482375,1.0,0.8,0.555981258946,1.00509,5.51045e-05,100,5.5838e-05,4999.27392667,4999.27392667,100,50000
3542808.5915,5.25633e+12,3673.21650835,1,838600.0,4.08497e-05,4.01992e-06,,nan,12913.9,367.647058824,nan,4732.2,3542808.5915,46711.2,0.8,10.0000027612,1.13453e+08,,136,0.0992167,3673.21650835,3673.21650835,100,50000
3515659.22924,2.67406,4029.67212239,1,849172.0,4.48029e-05,2.31556e-09,9.61329e-21,nan,13070.3,403.225806452,nan,4732.3,3515659.22924,1.52252,0.8,3.32834898907,21.4573,2.82888e-25,124,0.00063142,4029.67212239,4029.67212239,100,50000
0.01035639949,9.06254e-07,4999.18605333,1,899853.0,5.55555e-05,2.79705e-15,0.990131,nan,1.35904,500.0,nan,4749.22,0.01035639949,1.00001,0.8,0.556530895609,1.00874,5.50069e-05,100,5.60405e-05,4999.18605333,4999.18605333,100,50000
0.00590280816511,4.23296e-07,4999.16314893,1,899849.0,5.55556e-05,1.30652e-15,0.994522,nan,1.02648,500.0,nan,4749.2,0.00590280816511,0.999979,0.8,0.556014935633,1.00739,5.52524e-05,100,5.59673e-05,4999.16314893,4999.16314893,100,50000
1246856.4804,nan,4462.47932467,1,nan,nan,nan,nan,nan,nan,446.428571429,nan,nan,1246856.4804,nan,0.8,nan,nan,nan,112,nan,4462.47932467,4462.47932467,100,50000
4709715.84294,nan,3728.22133112,1,nan,nan,nan,nan,nan,nan,373.134328358,nan,nan,4709715.84294,nan,0.8,nan,nan,nan,134,nan,3728.22133112,3728.22133112,100,50000
0.0104576576098,2.11337e-07,4999.22071198,1,899860.0,5.55556e-05,6.5228e-16,0.993794,nan,1.36414,500.0,nan,4749.26,0.0104576576098,0.999997,0.8,0.555761554292,1.00441,5.52109e-05,100,5.58008e-05,4999.22071198,4999.22071198,100,50000
1793644.15857,1.11471,4462.50814068,1,873664.0,4.96032e-05,1.58733e-09,2.10327e-10,nan,8698.35,446.428571429,nan,4732.29,1793644.15857,1.31449,0.8,2.39661089228,7.46743,7.93683e-15,112,0.000281788,4462.50814068,4462.50814068,100,50000
3497559.82939,nan,3468.59739026,1,nan,nan,nan,nan,nan,nan,347.222222222,nan,nan,3497559.82939,nan,0.8,nan,nan,nan,144,nan,3468.59739026,3468.59739026,100,50000
5340849.75273,2143.72,2971.65080615,1,794373.0,3.30688e-05,1.23057e-07,,nan,17946.6,297.619047619,nan,4718.24,5340849.75273,4.36465,0.8,11.9343978507,2303.06,,168,0.0174491,2971.65080615,2971.65080615,100,50000
2083593.32021,0.512604,4543.83491654,1,878252.0,5.05051e-05,1.04252e-09,1.22452e-08,nan,9389.56,454.545454545,nan,4748.07,2083593.32021,1.11991,0.8,2.89711664886,9.46529,5.52228e-13,110,0.000426859,4543.83491654,4543.83491654,100,50000
4736047.77558,nan,3728.20463938,1,nan,nan,nan,nan,nan,nan,373.134328358,nan,nan,4736047.77558,nan,0.8,nan,nan,nan,134,nan,3728.20463938,3728.20463938,100,50000
0.0113760868985,1.07499e-07,4999.20665208,1,899857.0,5.55556e-05,3.3179e-16,0.996808,nan,1.42323,500.0,nan,4749.24,0.0113760868985,0.999994,0.8,0.555739323446,1.00386,5.53786e-05,100,5.57703e-05,4999.20665208,4999.20665208,100,50000
3962527.23522,nan,3467.73802213,1,nan,nan,nan,nan,nan,nan,347.222222222,nan,nan,3962527.23522,nan,0.8,nan,nan,nan,144,nan,3467.73802213,3467.73802213,100,50000
2400388.61744,nan,4462.43278261,1,nan,nan,nan,nan,nan,nan,446.428571429,nan,nan,2400388.61744,nan,0.8,nan,nan,nan,112,nan,4462.43278261,4462.43278261,100,50000
2036782.65603,nan,4095.92173527,1,nan,nan,nan,nan,nan,nan,409.836065574,nan,nan,2036782.65603,nan,0.8,nan,nan,nan,122,nan,4095.92173527,4095.92173527,100,50000
3727425.38691,nan,3784.85776107,1,nan,nan,nan,nan,nan,nan,378.787878788,nan,nan,3727425.38691,nan,0.8,nan,nan,nan,132,nan,3784.85776107,3784.85776107,100,50000
0.00279028150528,2.56446e-07,4999.27601134,1,899870.0,5.55556e-05,7.91511e-16,0.994788,nan,0.705475,500.0,nan,4749.31,0.00279028150528,0.999993,0.8,0.555818250991,1.0042,5.52664e-05,100,5.57891e-05,4999.27601134,4999.27601134,100,50000
3852442.67146,nan,4029.7022105,1,nan,nan,nan,nan,nan,nan,403.225806452,nan,nan,3852442.67146,nan,0.8,nan,nan,nan,124,nan,4029.7022105,4029.7022105,100,50000
3176755.13242,3.39425,4095.90521222,1,857246.0,4.55373e-05,2.76717e-09,9.0696e-33,nan,11735.4,409.836065574,nan,4731.0,3176755.13242,1.59486,0.8,3.17264240142,32.7031,2.58961e-37,122,0.000933759,4095.90521222,4095.90521222,100,50000
4149953.40806,7.31687,3728.18695407,1,836002.0,4.14594e-05,2.77311e-09,,nan,14066.1,373.134328358,nan,4719.43,4149953.40806,2.12962,0.8,2.65918091903,32.5593,,134,0.000633863,3728.18695407,3728.18695407,100,50000
3480943.98273,2.33578,4164.37613624,1,859773.0,4.62963e-05,2.61914e-09,,nan,12415.2,416.666666667,nan,4745.16,3480943.98273,1.38256,0.8,4.26197828919,41.0287,,120,0.00137389,4164.37613624,4164.37613624,100,50000
0.00919275614423,1.15304e-06,4999.23872104,1,899863.0,5.55556e-05,3.55875e-15,0.986361,nan,1.28002,500.0,nan,4749.27,0.00919275614423,1.0,0.8,0.556574688612,1.01125,5.47978e-05,100,5.61803e-05,4999.23872104,4999.23872104,100,50000
3229620.37372,nan,4095.91573285,1,nan,nan,nan,nan,nan,nan,409.836065574,nan,nan,3229620.37372,nan,0.8,nan,nan,nan,122,nan,4095.91573285,4095.91573285,100,50000
3654673.6389,nan,4095.94287523,1,nan,nan,nan,nan,nan,nan,409.836065574,nan,nan,3654673.6389,nan,0.8,nan,nan,nan,122,nan,4095.94287523,4095.94287523,100,50000
0.0107066360729,3.50992e-07,4999.24436267,1,899864.0,5.55556e-05,1.08329e-15,0.991847,nan,1.38098,500.0,nan,4749.28,0.0107066360729,1.00001,0.8,0.556114679829,1.00434,5.51023e-05,100,5.57961e-05,4999.24436267,4999.24436267,100,50000
2083507.63081,nan,4543.74168555,1,nan,nan,nan,nan,nan,nan,454.545454545,nan,nan,2083507.63081,nan,0.8,nan,nan,nan,110,nan,4543.74168555,4543.74168555,100,50000
2748584.65554,2980.28,4164.28990855,1,863894.0,4.62963e-05,7.55213e-07,,nan,10381.6,416.666666667,nan,4735.13,2748584.65554,2.90831,0.8,12.0373629406,2317.22,,120,0.036887,4164.28990855,4164.28990855,100,50000
0.0075146073687,2.88053e-09,4999.2385243,1,899864.0,5.55556e-05,8.89047e-18,0.998262,nan,1.1577,500.0,nan,4749.28,0.0075146073687,0.999999,0.8,0.555558102922,1.00059,5.5459e-05,100,5.55882e-05,4999.2385243,4999.2385243,100,50000
3503042.82758,nan,3843.20140553,1,nan,nan,nan,nan,nan,nan,384.615384615,nan,nan,3503042.82758,nan,0.8,nan,nan,nan,130,nan,3843.20140553,3843.20140553,100,50000
2083617.83575,nan,4543.8609529,1,nan,nan,nan,nan,nan,nan,454.545454545,nan,nan,2083617.83575,nan,0.8,nan,nan,nan,110,nan,4543.8609529,4543.8609529,100,50000
0.00759272308605,nan,4999.22737508,1,nan,nan,nan,nan,nan,nan,500.0,nan,nan,0.00759272308605,nan,0.8,nan,nan,nan,100,nan,4999.22737508,4999.22737508,100,50000
5316895.83117,nan,3468.58914358,1,nan,nan,nan,nan,nan,nan,347.222222222,nan,nan,5316895.83117,nan,0.8,nan,nan,nan,144,nan,3468.58914358,3468.58914358,100,50000
0.00253035281651,1.96521e-08,4999.24814906,1,899865.0,5.55556e-05,6.06551e-17,0.99875,nan,0.671637,500.0,nan,4749.28,0.00253035281651,1.0,0.8,0.55565156797,1.00133,5.54861e-05,100,5.56294e-05,4999.24814906,4999.24814906,100,50000
1629538.98025,nan,4462.50783544,1,nan,nan,nan,nan,nan,nan,446.428571429,nan,nan,1629538.98025,nan,0.8,nan,nan,nan,112,nan,4462.50783544,4462.50783544,100,50000
1432132.36988,1.02415,4543.81488174,1,878195.0,5.05051e-05,1.4939e-09,1.45043e-35,nan,7520.83,454.545454545,nan,4735.34,1432132.36988,1.32238,0.8,2.19487301678,5.63119,5.53956e-40,110,0.00021507,4543.81488174,4543.81488174,100,50000
942586.657997,1.15982,4543.82893166,1,877916.0,5.05051e-05,1.69403e-09,4.03114e-10,nan,6371.55,454.545454545,nan,4735.44,942586.657997,1.32151,0.8,2.88894237235,5.77076,1.54061e-14,110,0.000220545,4543.82893166,4543.82893166,100,50000
2514602.85239,254158.0,4095.86768735,1,854322.0,4.55373e-05,2.88801e-06,,nan,11076.6,409.836065574,nan,4730.16,2514602.85239,13.5089,0.8,12.0029644554,21573.3,,122,0.0727219,4095.86768735,4095.86768735,100,50000
0.00526400036221,1.65739e-14,4999.25874633,1,899867.0,5.55556e-05,6.64178e-23,1.0,nan,0.971911,500.0,nan,4749.3,0.00526400036221,1.0,0.8,0.555555732478,1.0,5.55556e-05,100,5.55558e-05,4999.25874633,4999.25874633,100,50000
0.00342139799947,1.89508e-07,4999.29846686,1,899874.0,5.55556e-05,5.84911e-16,0.997029,nan,0.781023,500.0,nan,4749.33,0.00342139799947,0.999994,0.8,0.55583852848,1.00318,5.53908e-05,100,5.57325e-05,4999.29846686,4999.29846686,100,50000
1271341.85279,nan,4462.51786409,1,nan,nan,nan,nan,nan,nan,446.428571429,nan,nan,1271341.85279,nan,0.8,nan,nan,nan,112,nan,4462.51786409,4462.51786409,100,50000
1833842.13127,nan,4462.48094171,1,nan,nan,nan,nan,nan,nan,446.428571429,nan,nan,1833842.13127,nan,0.8,nan,nan,nan,112,nan,4462.48094171,4462.48094171,100,50000
0.0216887628105,2.55969e-06,4999.21041017,1,899858.0,5.55555e-05,7.90005e-15,0.985111,nan,1.9657,500.0,nan,4749.25,0.0216887628105,1.00001,0.8,0.55653314354,1.01227,5.47276e-05,100,5.62363e-05,4999.21041017,4999.21041017,100,50000
1762436.18199,1.06495,4462.47509314,1,875431.0,4.96032e-05,1.74595e-09,1.01524e-18,nan,8288.96,446.428571429,nan,4732.22,1762436.18199,1.22506,0.8,2.06544108257,5.7675,4.11075e-23,112,0.000233528,4462.47509314,4462.47509314,100,50000
3711544.4696,2.01695,4095.94284014,1,857368.0,4.55373e-05,2.24318e-09,,nan,12757.3,409.836065574,nan,4745.44,3711544.4696,1.36547,0.8,5.72464943786,27.8219,,122,0.000927835,4095.94284014,4095.94284014,100,50000
3624387.18255,nan,3784.91059108,1,nan,nan,nan,nan,nan,nan,378.787878788,nan,nan,3624387.18255,nan,0.8,nan,nan,nan,132,nan,3784.91059108,3784.91059108,100,50000
0.0121591022466,3.94861e-07,4999.21295377,1,899858.0,5.55556e-05,1.21864e-15,0.995471,nan,1.47106,500.0,nan,4749.25,0.0121591022466,1.00003,0.8,0.557342111209,1.00791,5.53025e-05,100,5.59937e-05,4999.21295377,4999.21295377,100,50000
3653088.31074,nan,4095.89592668,1,nan,nan,nan,nan,nan,nan,409.836065574,nan,nan,3653088.31074,nan,0.8,nan,nan,nan,122,nan,4095.89592668,4095.89592668,100,50000
3890480.79597,nan,4029.72673464,1,nan,nan,nan,nan,nan,nan,403.225806452,nan,nan,3890480.79597,nan,0.8,nan,nan,nan,124,nan,4029.72673464,4029.72673464,100,50000
2411208.7609,0.465721,4462.50172631,1,874702.0,4.96032e-05,9.25824e-10,6.02771e-09,nan,10118.9,446.428571429,nan,4747.82,2411208.7609,1.11252,0.8,2.0472438896,6.69499,2.68753e-13,112,0.000298505,4462.50172631,4462.50172631,100,50000
0.00169298910133,nan,4999.19574687,1,nan,nan,nan,nan,nan,nan,500.0,nan,nan,0.00169298910133,nan,0.8,nan,nan,nan,100,nan,4999.19574687,4999.19574687,100,50000
0.00663813043989,nan,4999.23581828,1,nan,nan,nan,nan,nan,nan,500.0,nan,nan,0.00663813043989,nan,0.8,nan,nan,nan,100,nan,4999.23581828,4999.23581828,100,50000
1344170.69927,nan,4462.50397555,1,nan,nan,nan,nan,nan,nan,446.428571429,nan,nan,1344170.69927,nan,0.8,nan,nan,nan,112,nan,4462.50397555,4462.50397555,100,50000
2389812.13351,nan,4462.55595407,1,nan,nan,nan,nan,nan,nan,446.428571429,nan,nan,2389812.13351,nan,0.8,nan,nan,nan,112,nan,4462.55595407,4462.55595407,100,50000
0.040833862416,2.59892e-09,4999.12377564,1,899843.0,5.55555e-05,8.02116e-18,0.998597,nan,2.69947,500.0,nan,4749.16,0.040833862416,1.0,0.8,0.555724106713,1.00082,5.54776e-05,100,5.56013e-05,4999.12377564,4999.12377564,100,50000
1993897.87266,0.457362,4543.8339908,1,877041.0,5.05051e-05,8.98857e-10,9.93447e-09,nan,9326.13,454.545454545,nan,4740.19,1993897.87266,1.13925,0.8,1.96958496307,7.23465,4.40413e-13,110,0.000320725,4543.8339908,4543.8339908,100,50000
0.00231186956678,nan,4999.2379078,1,nan,nan,nan,nan,nan,nan,500.0,nan,nan,0.00231186956678,nan,0.8,nan,nan,nan,100,nan,4999.2379078,4999.2379078,100,50000
3703354.09001,1.4662,4095.95549816,1,855332.0,4.55373e-05,1.66662e-09,1.30947e-16,nan,13000.4,409.836065574,nan,4744.6,3703354.09001,1.35066,0.8,2.80396034552,14.0537,4.41486e-21,122,0.000473817,4095.95549816,4095.95549816,100,50000
3325288.85059,96.4706,3468.50472376,1,827434.0,3.85802e-05,1.23162e-08,,nan,13382.5,347.222222222,nan,4715.23,3325288.85059,3.41447,0.8,10.2878370426,380.291,,144,0.00429692,3468.50472376,3468.50472376,100,50000
2189519.35071,656.323,3783.71463936,1,839777.0,4.20875e-05,6.62141e-08,,nan,10557.6,378.787878788,nan,4690.25,2189519.35071,4.19023,0.8,9.86075781729,1205.59,,132,0.0121092,3783.71463936,3783.71463936,100,50000
4559404.20888,nan,2544.98827503,1,nan,nan,nan,nan,nan,nan,255.102040816,nan,nan,4559404.20888,nan,0.8,nan,nan,nan,196,nan,2544.98827503,2544.98827503,100,50000
570772.672919,nan,4092.68996239,1,nan,nan,nan,nan,nan,nan,409.836065574,nan,nan,570772.672919,nan,0.8,nan,nan,nan,122,nan,4092.68996239,4092.68996239,100,50000
2020360.81287,nan,4543.68717271,1,nan,nan,nan,nan,nan,nan,454.545454545,nan,nan,2020360.81287,nan,0.8,nan,nan,nan,110,nan,4543.68717271,4543.68717271,100,50000
4415310.95879,7.50146e+06,3728.18116654,1,839747.0,4.14594e-05,3.20839e-06,3.26964e-38,nan,14265.5,373.134328358,nan,4731.1,4415310.95879,63.3945,0.8,12.0007763575,122820.0,2.10195e-44,134,0.0803233,3728.18116654,3728.18116654,100,50000
3383149.1742,14.3603,3728.07778964,1,833742.0,4.14594e-05,3.97711e-09,,nan,13301.1,373.134328358,nan,4715.59,3383149.1742,2.49127,0.8,7.82721766621,24.9961,,134,0.000415982,3728.07778964,3728.07778964,100,50000
3427621.97933,347.073,3468.47620285,1,837272.0,3.85802e-05,4.01784e-08,,nan,12383.6,347.222222222,nan,4715.29,3427621.97933,3.58574,0.8,11.7703512073,830.92,,144,0.00894015,3468.47620285,3468.47620285,100,50000
3786876.4612,nan,3784.64617055,1,nan,nan,nan,nan,nan,nan,378.787878788,nan,nan,3786876.4612,nan,0.8,nan,nan,nan,132,nan,3784.64617055,3784.64617055,100,50000
4836290.70157,nan,3242.64474288,1,nan,nan,nan,nan,nan,nan,324.675324675,nan,nan,4836290.70157,nan,0.8,nan,nan,nan,154,nan,3242.64474288,3242.64474288,100,50000
2215462.01335,nan,4163.35608992,1,nan,nan,nan,nan,nan,nan,416.666666667,nan,nan,2215462.01335,nan,0.8,nan,nan,nan,120,nan,4163.35608992,4163.35608992,100,50000
4881865.12804,186.13,2803.98153346,1,nan,3.1211e-05,1.31589e-08,,nan,nan,280.898876404,nan,nan,4881865.12804,3.71198,0.8,10.9540770698,612.56,,178,0.0051505,2803.98153346,2803.98153346,100,50000
3491470.06335,nan,2969.38159238,1,nan,nan,nan,nan,nan,nan,297.619047619,nan,nan,3491470.06335,nan,0.8,nan,nan,nan,168,nan,2969.38159238,2969.38159238,100,50000
4956195.29932,nan,3242.58039158,1,nan,nan,nan,nan,nan,nan,324.675324675,nan,nan,4956195.29932,nan,0.8,nan,nan,nan,154,nan,3242.58039158,3242.58039158,100,50000
3567966.38678,1.50784,4095.64852111,1,855549.0,4.55373e-05,1.74551e-09,,nan,12525.3,409.836065574,nan,4733.39,3567966.38678,1.33839,0.8,2.84488429959,14.6152,,122,0.000497264,4095.64852111,4095.64852111,100,50000
2928289.16172,nan,4095.00672032,1,nan,nan,nan,nan,nan,nan,409.836065574,nan,nan,2928289.16172,nan,0.8,nan,nan,nan,122,nan,4095.00672032,4095.00672032,100,50000
5521806.60575,367.208,3159.29455454,1,801777.0,3.51617e-05,8.37574e-08,,nan,17590.7,316.455696203,nan,4696.64,5521806.60575,2.32817,0.8,10.0783590571,913.88,,158,0.0138021,3159.29455454,3159.29455454,100,50000
3309001.22149,132.045,3468.36588855,1,815243.0,3.85802e-05,1.79841e-08,,nan,14402.2,347.222222222,nan,4715.23,3309001.22149,3.30583,0.8,9.46218166573,523.02,,144,0.00610383,3468.36588855,3468.36588855,100,50000
1731644.68164,0.862935,4543.68556806,1,880258.0,5.05051e-05,1.36191e-09,9.9379e-07,nan,7857.11,454.545454545,nan,4735.01,1731644.68164,1.2713,0.8,2.16777675713,5.6019,3.94803e-11,110,0.000222547,4543.68556806,4543.68556806,100,50000
3743623.72604,235.063,3242.66324382,1,802763.0,3.6075e-05,1.82661e-08,,nan,15445.3,324.675324675,nan,4714.24,3743623.72604,4.09237,0.8,9.28924959485,716.965,,154,0.00632018,3242.66324382,3242.66324382,100,50000
4784704.4998,17.7003,3420.76694996,1,823804.0,3.80518e-05,4.64057e-09,,nan,15174.7,342.465753425,nan,4719.98,4784704.4998,2.35006,0.8,4.09301844484,99.9475,,146,0.00161833,3420.76694996,3420.76694996,100,50000
4128598.43193,20.7814,3419.94725026,1,816953.0,3.80517e-05,3.88486e-09,,nan,15074.9,342.465753425,nan,4710.13,4128598.43193,2.78307,0.8,3.05421928479,40.3527,,146,0.000551726,3419.94725026,3419.94725026,100,50000
2776551.96261,nan,3728.02735852,1,nan,nan,nan,nan,nan,nan,373.134328358,nan,nan,2776551.96261,nan,0.8,nan,nan,nan,134,nan,3728.02735852,3728.02735852,100,50000
4151782.9224,52.517,3242.55643436,1,821399.0,3.6075e-05,4.78938e-09,,nan,14162.6,324.675324675,nan,4714.76,4151782.9224,3.77761,0.8,9.3119301703,98.6445,,154,0.000942025,3242.55643436,3242.55643436,100,50000
3970142.61273,13468.7,3200.04641854,1,799083.0,3.56125e-05,3.22328e-07,,nan,15453.4,320.512820513,nan,4694.61,3970142.61273,7.27976,0.8,11.9819388507,5596.72,,156,0.0273791,3200.04641854,3200.04641854,100,50000
0.0620564174888,1.81656e-06,4999.05408412,1,899830.0,5.55556e-05,5.60705e-15,0.984951,nan,3.32281,500.0,nan,4749.09,0.0620564174888,0.999966,0.8,0.555976145292,1.00735,5.47213e-05,100,5.59659e-05,4999.05408412,4999.05408412,100,50000
4759469.48661,185.066,2970.79302882,1,768052.0,3.30688e-05,1.10457e-08,,nan,19128.8,297.619047619,nan,4704.25,4759469.48661,4.28041,0.8,9.26738337758,601.02,,168,0.00464324,2970.79302882,2970.79302882,100,50000
3608894.01291,nan,3159.41869255,1,nan,nan,nan,nan,nan,nan,316.455696203,nan,nan,3608894.01291,nan,0.8,nan,nan,nan,158,nan,3159.41869255,3159.41869255,100,50000
3916865.59399,3125.52,3005.97940073,1,796392.0,3.34672e-05,9.1518e-08,,nan,16094.8,301.204819277,nan,4667.98,3916865.59399,6.18482,0.8,9.99017841777,2995.9,,166,0.0162113,3005.97940073,3005.97940073,100,50000
4430893.29945,nan,3727.97024782,1,nan,nan,nan,nan,nan,nan,373.134328358,nan,nan,4430893.29945,nan,0.8,nan,nan,nan,134,nan,3727.97024782,3727.97024782,100,50000
2400198.82291,nan,4462.25183368,1,nan,nan,nan,nan,nan,nan,446.428571429,nan,nan,2400198.82291,nan,0.8,nan,nan,nan,112,nan,4462.25183368,4462.25183368,100,50000
1701624.07493,nan,3783.77093338,1,nan,nan,nan,nan,nan,nan,378.787878788,nan,nan,1701624.07493,nan,0.8,nan,nan,nan,132,nan,3783.77093338,3783.77093338,100,50000
3612830.64016,nan,2970.04940089,1,nan,nan,nan,nan,nan,nan,297.619047619,nan,nan,3612830.64016,nan,0.8,nan,nan,nan,168,nan,2970.04940089,2970.04940089,100,50000
4811377.00656,nan,3007.41144331,1,nan,nan,nan,nan,nan,nan,301.204819277,nan,nan,4811377.00656,nan,0.8,nan,nan,nan,166,nan,3007.41144331,3007.41144331,100,50000
1874518.9074,0.614296,4543.78021981,1,877367.0,5.05051e-05,1.15307e-09,1.3227e-15,nan,8887.51,454.545454545,nan,4735.29,1874518.9074,1.16572,0.8,1.83264306892,7.52107,5.73061e-20,110,0.000325851,4543.78021981,4543.78021981,100,50000
3926462.49611,nan,3784.68436421,1,nan,nan,nan,nan,nan,nan,378.787878788,nan,nan,3926462.49611,nan,0.8,nan,nan,nan,132,nan,3784.68436421,3784.68436421,100,50000
3215560.83825,31.8468,3728.11351326,1,833463.0,4.14594e-05,6.60983e-09,,nan,12615.1,373.134328358,nan,4715.38,3215560.83825,2.8778,0.8,10.3588277639,131.98,,134,0.00190139,3728.11351326,3728.11351326,100,50000
0.038417079253,4.9222e-07,4999.14826851,1,899847.0,5.55556e-05,1.51918e-15,0.993528,nan,2.61582,500.0,nan,4749.19,0.038417079253,1.0,0.8,0.55662531865,1.00611,5.51958e-05,100,5.5895e-05,4999.14826851,4999.14826851,100,50000
2083526.30311,0.386675,4543.76164307,1,877854.0,5.05051e-05,7.8675e-10,1.73379e-05,nan,9442.11,454.545454545,nan,4747.96,2083526.30311,1.11967,0.8,2.32152038807,5.35834,7.82062e-10,110,0.000241699,4543.76164307,4543.76164307,100,50000
4729522.29364,nan,2971.53312505,1,nan,nan,nan,nan,nan,nan,297.619047619,nan,nan,4729522.29364,nan,0.8,nan,nan,nan,168,nan,2971.53312505,2971.53312505,100,50000
2411162.68901,nan,4462.45942333,1,nan,nan,nan,nan,nan,nan,446.428571429,nan,nan,2411162.68901,nan,0.8,nan,nan,nan,112,nan,4462.45942333,4462.45942333,100,50000
2731398.53006,7.12985,3784.69938994,1,822091.0,4.20875e-05,4.53468e-09,,nan,12925.0,378.787878788,nan,4679.01,2731398.53006,1.66886,0.8,2.82834612186,50.665,,132,0.00127774,3784.69938994,3784.69938994,100,50000
2830503.14486,nan,3727.99751315,1,nan,nan,nan,nan,nan,nan,373.134328358,nan,nan,2830503.14486,nan,0.8,nan,nan,nan,134,nan,3727.99751315,3727.99751315,100,50000
3455760.67192,nan,4164.14926983,1,nan,nan,nan,nan,nan,nan,416.666666667,nan,nan,3455760.67192,nan,0.8,nan,nan,nan,120,nan,4164.14926983,4164.14926983,100,50000
3381063.46063,1.31054e+09,3843.05889573,1,840842.0,4.2735e-05,3.54175e-06,,nan,12949.6,384.615384615,nan,4735.1,3381063.46063,822.052,0.8,12.0000779758,1.59899e+06,,130,0.0831245,3843.05889573,3843.05889573,100,50000
4094604.82473,nan,3420.62950809,1,nan,nan,nan,nan,nan,nan,342.465753425,nan,nan,4094604.82473,nan,0.8,nan,nan,nan,146,nan,3420.62950809,3420.62950809,100,50000
3220777.79741,4.9666e+12,3420.7870413,1,820920.0,3.80517e-05,3.80323e-06,,nan,13332.8,342.465753425,nan,4715.38,3220777.79741,43483.8,0.8,10.0000016943,1.14266e+08,,146,0.0999916,3420.7870413,3420.7870413,100,50000
2554959.94302,72.68,3727.10605919,1,841498.0,4.14594e-05,1.21734e-08,,nan,10887.5,373.134328358,nan,4691.92,2554959.94302,3.20349,0.8,8.53027487078,259.133,,134,0.00335368,3727.10605919,3727.10605919,100,50000
3568139.64391,149.429,3200.24786857,1,796860.0,3.56125e-05,2.77487e-08,,nan,15708.7,320.512820513,nan,4653.62,3568139.64391,2.61335,0.8,11.487079403,537.528,,156,0.00732498,3200.24786857,3200.24786857,100,50000
2411163.28734,0.449272,4462.45998078,1,873448.0,4.96032e-05,9.30144e-10,5.38171e-06,nan,10384.2,446.428571429,nan,4747.77,2411163.28734,1.09016,0.8,3.08976757096,7.58098,2.44873e-10,112,0.000344942,4462.45998078,4462.45998078,100,50000
5923229.43922,1163.29,2712.28364967,1,781551.0,3.01932e-05,5.42675e-08,,nan,19821.9,271.739130435,nan,4731.66,5923229.43922,4.42063,0.8,12.1074741992,1738.41,,184,0.0118734,2712.28364967,2712.28364967,100,50000
3467740.39657,3.18786,4029.56249066,1,853526.0,4.48029e-05,2.55404e-09,,nan,12397.5,403.225806452,nan,4731.67,3467740.39657,1.58286,0.8,2.62961792529,28.1959,,124,0.000798086,4029.56249066,4029.56249066,100,50000
3867907.65296,nan,3517.57695262,1,nan,nan,nan,nan,nan,nan,352.112676056,nan,nan,3867907.65296,nan,0.8,nan,nan,nan,142,nan,3517.57695262,3517.57695262,100,50000
0.0630543471997,9.30004e-07,4999.04456268,1,899828.0,5.55556e-05,2.87037e-15,0.98763,nan,3.35064,500.0,nan,4749.08,0.0630543471997,1.0,0.8,0.556507587578,1.01119,5.48681e-05,100,5.61768e-05,4999.04456268,4999.04456268,100,50000
3409480.93267,nan,4095.71638993,1,nan,nan,nan,nan,nan,nan,409.836065574,nan,nan,3409480.93267,nan,0.8,nan,nan,nan,122,nan,4095.71638993,4095.71638993,100,50000
4272242.9474,nan,3200.93518103,1,nan,nan,nan,nan,nan,nan,320.512820513,nan,nan,4272242.9474,nan,0.8,nan,nan,nan,156,nan,3200.93518103,3200.93518103,100,50000
3453663.53944,nan,4029.67457664,1,nan,nan,nan,nan,nan,nan,403.225806452,nan,nan,3453663.53944,nan,0.8,nan,nan,nan,124,nan,4029.67457664,4029.67457664,100,50000
4146051.6931,nan,3468.47823214,1,nan,nan,nan,nan,nan,nan,347.222222222,nan,nan,4146051.6931,nan,0.8,nan,nan,nan,144,nan,3468.47823214,3468.47823214,100,50000
1961795.20157,1319.85,4095.76624626,1,856859.0,4.55373e-05,3.05563e-07,2.20894e-24,nan,9425.64,409.836065574,nan,4715.21,1961795.20157,2.99281,0.8,12.0194228843,1551.26,3.36103e-29,122,0.0236033,4095.76624626,4095.76624626,100,50000
1913313.99592,nan,4095.78279387,1,nan,nan,nan,nan,nan,nan,409.836065574,nan,nan,1913313.99592,nan,0.8,nan,nan,nan,122,nan,4095.78279387,4095.78279387,100,50000
3771138.85202,7.64096,3673.05783628,1,825586.0,4.08497e-05,2.90194e-09,,nan,14473.9,367.647058824,nan,4731.96,3771138.85202,2.09613,0.8,7.10270702467,27.1152,,136,0.000528424,3673.05783628,3673.05783628,100,50000
3637360.92454,2.24613e+08,3784.75830156,1,842544.0,4.20875e-05,3.45592e-06,,nan,12606.4,378.787878788,nan,4715.44,3637360.92454,339.304,0.8,12.0001807699,667041.0,,132,0.0827402,3784.75830156,3784.75830156,100,50000
3788360.72246,2484.43,3673.18762179,1,834396.0,4.08497e-05,4.46568e-07,,nan,13525.5,367.647058824,nan,4732.4,3788360.72246,3.0469,0.8,11.9946915715,2250.67,,136,0.0301746,3673.18762179,3673.18762179,100,50000
3978280.84609,nan,3673.10974592,1,nan,nan,nan,nan,nan,nan,367.647058824,nan,nan,3978280.84609,nan,0.8,nan,nan,nan,136,nan,3673.10974592,3673.10974592,100,50000
4389076.47802,nan,2772.7184293,1,nan,nan,nan,nan,nan,nan,277.777777778,nan,nan,4389076.47802,nan,0.8,nan,nan,nan,180,nan,2772.7184293,2772.7184293,100,50000
2906888.64205,nan,4029.6006336,1,nan,nan,nan,nan,nan,nan,403.225806452,nan,nan,2906888.64205,nan,0.8,nan,nan,nan,124,nan,4029.6006336,4029.6006336,100,50000
2840864.91369,nan,3727.17827153,1,nan,nan,nan,nan,nan,nan,373.134328358,nan,nan,2840864.91369,nan,0.8,nan,nan,nan,134,nan,3727.17827153,3727.17827153,100,50000
0.0160606733297,nan,4999.0814413,1,nan,nan,nan,nan,nan,nan,500.0,nan,nan,0.0160606733297,nan,0.8,nan,nan,nan,100,nan,4999.0814413,4999.0814413,100,50000
3709544.77649,nan,3784.63565727,1,nan,nan,nan,nan,nan,nan,378.787878788,nan,nan,3709544.77649,nan,0.8,nan,nan,nan,132,nan,3784.63565727,3784.63565727,100,50000
1164512.3011,nan,4462.42861223,1,nan,nan,nan,nan,nan,nan,446.428571429,nan,nan,1164512.3011,nan,0.8,nan,nan,nan,112,nan,4462.42861223,4462.42861223,100,50000
2411162.24387,nan,4462.45793684,1,nan,nan,nan,nan,nan,nan,446.428571429,nan,nan,2411162.24387,nan,0.8,nan,nan,nan,112,nan,4462.45793684,4462.45793684,100,50000
3326460.70607,nan,3728.01392001,1,nan,nan,nan,nan,nan,nan,373.134328358,nan,nan,3326460.70607,nan,0.8,nan,nan,nan,134,nan,3728.01392001,3728.01392001,100,50000
2411163.72938,nan,4462.45965063,1,nan,nan,nan,nan,nan,nan,446.428571429,nan,nan,2411163.72938,nan,0.8,nan,nan,nan,112,nan,4462.45965063,4462.45965063,100,50000
0.118734824706,nan,4999.00227773,1,nan,nan,nan,nan,nan,nan,500.0,nan,nan,0.118734824706,nan,0.8,nan,nan,nan,100,nan,4999.00227773,4999.00227773,100,50000
1414435.05603,nan,4543.72089838,1,nan,nan,nan,nan,nan,nan,454.545454545,nan,nan,1414435.05603,nan,0.8,nan,nan,nan,110,nan,4543.72089838,4543.72089838,100,50000
3662548.40925,nan,3784.76971418,1,nan,nan,nan,nan,nan,nan,378.787878788,nan,nan,3662548.40925,nan,0.8,nan,nan,nan,132,nan,3784.76971418,3784.76971418,100,50000
4433787.36538,nan,3420.86461085,1,nan,nan,nan,nan,nan,nan,342.465753425,nan,nan,4433787.36538,nan,0.8,nan,nan,nan,146,nan,3420.86461085,3420.86461085,100,50000
2400417.4282,nan,4462.46172609,1,nan,nan,nan,nan,nan,nan,446.428571429,nan,nan,2400417.4282,nan,0.8,nan,nan,nan,112,nan,4462.46172609,4462.46172609,100,50000
3128236.90829,nan,3727.08255723,1,nan,nan,nan,nan,nan,nan,373.134328358,nan,nan,3128236.90829,nan,0.8,nan,nan,nan,134,nan,3727.08255723,3727.08255723,100,50000
3665683.45074,nan,3284.78537736,1,nan,nan,nan,nan,nan,nan,328.947368421,nan,nan,3665683.45074,nan,0.8,nan,nan,nan,152,nan,3284.78537736,3284.78537736,100,50000
2724824.24817,nan,4029.54311594,1,nan,nan,nan,nan,nan,nan,403.225806452,nan,nan,2724824.24817,nan,0.8,nan,nan,nan,124,nan,4029.54311594,4029.54311594,100,50000
4098956.90718,nan,3728.04872966,1,nan,nan,nan,nan,nan,nan,373.134328358,nan,nan,4098956.90718,nan,0.8,nan,nan,nan,134,nan,3728.04872966,3728.04872966,100,50000
0.0396540380523,nan,4999.14304998,1,nan,nan,nan,nan,nan,nan,500.0,nan,nan,0.0396540380523,nan,0.8,nan,nan,nan,100,nan,4999.14304998,4999.14304998,100,50000
2752246.6074,nan,3784.76462774,1,nan,nan,nan,nan,nan,nan,378.787878788,nan,nan,2752246.6074,nan,0.8,nan,nan,nan,132,nan,3784.76462774,3784.76462774,100,50000
1049271.56378,nan,4543.56875245,1,nan,nan,nan,nan,nan,nan,454.545454545,nan,nan,1049271.56378,nan,0.8,nan,nan,nan,110,nan,4543.56875245,4543.56875245,100,50000
4730828.18831,nan,3160.28330447,1,nan,nan,nan,nan,nan,nan,316.455696203,nan,nan,4730828.18831,nan,0.8,nan,nan,nan,158,nan,3160.28330447,3160.28330447,100,50000
1526110.99279,nan,4543.63002829,1,nan,nan,nan,nan,nan,nan,454.545454545,nan,nan,1526110.99279,nan,0.8,nan,nan,nan,110,nan,4543.63002829,4543.63002829,100,50000
3319265.73253,nan,3728.11416904,1,nan,nan,nan,nan,nan,nan,373.134328358,nan,nan,3319265.73253,nan,0.8,nan,nan,nan,134,nan,3728.11416904,3728.11416904,100,50000
3216799.21462,nan,3843.10790365,1,nan,nan,nan,nan,nan,nan,384.615384615,nan,nan,3216799.21462,nan,0.8,nan,nan,nan,130,nan,3843.10790365,3843.10790365,100,50000
2074255.73363,nan,4543.59707944,1,nan,nan,nan,nan,nan,nan,454.545454545,nan,nan,2074255.73363,nan,0.8,nan,nan,nan,110,nan,4543.59707944,4543.59707944,100,50000
2946015.62565,nan,4028.42456359,1,nan,nan,nan,nan,nan,nan,403.225806452,nan,nan,2946015.62565,nan,0.8,nan,nan,nan,124,nan,4028.42456359,4028.42456359,100,50000
1199695.7405,nan,4543.69797174,1,nan,nan,nan,nan,nan,nan,454.545454545,nan,nan,1199695.7405,nan,0.8,nan,nan,nan,110,nan,4543.69797174,4543.69797174,100,50000
5223018.74081,nan,3374.51787837,1,nan,nan,nan,nan,nan,nan,337.837837838,nan,nan,5223018.74081,nan,0.8,nan,nan,nan,148,nan,3374.51787837,3374.51787837,100,50000
2810570.55585,nan,4095.82748097,1,nan,nan,nan,nan,nan,nan,409.836065574,nan,nan,2810570.55585,nan,0.8,nan,nan,nan,122,nan,4095.82748097,4095.82748097,100,50000
3634759.46534,nan,4095.78754181,1,nan,nan,nan,nan,nan,nan,409.836065574,nan,nan,3634759.46534,nan,0.8,nan,nan,nan,122,nan,4095.78754181,4095.78754181,100,50000
1169700.20103,nan,4543.65351436,1,nan,nan,nan,nan,nan,nan,454.545454545,nan,nan,1169700.20103,nan,0.8,nan,nan,nan,110,nan,4543.65351436,4543.65351436,100,50000
0.106878745024,nan,4999.07609053,1,nan,nan,nan,nan,nan,nan,500.0,nan,nan,0.106878745024,nan,0.8,nan,nan,nan,100,nan,4999.07609053,4999.07609053,100,50000
3005003.59803,nan,4095.78989278,1,nan,nan,nan,nan,nan,nan,409.836065574,nan,nan,3005003.59803,nan,0.8,nan,nan,nan,122,nan,4095.78989278,4095.78989278,100,50000
0.0330454430099,nan,4999.18157239,1,nan,nan,nan,nan,nan,nan,500.0,nan,nan,0.0330454430099,nan,0.8,nan,nan,nan,100,nan,4999.18157239,4999.18157239,100,50000
2499507.16841,nan,4164.28655657,1,nan,nan,nan,nan,nan,nan,416.666666667,nan,nan,2499507.16841,nan,0.8,nan,nan,nan,120,nan,4164.28655657,4164.28655657,100,50000
1002753.01331,nan,4543.62560762,1,nan,nan,nan,nan,nan,nan,454.545454545,nan,nan,1002753.01331,nan,0.8,nan,nan,nan,110,nan,4543.62560762,4543.62560762,100,50000
2056243.58863,nan,4543.72964222,1,nan,nan,nan,nan,nan,nan,454.545454545,nan,nan,2056243.58863,nan,0.8,nan,nan,nan,110,nan,4543.72964222,4543.72964222,100,50000
2867924.55887,nan,4029.5310738,1,nan,nan,nan,nan,nan,nan,403.225806452,nan,nan,2867924.55887,nan,0.8,nan,nan,nan,124,nan,4029.5310738,4029.5310738,100,50000
3478758.53715,nan,3728.06137484,1,nan,nan,nan,nan,nan,nan,373.134328358,nan,nan,3478758.53715,nan,0.8,nan,nan,nan,134,nan,3728.06137484,3728.06137484,100,50000
4373835.07676,nan,3728.05382622,1,nan,nan,nan,nan,nan,nan,373.134328358,nan,nan,4373835.07676,nan,0.8,nan,nan,nan,134,nan,3728.05382622,3728.05382622,100,50000
2083523.54417,nan,4543.7587275,1,nan,nan,nan,nan,nan,nan,454.545454545,nan,nan,2083523.54417,nan,0.8,nan,nan,nan,110,nan,4543.7587275,4543.7587275,100,50000
5312414.40262,nan,2802.77002411,1,nan,nan,nan,nan,nan,nan,280.898876404,nan,nan,5312414.40262,nan,0.8,nan,nan,nan,178,nan,2802.77002411,2802.77002411,100,50000
1195221.55631,nan,4461.23050798,1,nan,nan,nan,nan,nan,nan,446.428571429,nan,nan,1195221.55631,nan,0.8,nan,nan,nan,112,nan,4461.23050798,4461.23050798,100,50000
2947144.55488,nan,4164.26960133,1,nan,nan,nan,nan,nan,nan,416.666666667,nan,nan,2947144.55488,nan,0.8,nan,nan,nan,120,nan,4164.26960133,4164.26960133,100,50000
2083506.75721,nan,4543.74052409,1,nan,nan,nan,nan,nan,nan,454.545454545,nan,nan,2083506.75721,nan,0.8,nan,nan,nan,110,nan,4543.74052409,4543.74052409,100,50000
3825820.86428,nan,3728.09308993,1,nan,nan,nan,nan,nan,nan,373.134328358,nan,nan,3825820.86428,nan,0.8,nan,nan,nan,134,nan,3728.09308993,3728.09308993,100,50000
3909468.73678,nan,4029.6228742,1,nan,nan,nan,nan,nan,nan,403.225806452,nan,nan,3909468.73678,nan,0.8,nan,nan,nan,124,nan,4029.6228742,4029.6228742,100,50000
4180664.9699,nan,3673.14515549,1,nan,nan,nan,nan,nan,nan,367.647058824,nan,nan,4180664.9699,nan,0.8,nan,nan,nan,136,nan,3673.14515549,3673.14515549,100,50000
2692713.2276,nan,4095.7511728,1,nan,nan,nan,nan,nan,nan,409.836065574,nan,nan,2692713.2276,nan,0.8,nan,nan,nan,122,nan,4095.7511728,4095.7511728,100,50000
5777727.04538,nan,3120.63502699,1,nan,nan,nan,nan,nan,nan,312.5,nan,nan,5777727.04538,nan,0.8,nan,nan,nan,160,nan,3120.63502699,3120.63502699,100,50000
3711321.94974,nan,4095.82060022,1,nan,nan,nan,nan,nan,nan,409.836065574,nan,nan,3711321.94974,nan,0.8,nan,nan,nan,122,nan,4095.82060022,4095.82060022,100,50000
1859540.03816,nan,4461.2678965,1,nan,nan,nan,nan,nan,nan,446.428571429,nan,nan,1859540.03816,nan,0.8,nan,nan,nan,112,nan,4461.2678965,4461.2678965,100,50000
2411198.9994,nan,4462.49294555,1,nan,nan,nan,nan,nan,nan,446.428571429,nan,nan,2411198.9994,nan,0.8,nan,nan,nan,112,nan,4462.49294555,4462.49294555,100,50000
4317222.99534,nan,3728.10543824,1,nan,nan,nan,nan,nan,nan,373.134328358,nan,nan,4317222.99534,nan,0.8,nan,nan,nan,134,nan,3728.10543824,3728.10543824,100,50000
4449584.00686,nan,3842.96298819,1,nan,nan,nan,nan,nan,nan,384.615384615,nan,nan,4449584.00686,nan,0.8,nan,nan,nan,130,nan,3842.96298819,3842.96298819,100,50000
4661594.58023,nan,2519.77441731,1,nan,nan,nan,nan,nan,nan,252.525252525,nan,nan,4661594.58023,nan,0.8,nan,nan,nan,198,nan,2519.77441731,2519.77441731,100,50000
3951800.96216,nan,3516.6937026,1,nan,nan,nan,nan,nan,nan,352.112676056,nan,nan,3951800.96216,nan,0.8,nan,nan,nan,142,nan,3516.6937026,3516.6937026,100,50000
3129555.8593,nan,4029.61341325,1,nan,nan,nan,nan,nan,nan,403.225806452,nan,nan,3129555.8593,nan,0.8,nan,nan,nan,124,nan,4029.61341325,4029.61341325,100,50000
3593147.50895,nan,3467.67980069,1,nan,nan,nan,nan,nan,nan,347.222222222,nan,nan,3593147.50895,nan,0.8,nan,nan,nan,144,nan,3467.67980069,3467.67980069,100,50000
0.0986394029321,nan,4998.99162994,1,nan,nan,nan,nan,nan,nan,500.0,nan,nan,0.0986394029321,nan,0.8,nan,nan,nan,100,nan,4998.99162994,4998.99162994,100,50000
2083508.01162,nan,4543.74189215,1,nan,nan,nan,nan,nan,nan,454.545454545,nan,nan,2083508.01162,nan,0.8,nan,nan,nan,110,nan,4543.74189215,4543.74189215,100,50000
1254909.96603,nan,4462.40405811,1,nan,nan,nan,nan,nan,nan,446.428571429,nan,nan,1254909.96603,nan,0.8,nan,nan,nan,112,nan,4462.40405811,4462.40405811,100,50000
4156573.13311,nan,3200.0613086,1,nan,nan,nan,nan,nan,nan,320.512820513,nan,nan,4156573.13311,nan,0.8,nan,nan,nan,156,nan,3200.0613086,3200.0613086,100,50000
3438874.69833,nan,3728.03884673,1,nan,nan,nan,nan,nan,nan,373.134328358,nan,nan,3438874.69833,nan,0.8,nan,nan,nan,134,nan,3728.03884673,3728.03884673,100,50000
4065127.64008,nan,3728.09718602,1,nan,nan,nan,nan,nan,nan,373.134328358,nan,nan,4065127.64008,nan,0.8,nan,nan,nan,134,nan,3728.09718602,3728.09718602,100,50000
3574743.8645,nan,3373.69580266,1,nan,nan,nan,nan,nan,nan,337.837837838,nan,nan,3574743.8645,nan,0.8,nan,nan,nan,148,nan,3373.69580266,3373.69580266,100,50000
2857503.53551,nan,3728.13420038,1,nan,nan,nan,nan,nan,nan,373.134328358,nan,nan,2857503.53551,nan,0.8,nan,nan,nan,134,nan,3728.13420038,3728.13420038,100,50000
3414801.88497,nan,3727.9666244,1,nan,nan,nan,nan,nan,nan,373.134328358,nan,nan,3414801.88497,nan,0.8,nan,nan,nan,134,nan,3727.9666244,3727.9666244,100,50000
2967059.0341,nan,4164.32307048,1,nan,nan,nan,nan,nan,nan,416.666666667,nan,nan,2967059.0341,nan,0.8,nan,nan,nan,120,nan,4164.32307048,4164.32307048,100,50000
3407919.93955,nan,4095.91143341,1,nan,nan,nan,nan,nan,nan,409.836065574,nan,nan,3407919.93955,nan,0.8,nan,nan,nan,122,nan,4095.91143341,4095.91143341,100,50000
2750992.52352,nan,4029.61290872,1,nan,nan,nan,nan,nan,nan,403.225806452,nan,nan,2750992.52352,nan,0.8,nan,nan,nan,124,nan,4029.61290872,4029.61290872,100,50000
5463334.6687,nan,3374.58008469,1,nan,nan,nan,nan,nan,nan,337.837837838,nan,nan,5463334.6687,nan,0.8,nan,nan,nan,148,nan,3374.58008469,3374.58008469,100,50000
2083503.3977,nan,4543.7365244,1,nan,nan,nan,nan,nan,nan,454.545454545,nan,nan,2083503.3977,nan,0.8,nan,nan,nan,110,nan,4543.7365244,4543.7365244,100,50000
4682843.43646,nan,3420.80268591,1,nan,nan,nan,nan,nan,nan,342.465753425,nan,nan,4682843.43646,nan,0.8,nan,nan,nan,146,nan,3420.80268591,3420.80268591,100,50000
0.187925658245,nan,4999.04454352,1,nan,nan,nan,nan,nan,nan,500.0,nan,nan,0.187925658245,nan,0.8,nan,nan,nan,100,nan,4999.04454352,4999.04454352,100,50000
2205918.82982,nan,4094.89769117,1,nan,nan,nan,nan,nan,nan,409.836065574,nan,nan,2205918.82982,nan,0.8,nan,nan,nan,122,nan,4094.89769117,4094.89769117,100,50000
960444.484855,nan,4461.1613273,1,nan,nan,nan,nan,nan,nan,446.428571429,nan,nan,960444.484855,nan,0.8,nan,nan,nan,112,nan,4461.1613273,4461.1613273,100,50000
4060773.67698,nan,3285.39892254,1,nan,nan,nan,nan,nan,nan,328.947368421,nan,nan,4060773.67698,nan,0.8,nan,nan,nan,152,nan,3285.39892254,3285.39892254,100,50000
3690049.62524,nan,3728.09066402,1,nan,nan,nan,nan,nan,nan,373.134328358,nan,nan,3690049.62524,nan,0.8,nan,nan,nan,134,nan,3728.09066402,3728.09066402,100,50000
3926418.75019,nan,3673.20326108,1,nan,nan,nan,nan,nan,nan,367.647058824,nan,nan,3926418.75019,nan,0.8,nan,nan,nan,136,nan,3673.20326108,3673.20326108,100,50000
4160375.17373,nan,3081.26083121,1,nan,nan,nan,nan,nan,nan,308.641975309,nan,nan,4160375.17373,nan,0.8,nan,nan,nan,162,nan,3081.26083121,3081.26083121,100,50000
3996204.91319,nan,3373.63281051,1,nan,nan,nan,nan,nan,nan,337.837837838,nan,nan,3996204.91319,nan,0.8,nan,nan,nan,148,nan,3373.63281051,3373.63281051,100,50000
4472514.4982,nan,3468.56594992,1,nan,nan,nan,nan,nan,nan,347.222222222,nan,nan,4472514.4982,nan,0.8,nan,nan,nan,144,nan,3468.56594992,3468.56594992,100,50000
2628290.19767,nan,4095.76001241,1,nan,nan,nan,nan,nan,nan,409.836065574,nan,nan,2628290.19767,nan,0.8,nan,nan,nan,122,nan,4095.76001241,4095.76001241,100,50000
987418.060074,nan,4461.27290651,1,nan,nan,nan,nan,nan,nan,446.428571429,nan,nan,987418.060074,nan,0.8,nan,nan,nan,112,nan,4461.27290651,4461.27290651,100,50000
3141503.40235,nan,4095.75190069,1,nan,nan,nan,nan,nan,nan,409.836065574,nan,nan,3141503.40235,nan,0.8,nan,nan,nan,122,nan,4095.75190069,4095.75190069,100,50000
2083467.49793,nan,4543.69786657,1,nan,nan,nan,nan,nan,nan,454.545454545,nan,nan,2083467.49793,nan,0.8,nan,nan,nan,110,nan,4543.69786657,4543.69786657,100,50000
1119713.45624,nan,4543.65167305,1,nan,nan,nan,nan,nan,nan,454.545454545,nan,nan,1119713.45624,nan,0.8,nan,nan,nan,110,nan,4543.65167305,4543.65167305,100,50000
2370144.10621,nan,4164.2437599,1,nan,nan,nan,nan,nan,nan,416.666666667,nan,nan,2370144.10621,nan,0.8,nan,nan,nan,120,nan,4164.2437599,4164.2437599,100,50000
3488955.71759,nan,4164.20440775,1,nan,nan,nan,nan,nan,nan,416.666666667,nan,nan,3488955.71759,nan,0.8,nan,nan,nan,120,nan,4164.20440775,4164.20440775,100,50000
1116153.62423,nan,4543.76368109,1,nan,nan,nan,nan,nan,nan,454.545454545,nan,nan,1116153.62423,nan,0.8,nan,nan,nan,110,nan,4543.76368109,4543.76368109,100,50000
4757885.73482,nan,3007.41641544,1,nan,nan,nan,nan,nan,nan,301.204819277,nan,nan,4757885.73482,nan,0.8,nan,nan,nan,166,nan,3007.41641544,3007.41641544,100,50000
2336769.42302,nan,4462.4280845,1,nan,nan,nan,nan,nan,nan,446.428571429,nan,nan,2336769.42302,nan,0.8,nan,nan,nan,112,nan,4462.4280845,4462.4280845,100,50000
4552116.8681,nan,3329.36738348,1,nan,nan,nan,nan,nan,nan,333.333333333,nan,nan,4552116.8681,nan,0.8,nan,nan,nan,150,nan,3329.36738348,3329.36738348,100,50000
2074440.47195,nan,4543.79647144,1,nan,nan,nan,nan,nan,nan,454.545454545,nan,nan,2074440.47195,nan,0.8,nan,nan,nan,110,nan,4543.79647144,4543.79647144,100,50000
3738799.84723,nan,3728.13358622,1,nan,nan,nan,nan,nan,nan,373.134328358,nan,nan,3738799.84723,nan,0.8,nan,nan,nan,134,nan,3728.13358622,3728.13358622,100,50000
0.0855655153482,nan,4999.11261906,1,nan,nan,nan,nan,nan,nan,500.0,nan,nan,0.0855655153482,nan,0.8,nan,nan,nan,100,nan,4999.11261906,4999.11261906,100,50000
0.0278783739801,nan,4999.20677415,1,nan,nan,nan,nan,nan,nan,500.0,nan,nan,0.0278783739801,nan,0.8,nan,nan,nan,100,nan,4999.20677415,4999.20677415,100,50000
2205375.23641,nan,4094.79321251,1,nan,nan,nan,nan,nan,nan,409.836065574,nan,nan,2205375.23641,nan,0.8,nan,nan,nan,122,nan,4094.79321251,4094.79321251,100,50000
3084196.20264,nan,4095.76177161,1,nan,nan,nan,nan,nan,nan,409.836065574,nan,nan,3084196.20264,nan,0.8,nan,nan,nan,122,nan,4095.76177161,4095.76177161,100,50000
2908311.50489,nan,3784.81136151,1,nan,nan,nan,nan,nan,nan,378.787878788,nan,nan,2908311.50489,nan,0.8,nan,nan,nan,132,nan,3784.81136151,3784.81136151,100,50000
1150063.9317,nan,4543.68346462,1,nan,nan,nan,nan,nan,nan,454.545454545,nan,nan,1150063.9317,nan,0.8,nan,nan,nan,110,nan,4543.68346462,4543.68346462,100,50000
2612321.61327,nan,4095.79216848,1,nan,nan,nan,nan,nan,nan,409.836065574,nan,nan,2612321.61327,nan,0.8,nan,nan,nan,122,nan,4095.79216848,4095.79216848,100,50000
2685530.71072,nan,4164.14307279,1,nan,nan,nan,nan,nan,nan,416.666666667,nan,nan,2685530.71072,nan,0.8,nan,nan,nan,120,nan,4164.14307279,4164.14307279,100,50000
4902104.82103,nan,3160.2487415,1,nan,nan,nan,nan,nan,nan,316.455696203,nan,nan,4902104.82103,nan,0.8,nan,nan,nan,158,nan,3160.2487415,3160.2487415,100,50000
3852233.07657,nan,4029.59716142,1,nan,nan,nan,nan,nan,nan,403.225806452,nan,nan,3852233.07657,nan,0.8,nan,nan,nan,124,nan,4029.59716142,4029.59716142,100,50000
4622866.53396,nan,3160.17064181,1,nan,nan,nan,nan,nan,nan,316.455696203,nan,nan,4622866.53396,nan,0.8,nan,nan,nan,158,nan,3160.17064181,3160.17064181,100,50000
4293673.9509,nan,3784.76459533,1,nan,nan,nan,nan,nan,nan,378.787878788,nan,nan,4293673.9509,nan,0.8,nan,nan,nan,132,nan,3784.76459533,3784.76459533,100,50000
1165892.44476,nan,4543.64974904,1,nan,nan,nan,nan,nan,nan,454.545454545,nan,nan,1165892.44476,nan,0.8,nan,nan,nan,110,nan,4543.64974904,4543.64974904,100,50000
0.0110576309378,nan,4999.18614594,1,nan,nan,nan,nan,nan,nan,500.0,nan,nan,0.0110576309378,nan,0.8,nan,nan,nan,100,nan,4999.18614594,4999.18614594,100,50000
4949198.95488,nan,3120.68180603,1,nan,nan,nan,nan,nan,nan,312.5,nan,nan,4949198.95488,nan,0.8,nan,nan,nan,160,nan,3120.68180603,3120.68180603,100,50000
2400366.65588,nan,4462.41131182,1,nan,nan,nan,nan,nan,nan,446.428571429,nan,nan,2400366.65588,nan,0.8,nan,nan,nan,112,nan,4462.41131182,4462.41131182,100,50000
1066258.68631,nan,4462.32461177,1,nan,nan,nan,nan,nan,nan,446.428571429,nan,nan,1066258.68631,nan,0.8,nan,nan,nan,112,nan,4462.32461177,4462.32461177,100,50000
0.062841282447,nan,4999.11535186,1,nan,nan,nan,nan,nan,nan,500.0,nan,nan,0.062841282447,nan,0.8,nan,nan,nan,100,nan,4999.11535186,4999.11535186,100,50000
2712003.11421,nan,4028.5659429,1,nan,nan,nan,nan,nan,nan,403.225806452,nan,nan,2712003.11421,nan,0.8,nan,nan,nan,124,nan,4028.5659429,4028.5659429,100,50000
3721234.85416,nan,4095.850535,1,nan,nan,nan,nan,nan,nan,409.836065574,nan,nan,3721234.85416,nan,0.8,nan,nan,nan,122,nan,4095.850535,4095.850535,100,50000
0.107547398579,nan,4998.93891057,1,nan,nan,nan,nan,nan,nan,500.0,nan,nan,0.107547398579,nan,0.8,nan,nan,nan,100,nan,4998.93891057,4998.93891057,100,50000
3586615.1097,nan,4095.80337896,1,nan,nan,nan,nan,nan,nan,409.836065574,nan,nan,3586615.1097,nan,0.8,nan,nan,nan,122,nan,4095.80337896,4095.80337896,100,50000
3672138.70651,nan,4095.70708435,1,nan,nan,nan,nan,nan,nan,409.836065574,nan,nan,3672138.70651,nan,0.8,nan,nan,nan,122,nan,4095.70708435,4095.70708435,100,50000
4155067.5411,nan,3241.94746828,1,nan,nan,nan,nan,nan,nan,324.675324675,nan,nan,4155067.5411,nan,0.8,nan,nan,nan,154,nan,3241.94746828,3241.94746828,100,50000
1292877.20612,nan,4462.3856143,1,nan,nan,nan,nan,nan,nan,446.428571429,nan,nan,1292877.20612,nan,0.8,nan,nan,nan,112,nan,4462.3856143,4462.3856143,100,50000
3612211.25648,nan,4029.59471837,1,nan,nan,nan,nan,nan,nan,403.225806452,nan,nan,3612211.25648,nan,0.8,nan,nan,nan,124,nan,4029.59471837,4029.59471837,100,50000
3680189.66514,nan,3784.79535131,1,nan,nan,nan,nan,nan,nan,378.787878788,nan,nan,3680189.66514,nan,0.8,nan,nan,nan,132,nan,3784.79535131,3784.79535131,100,50000
4390392.6729,nan,3420.73636614,1,nan,nan,nan,nan,nan,nan,342.465753425,nan,nan,4390392.6729,nan,0.8,nan,nan,nan,146,nan,3420.73636614,3420.73636614,100,50000
4457520.37297,nan,3843.08255019,1,nan,nan,nan,nan,nan,nan,384.615384615,nan,nan,4457520.37297,nan,0.8,nan,nan,nan,130,nan,3843.08255019,3843.08255019,100,50000
3010663.73661,nan,4095.87327137,1,nan,nan,nan,nan,nan,nan,409.836065574,nan,nan,3010663.73661,nan,0.8,nan,nan,nan,122,nan,4095.87327137,4095.87327137,100,50000
2304682.33834,nan,4163.16935719,1,nan,nan,nan,nan,nan,nan,416.666666667,nan,nan,2304682.33834,nan,0.8,nan,nan,nan,120,nan,4163.16935719,4163.16935719,100,50000
4333287.55087,nan,3420.85867433,1,nan,nan,nan,nan,nan,nan,342.465753425,nan,nan,4333287.55087,nan,0.8,nan,nan,nan,146,nan,3420.85867433,3420.85867433,100,50000
1067375.91342,nan,4462.37298653,1,nan,nan,nan,nan,nan,nan,446.428571429,nan,nan,1067375.91342,nan,0.8,nan,nan,nan,112,nan,4462.37298653,4462.37298653,100,50000
3654151.97367,nan,4095.71023296,1,nan,nan,nan,nan,nan,nan,409.836065574,nan,nan,3654151.97367,nan,0.8,nan,nan,nan,122,nan,4095.71023296,4095.71023296,100,50000
2823620.34769,nan,4029.46837829,1,nan,nan,nan,nan,nan,nan,403.225806452,nan,nan,2823620.34769,nan,0.8,nan,nan,nan,124,nan,4029.46837829,4029.46837829,100,50000
1380219.45731,nan,4542.73620166,1,nan,nan,nan,nan,nan,nan,454.545454545,nan,nan,1380219.45731,nan,0.8,nan,nan,nan,110,nan,4542.73620166,4542.73620166,100,50000
0.0160841564833,nan,4999.11968845,1,nan,nan,nan,nan,nan,nan,500.0,nan,nan,0.0160841564833,nan,0.8,nan,nan,nan,100,nan,4999.11968845,4999.11968845,100,50000
2347167.50831,nan,4462.37640194,1,nan,nan,nan,nan,nan,nan,446.428571429,nan,nan,2347167.50831,nan,0.8,nan,nan,nan,112,nan,4462.37640194,4462.37640194,100,50000
2700440.79445,nan,4095.81057561,1,nan,nan,nan,nan,nan,nan,409.836065574,nan,nan,2700440.79445,nan,0.8,nan,nan,nan,122,nan,4095.81057561,4095.81057561,100,50000
3474101.65431,nan,4095.6928013,1,nan,nan,nan,nan,nan,nan,409.836065574,nan,nan,3474101.65431,nan,0.8,nan,nan,nan,122,nan,4095.6928013,4095.6928013,100,50000
5136619.70193,nan,3420.84135632,1,nan,nan,nan,nan,nan,nan,342.465753425,nan,nan,5136619.70193,nan,0.8,nan,nan,nan,146,nan,3420.84135632,3420.84135632,100,50000
1456677.5117,nan,4462.41327399,1,nan,nan,nan,nan,nan,nan,446.428571429,nan,nan,1456677.5117,nan,0.8,nan,nan,nan,112,nan,4462.41327399,4462.41327399,100,50000
0.0408052755654,nan,4999.11066664,1,nan,nan,nan,nan,nan,nan,500.0,nan,nan,0.0408052755654,nan,0.8,nan,nan,nan,100,nan,4999.11066664,4999.11066664,100,50000
3549907.50939,nan,3727.28692642,1,nan,nan,nan,nan,nan,nan,373.134328358,nan,nan,3549907.50939,nan,0.8,nan,nan,nan,134,nan,3727.28692642,3727.28692642,100,50000
4109285.55274,nan,3728.14572844,1,nan,nan,nan,nan,nan,nan,373.134328358,nan,nan,4109285.55274,nan,0.8,nan,nan,nan,134,nan,3728.14572844,3728.14572844,100,50000
2125253.84769,nan,4095.73857628,1,nan,nan,nan,nan,nan,nan,409.836065574,nan,nan,2125253.84769,nan,0.8,nan,nan,nan,122,nan,4095.73857628,4095.73857628,100,50000
3713023.07975,nan,4095.85225542,1,nan,nan,nan,nan,nan,nan,409.836065574,nan,nan,3713023.07975,nan,0.8,nan,nan,nan,122,nan,4095.85225542,4095.85225542,100,50000
3713071.31838,nan,4095.87958186,1,nan,nan,nan,nan,nan,nan,409.836065574,nan,nan,3713071.31838,nan,0.8,nan,nan,nan,122,nan,4095.87958186,4095.87958186,100,50000
3854463.27904,nan,3673.16197166,1,nan,nan,nan,nan,nan,nan,367.647058824,nan,nan,3854463.27904,nan,0.8,nan,nan,nan,136,nan,3673.16197166,3673.16197166,100,50000
3903231.475,nan,3727.99881109,1,nan,nan,nan,nan,nan,nan,373.134328358,nan,nan,3903231.475,nan,0.8,nan,nan,nan,134,nan,3727.99881109,3727.99881109,100,50000
2873022.05622,nan,4095.76306679,1,nan,nan,nan,nan,nan,nan,409.836065574,nan,nan,2873022.05622,nan,0.8,nan,nan,nan,122,nan,4095.76306679,4095.76306679,100,50000
1258655.66521,nan,4462.42854373,1,nan,nan,nan,nan,nan,nan,446.428571429,nan,nan,1258655.66521,nan,0.8,nan,nan,nan,112,nan,4462.42854373,4462.42854373,100,50000
4585963.47823,nan,3160.21949356,1,nan,nan,nan,nan,nan,nan,316.455696203,nan,nan,4585963.47823,nan,0.8,nan,nan,nan,158,nan,3160.21949356,3160.21949356,100,50000
3795426.7043,nan,3420.87607692,1,nan,nan,nan,nan,nan,nan,342.465753425,nan,nan,3795426.7043,nan,0.8,nan,nan,nan,146,nan,3420.87607692,3420.87607692,100,50000
1486333.02839,nan,4462.33487029,1,nan,nan,nan,nan,nan,nan,446.428571429,nan,nan,1486333.02839,nan,0.8,nan,nan,nan,112,nan,4462.33487029,4462.33487029,100,50000
2851824.9266,nan,3784.77862443,1,nan,nan,nan,nan,nan,nan,378.787878788,nan,nan,2851824.9266,nan,0.8,nan,nan,nan,132,nan,3784.77862443,3784.77862443,100,50000
2362524.75326,nan,4095.80034563,1,nan,nan,nan,nan,nan,nan,409.836065574,nan,nan,2362524.75326,nan,0.8,nan,nan,nan,122,nan,4095.80034563,4095.80034563,100,50000
2895720.2616,nan,4095.84478352,1,nan,nan,nan,nan,nan,nan,409.836065574,nan,nan,2895720.2616,nan,0.8,nan,nan,nan,122,nan,4095.84478352,4095.84478352,100,50000
