Bound,MinD2w0t,EpLenMean,MeanEntropy,TimeElapsed,J_sample_variance,TimestepsSoFar,MaxD2w0t,EpRewMean,ReturnStepMaxmin,InitialReturnMax,Iteration,InitialReturnMean,InitialReturnMin,ReturnStepMax,MaxIW,MinIW,StdIW,MeanIW,MeanD2w0t,ReturnMeanIW,Weights,EmpiricalD2,EpThisIter,StdD2w0t,EpisodesSoFar,InitialBound,EntropyCoefficient,InitialReturnStd
334.44693,,17.45,1.4101833,4.139232873916626,64617.16,1745,1.6486156,-108.67197648780628,86.90667,9.20005,1,3.7384034e-06,-4.7708664,100.0,3.7298667,0.24002874,0.5268307,1.1027567,0.039453946,575.61646,[-0.689  0.919 -0.673  0.288  0.   ],1.220885,100,0.20872614,100,303.8439,10.0,3.275067
408.7494,,17.61,1.4545346,15.137694597244263,2256817.2,3506,7.6565614,-108.9683448535626,86.99835,11.240044,2,-6.1035155e-07,-4.640358,100.0,35.315483,0.065713696,3.2248044,1.4777856,0.06398192,748.37933,[-0.652  0.938 -0.641  0.248 -0.009],3.9646935,100,0.393604,200,302.0154,10.0,3.3382022
27454.47,,17.01,1.665021,25.516130447387695,136200260000.0,5207,219563.44,-108.51001402704672,86.58757,9.975609,3,5.7983398e-06,-4.440872,100.0,8038.99,0.02706021,787.18365,79.02771,30.748587,37467.703,[-0.678  0.872 -0.653  0.267  0.036],3115.3684,100,1707.7748,300,343.14398,10.0,2.9760873
324.23288,,17.38,1.6627778,38.114666223526,7306.054,6945,1.1327271,-108.2541852468458,86.91346,11.758423,4,1.1291504e-05,-4.83477,100.0,2.3778555,0.622082,0.17143692,1.0297762,0.035542943,540.75037,[-0.624  0.944 -0.535  0.169  0.246],1.0354548,100,0.18734922,400,313.982,10.0,3.4548268
328.58105,,17.16,1.6194432,45.67894768714905,48874.51,8661,1.4102888,-108.92357630791463,86.68778,10.120827,5,1.4343262e-05,-3.6519165,100.0,2.9454317,0.20341395,0.45244044,1.0651042,0.03705329,569.52386,[-0.606  0.926 -0.547  0.151  0.244],1.1883041,100,0.19697013,500,313.21317,10.0,2.5904675
348.81183,,17.18,1.600505,54.14538908004761,7860.719,10379,1.2090864,-109.23150796858688,86.65335,8.198158,6,8.544922e-06,-3.3768387,100.0,1.7411354,0.5386703,0.17839214,1.0436279,0.03504628,559.83575,[-0.59   0.93  -0.572  0.172  0.201],1.031163,100,0.1858321,600,330.6118,10.0,2.6669474
337.968,,16.92,1.6237278,62.99571681022644,28170.223,12071,1.2307804,-108.53592548091657,86.57156,6.2155533,7,-6.942749e-06,-4.45121,100.0,2.5944734,0.32956567,0.3288608,1.0507721,0.035770494,570.4035,[-0.651  0.947 -0.581  0.181  0.181],1.1101094,100,0.19136868,700,321.6031,10.0,2.5381
335.33533,,16.96,1.6132872,71.42482781410217,18996.498,13767,1.1941853,-108.42078685798201,86.56794,12.321587,8,-1.7547608e-06,-4.175415,100.0,1.9593577,0.42848343,0.2721759,1.0394394,0.035414748,562.2596,[-0.644  0.923 -0.592  0.198  0.205],1.0779501,100,0.18908885,800,324.44046,10.0,3.000746
301.01718,,17.43,1.5784339,79.71547818183899,32760.848,15510,1.2024304,-108.65932408110207,86.9095,9.261345,9,7.5531007e-06,-4.4810715,100.0,2.4202144,0.3821351,0.3774793,1.0591941,0.037021104,555.25543,[-0.652  0.919 -0.616  0.195  0.194],1.1499536,100,0.19503185,900,284.52826,10.0,3.2890067
292.3511,,17.51,1.5777955,87.9765088558197,14948.181,17261,1.0904146,-109.20424146064195,86.93053,9.015327,10,6.1035157e-06,-4.0825195,100.0,2.0178661,0.46930897,0.26154304,1.0174687,0.035623007,533.4218,[-0.666  0.911 -0.605  0.203  0.159],1.0655766,100,0.18702956,1000,287.53018,10.0,2.8477237
268.93384,,18.11,1.5824105,96.11315178871155,2309.3948,19072,1.028774,-109.09012925006714,87.3252,10.587059,11,-7.095337e-06,-4.783058,100.0,1.3776357,0.72708744,0.100945614,1.007001,0.0364711,508.9536,[-0.631  0.912 -0.611  0.199  0.159],1.0112313,100,0.18813154,1100,266.957,10.0,3.2405083
319.71854,,16.99,1.5992901,104.86317038536072,5809.4585,20771,1.0658967,-108.96635112994117,86.576965,9.875694,12,-3.3569336e-06,-3.6891022,100.0,2.0143285,0.7386861,0.1494424,1.0120491,0.034323443,549.2118,[-0.627  0.907 -0.616  0.21   0.163],1.0182871,100,0.18301126,1200,316.61697,10.0,2.8568976
354.4917,,16.79,1.6604501,112.8986988067627,101340.555,22450,1.4480937,-108.90180807361361,86.41312,7.5384064,13,2.4414062e-06,-4.6556168,100.0,4.639388,0.43819052,0.6203543,1.0721204,0.037516188,588.00543,[-0.647  0.91  -0.617  0.203  0.18 ],1.2306399,100,0.20180014,1300,337.83597,10.0,2.3986397
320.06122,,17.61,1.6445373,121.60897541046143,179658.58,24211,1.9590604,-108.89309120836613,87.035164,12.288376,14,-4.653931e-06,-4.431938,100.0,5.4329,0.17058498,0.9084954,1.1621203,0.042008173,598.0737,[-0.662  0.922 -0.625  0.197  0.242],1.6997353,100,0.2234494,1400,273.48682,10.0,3.152878
350.7746,,16.95,1.6280092,130.34897327423096,78584.39,25906,1.6120434,-108.60492481050518,86.54503,11.287003,15,-5.645752e-06,-4.447609,100.0,3.0531363,0.14791903,0.58637065,1.0886767,0.03627468,584.5992,[-0.589  0.925 -0.66   0.203  0.226],1.289525,100,0.19444056,1500,323.5997,10.0,2.9638314
286.9211,,17.73,1.6283169,139.90654683113098,28625.588,27679,1.1855283,-108.95209981265519,87.10405,11.19088,16,4.5776366e-07,-4.635254,100.0,2.7884798,0.38753447,0.3625968,1.0358557,0.03689732,534.8762,[-0.66   0.914 -0.651  0.18   0.209],1.1356484,100,0.19261128,1600,275.81586,10.0,3.1301222
328.59283,,17.84,1.5252858,148.09250664710999,155065.75,29463,2.5751905,-109.42232690119695,87.10943,9.913147,17,-1.0604858e-05,-4.1624146,100.0,5.4935427,0.06446087,0.83499515,1.1862599,0.044275444,605.7078,[-0.631  0.926 -0.656  0.173  0.209],1.4670368,100,0.23261987,1700,291.74313,10.0,2.8987024
290.50333,,17.37,1.5137513,156.82581496238708,15823.995,31200,1.1306696,-108.6952817362844,86.86027,9.880196,18,1.1444092e-06,-4.6025925,100.0,1.8711419,0.49690273,0.26574057,1.0259792,0.035659708,542.20886,[-0.621  0.927 -0.67   0.204  0.106],1.0792439,100,0.18802418,1800,282.60773,10.0,3.0289054
308.4748,,17.2,1.5004003,164.5845811367035,106252.87,32920,1.7347151,-109.13375367606048,86.694176,7.3652496,19,-1.487732e-05,-3.728447,100.0,6.460209,0.37478614,0.6553202,1.0693817,0.037277106,571.40173,[-0.613  0.934 -0.681  0.209  0.095],1.1271399,100,0.19822839,1900,295.6727,10.0,2.5389726
314.91974,,17.11,1.4990286,172.41946387290955,9664.951,34631,1.1331605,-108.12040804594422,86.76003,10.567215,20,-1.0147095e-05,-5.0458374,100.0,1.6188568,0.59096736,0.20145275,1.0316441,0.035048094,550.74365,[-0.639  0.955 -0.653  0.18   0.081],1.0523934,100,0.18624806,2000,303.1481,10.0,3.081701
275.4787,,17.74,1.4729835,181.23934864997864,6628.6987,36405,1.1090736,-108.721681642781,87.115524,9.97435,21,-1.8310546e-06,-4.76947,100.0,1.5053377,0.595104,0.17056549,1.0302808,0.03608935,530.7766,[-0.615  0.94  -0.674  0.182  0.08 ],1.0300629,100,0.1881786,2100,266.65906,10.0,2.750079
425.71976,,16.79,1.5625253,190.08580803871155,6769352.5,38084,19.752752,-108.15054161075517,86.47891,11.145897,22,9.155273e-07,-4.484291,100.0,54.60591,0.015168335,5.235807,1.7010765,0.095957,901.5879,[-0.6    0.938 -0.672  0.186  0.054],6.448988,100,0.7137327,2200,300.3362,10.0,2.9292817
335.48618,,16.96,1.5589272,200.93156242370605,2794.7834,39780,1.04344,-108.30243386310542,86.62606,8.170662,23,-1.7547608e-06,-4.236397,100.0,1.3360063,0.68122673,0.10934323,1.006655,0.03409999,544.59344,[-0.643  0.919 -0.666  0.246  0.144],1.0151867,100,0.18198209,2300,333.42773,10.0,3.007239
535.98425,,16.89,1.554687,207.86404085159302,10066917.0,41469,66.911255,-108.71325125039195,86.51413,12.693764,24,9.155273e-07,-4.1773605,100.0,67.417404,0.009450741,6.5197854,1.9001689,0.12801579,985.50397,[-0.635  0.925 -0.665  0.257  0.14 ],9.378644,100,1.2411307,2400,330.25247,10.0,3.2383707
376.29034,,16.55,1.5926919,218.3643786907196,95333.11,43124,2.0704722,-108.71695330272185,86.242195,5.8271103,25,1.3961792e-05,-3.77417,100.0,4.2528663,0.27258682,0.57569367,1.0633357,0.037822183,594.1602,[-0.669  0.85  -0.727  0.366  0.136],1.2338281,100,0.20588954,2500,359.38492,10.0,2.1644175
309.06924,,17.34,1.5611136,227.93592238426208,43403.617,44858,1.2683523,-108.96911411188532,86.79615,10.320419,26,7.2479247e-06,-4.5135803,100.0,3.620623,0.319932,0.45582223,1.0464689,0.03641025,551.43036,[-0.663  0.833 -0.762  0.41   0.174],1.1365238,100,0.19228873,2600,300.06436,10.0,3.4160266
6465.5586,,16.83,1.6695614,235.7960307598114,11242737000.0,46541,23131.27,-108.64289563045305,86.487465,10.923431,27,8.392334e-07,-4.0254745,100.0,2204.847,0.0038797695,216.36906,22.16743,10.62511,10978.206,[-0.734  0.848 -0.754  0.424  0.142],1739.0394,100,260.01804,2700,332.17548,10.0,2.9051235
642.2727,,17.46,1.6373091,250.0889973640442,12873177.0,48287,120.69294,-109.05429104980654,86.87003,12.246269,28,-7.6293944e-08,-4.5428696,100.0,57.172333,0.0017858031,7.2744927,2.3582308,0.18794106,1210.1018,[-0.714  0.918 -0.749  0.306  0.251],8.654782,100,2.360759,2800,287.69803,10.0,3.5159454
354.0463,,17.36,1.6478297,261.7828586101532,88116.125,50023,1.9279728,-108.58197377913999,86.85809,11.473091,29,2.4414062e-06,-4.1860046,100.0,5.7951736,0.23208047,0.5902702,1.1320163,0.03952933,595.64716,[-0.608  0.827 -0.877  0.427  0.218],1.1989468,100,0.21033868,2900,308.70892,10.0,3.1970994
342.85095,,16.8,1.6109309,270.79122519493103,19933.494,51703,1.1617422,-108.28445473829825,86.50104,11.133423,30,-4.5776366e-07,-4.5269623,100.0,2.0457115,0.4373713,0.27819344,1.0464845,0.035200853,570.6859,[-0.585  0.785 -0.936  0.454  0.229],1.0972311,100,0.18888395,3000,327.54834,10.0,3.0077186
389.76132,,16.3,1.6087017,279.11886167526245,162036.69,53333,2.2989497,-107.61715094242703,86.15935,11.082199,31,6.790161e-06,-4.3162766,100.0,5.130102,0.07920037,0.7969585,1.0945183,0.036935445,613.1145,[-0.595  0.763 -0.95   0.468  0.192],1.4996727,100,0.2041368,3100,364.04294,10.0,2.9728467
361.34506,,17.09,1.6129589,289.4360213279724,45594.066,55042,1.434764,-108.28865178693583,86.69366,10.453506,32,-5.4931643e-06,-4.5316086,100.0,3.1413832,0.3115641,0.42686227,1.0510602,0.037174497,563.0087,[-0.639  0.754 -0.918  0.43   0.19 ],1.1613253,100,0.19832167,3200,347.12234,10.0,3.1762242
14795.993,,16.63,1.3482543,298.4348485469818,50849940000.0,56705,55674.875,-107.75790117664164,86.40214,10.078766,33,3.8146973e-06,-4.5689926,100.0,4659.7554,8.736933e-14,457.7272,47.809326,11.553407,23743.031,[-0.656  0.761 -0.903  0.385  0.194],1654.0624,100,520.8025,3300,349.07013,10.0,3.2086053
585.8408,,16.31,1.3155499,312.2374618053436,14448150.0,58336,62.008926,-107.90269057066548,86.12358,7.494438,34,3.890991e-06,-4.4600296,100.0,83.7521,0.0006664177,7.2651324,2.032654,0.15267746,1104.737,[-0.642  0.7   -1.135  0.555 -0.071],11.5134115,100,1.4967681,3400,378.8506,10.0,2.5855691
437.0348,,16.23,1.2895445,323.5836572647095,815708.2,59959,12.024828,-108.25101345547026,86.072464,7.4822693,35,-6.1035155e-07,-4.1677704,100.0,26.082878,0.008665675,1.7051839,1.222365,0.048156973,687.58777,[-0.605  0.64  -1.133  0.617 -0.103],2.5895004,100,0.30802664,3500,380.01398,10.0,2.7158105
413.96634,,16.23,1.305756,333.4249711036682,1037537.1,61582,4.4758954,-107.85270779407325,86.081726,8.371147,36,4.7302246e-06,-4.451271,100.0,16.67059,0.045667905,1.9428225,1.212757,0.05152659,680.87476,[-0.597  0.599 -1.109  0.54  -0.129],2.6262872,100,0.30952114,3600,377.67783,10.0,2.7819247
526.8144,,16.3,1.3328935,341.3728425502777,4705707.5,63212,15.34883,-108.49718167191402,86.05161,6.5707245,37,-1.3732911e-06,-3.712288,100.0,42.72133,0.038564906,4.1699414,1.4898205,0.06233833,825.35785,[-0.604  0.576 -1.091  0.563 -0.113],3.1934156,100,0.41028428,3700,381.9411,10.0,2.3252401
456.35284,,16.66,1.3339604,351.65862941741943,689897.3,64878,7.436745,-108.06300708942348,86.38815,8.418358,38,-6.790161e-06,-4.6891937,100.0,12.212141,0.019036027,1.651733,1.3714081,0.056434058,743.6682,[-0.631  0.706 -1.02   0.621 -0.086],2.8438098,100,0.35110864,3800,355.83295,10.0,2.7899017
422.71558,,16.5,1.4217839,361.6101744174957,214959.75,66528,2.1965966,-108.41235492010736,86.254135,8.848145,39,7.6293946e-07,-3.3955078,100.0,6.856214,0.36786088,0.8793134,1.1850069,0.04265874,659.21765,[-0.618  0.755 -1.004  0.579 -0.085],1.5356095,100,0.23431793,3900,363.74454,10.0,2.721192
363.3366,,16.73,1.4078354,370.74769139289856,34870.85,68201,1.4014634,-108.9593271934443,86.36731,10.886467,40,-6.4849855e-06,-4.0116196,100.0,2.3683946,0.42364335,0.3594454,1.0380242,0.036066487,573.1364,[-0.59   0.767 -0.985  0.597  0.003],1.1269546,100,0.1941762,4000,352.40305,10.0,2.4444828
475.3816,,16.68,1.3833499,378.6719882488251,1590140.6,69869,11.708244,-108.3248863723597,86.401566,9.304016,41,2.2125244e-06,-4.1216125,100.0,20.591164,0.022723652,2.545834,1.4024422,0.049863543,755.08594,[-0.566  0.797 -0.953  0.576 -0.011],3.3714533,100,0.32321227,4100,357.16455,10.0,2.894588
344.99188,,17.69,1.3870918,388.91356468200684,142677.53,71638,2.0402365,-108.8807852077972,87.06171,7.700844,42,-2.5939942e-06,-4.6664734,100.0,4.968178,0.109101385,0.81849355,1.1703941,0.04126082,599.31964,[-0.494  0.835 -0.969  0.633 -0.036],1.6089286,100,0.21847285,4200,296.2678,10.0,2.8114321
418.84674,,16.68,1.4224072,398.392009973526,434988.8,73306,3.78623,-108.45299414126688,86.35954,8.295708,43,1.5716552e-05,-3.99411,100.0,22.29658,0.19957453,1.2100588,1.2202059,0.044860166,670.99493,[-0.528  0.826 -0.942  0.621 -0.032],1.4085774,100,0.2588564,4300,351.4031,10.0,2.646825
308.83,,17.52,1.4053874,407.9605212211609,30872.62,75058,1.4701982,-109.16457700249335,86.95085,10.214714,44,-2.7465821e-06,-4.263443,100.0,2.269874,0.27445605,0.36226842,1.0819256,0.038171876,566.50256,[-0.603  0.919 -0.88   0.636  0.003],1.1567343,100,0.20094053,4400,281.9356,10.0,2.9151285
346.55417,,16.63,1.4463983,416.9895417690277,27530.129,76721,1.2381692,-108.59297025638405,86.3128,8.319351,45,-6.408691e-06,-3.6394424,100.0,2.68533,0.5826831,0.32211247,1.0555556,0.034799136,583.2641,[-0.595  0.886 -0.901  0.662 -0.013],1.1075644,100,0.18771054,4500,328.60458,10.0,2.712048
414.8063,,16.08,1.4600637,425.3102867603302,105613.28,78329,2.0300992,-108.20769165241646,85.92391,6.08445,46,1.1444092e-06,-3.7307892,100.0,4.4482217,0.2476373,0.60949266,1.1367817,0.037899632,648.8162,[-0.623  0.885 -0.898  0.653  0.028],1.3363401,100,0.21071929,4600,368.50958,10.0,2.2823324
309.7459,,17.51,1.489805,433.7563531398773,43721.535,80080,1.4088922,-108.9896370110512,86.927925,8.077576,47,2.670288e-06,-4.422783,100.0,3.450763,0.4319682,0.41724163,1.055223,0.037842426,554.19904,[-0.624  0.884 -0.914  0.71   0.041],1.1422781,100,0.19905105,4700,292.90234,10.0,2.9692202
359.01065,,16.87,1.4405404,442.1660346984863,251010.58,81767,2.0946224,-108.75040685752478,86.53407,8.136772,48,3.4332274e-06,-3.9919968,100.0,4.643036,0.015962042,1.020795,1.1340648,0.04140377,612.3428,[-0.665  0.911 -0.888  0.689  0.071],1.792591,100,0.22615287,4800,330.51157,10.0,2.815088
293.6888,,17.68,1.4126395,452.288880109787,5710.3857,83535,1.0654154,-109.24296235249587,87.04745,10.565346,49,-3.890991e-06,-4.4736786,100.0,1.4702257,0.555272,0.15655908,1.0198789,0.036037274,530.1799,[-0.72   0.869 -0.898  0.7    0.022],1.0328567,100,0.18823561,4900,288.11884,10.0,3.1207492
411.11707,,15.93,1.4122156,460.7190716266632,27532.598,85128,1.2519932,-108.25919389416705,85.80205,6.5577927,50,-7.6293944e-08,-3.8311005,100.0,2.5856128,0.30483794,0.30908203,1.0554875,0.032973014,611.59753,[-0.718  0.864 -0.904  0.707 -0.006],1.1025062,100,0.18193471,5000,386.59933,10.0,2.4423738
305.3378,,17.0,1.4131987,469.8710117340088,6483.4087,86828,1.0948601,-108.75740938645677,86.5994,7.092575,51,-1.6021728e-06,-4.1213455,100.0,1.7517046,0.591103,0.15922889,1.0192678,0.034493286,552.0697,[-0.752  0.902 -0.904  0.728 -0.007],1.0240724,100,0.18388344,5100,298.32315,10.0,2.4760818
364.94083,,16.78,1.3510592,477.5866458415985,43802.22,88506,1.3045859,-108.44757889230577,86.4302,10.718552,52,-9.841919e-06,-4.522461,100.0,2.8843036,0.21866351,0.4119978,1.0844095,0.036298968,592.0587,[-0.775  0.916 -0.89   0.721 -0.006],1.1427249,100,0.19500148,5200,336.6627,10.0,2.7075257
443.7154,,17.11,1.3375094,486.8077573776245,1080533.6,90217,8.961895,-108.72574156300517,86.66436,8.182457,53,-3.2043456e-06,-3.9677963,100.0,12.81195,0.01731716,2.1673748,1.4696108,0.053180907,762.03076,[-0.747  0.922 -0.873  0.713 -0.068],3.5451565,100,0.3169726,5300,313.13455,10.0,2.5699902
687.6095,,17.19,1.3475602,498.186496257782,41597932.0,91936,79.80702,-108.67061934851162,86.73983,10.075729,54,-5.1879883e-06,-3.9485397,100.0,141.2049,0.0010246749,14.704238,2.9260848,0.15646479,1393.8483,[-0.826  0.864 -0.89   0.721 -0.081],27.78979,100,1.645013,5400,324.67953,10.0,2.8255553
408.73242,,16.93,1.3320297,509.00513553619385,1073887.0,93629,4.271942,-108.4809296710167,86.59157,9.699898,55,-2.8991699e-06,-4.2879486,100.0,18.418667,0.015901564,2.1456509,1.3118316,0.05121452,695.03625,[-0.921  0.796 -0.873  0.698 -0.071],3.2398257,100,0.30024368,5500,336.01703,10.0,2.761688
324.72882,,16.9,1.3281235,518.9759902954102,1912.2599,95319,1.04049,-108.56569759918304,86.5413,8.012802,56,7.93457e-06,-4.3498764,100.0,1.3382336,0.6821427,0.08535989,1.0092713,0.03400244,549.2308,[-0.985  0.752 -0.871  0.706 -0.087],1.0089252,100,0.18180622,5600,322.09106,10.0,2.6056163
318.16266,,17.84,1.3079889,527.4154267311096,91782.44,97103,1.7762835,-108.81492672598566,87.19937,10.662621,57,2.3651123e-06,-4.65934,100.0,4.198577,0.07344971,0.64443797,1.1346107,0.042156827,577.6205,[-0.993  0.75  -0.876  0.701 -0.091],1.3198956,100,0.22222161,5700,288.12567,10.0,3.3288062
362.96033,,17.05,1.2969737,535.4841392040253,153032.67,98808,1.6730107,-108.73079844901343,86.62872,6.273384,58,-3.8146973e-06,-3.661522,100.0,5.1621733,0.1333681,0.8171402,1.1091088,0.038827166,594.2942,[-0.987  0.75  -0.863  0.729 -0.111],1.5218635,100,0.20884252,5800,332.49042,10.0,2.5716414
399.39612,,16.83,1.2524478,543.859171628952,901070.9,100491,4.620113,-108.86585326012296,86.51904,7.3596344,59,1.0986329e-05,-3.9670868,100.0,16.542164,0.022540681,1.9935358,1.2981074,0.05262015,691.5494,[-1.006  0.712 -0.868  0.728 -0.122],3.1406162,100,0.3080495,5900,341.13464,10.0,2.334456
368.54926,,17.47,1.2418265,553.7582900524139,1195714.8,102238,8.861349,-109.38968295885773,86.9032,7.4708633,60,6.3323973e-06,-4.0366745,100.0,17.212263,0.031141188,2.304584,1.3387675,0.06462707,689.0534,[-0.97   0.795 -0.833  0.719 -0.166],3.545459,100,0.40891862,6000,304.92,10.0,2.5932956
528.1039,,15.9,1.1254888,563.0614566802979,5412140.5,103828,40.4477,-108.53793710979141,85.75123,6.9304504,61,3.6621093e-06,-3.7146683,100.0,36.302914,0.0011591841,4.407402,1.5932894,0.080962695,901.02405,[-0.99   0.858 -0.827  0.693 -0.177],8.035986,100,0.6934641,6100,390.91467,10.0,2.2022605
541.9562,,16.48,1.0645682,573.9023857116699,2546513.5,105476,10.945035,-108.1231224915926,86.2618,9.651207,62,3.890991e-06,-4.223961,100.0,21.183846,0.0067367167,3.200371,1.6128149,0.056003075,862.48676,[-1.026  0.806 -0.801  0.635 -0.293],4.585432,100,0.37644878,6200,357.80786,10.0,2.719572
1478.7076,,17.41,0.9656954,585.0051288604736,282297440.0,107217,1060.7141,-109.32169107946777,86.82593,7.310074,63,-3.5095215e-06,-3.9889755,100.0,361.56677,7.829378e-06,35.648823,4.89248,0.5837438,2397.0718,[-0.974  0.845 -0.813  0.665 -0.354],81.97776,100,12.190153,6300,317.35608,10.0,2.710415
340.5026,,16.85,0.96471673,596.6689121723175,62768.965,108902,1.5378785,-109.1275963750621,86.434845,8.250725,64,3.4332274e-06,-3.2644958,100.0,3.3919244,0.22702049,0.5120346,1.0625167,0.035356607,579.0192,[-1.065  0.796 -0.861  0.753 -0.453],1.202941,100,0.18976207,6400,325.47214,10.0,2.493809
401.90662,,16.33,0.9517967,604.676599740982,344491.3,110535,2.5845232,-108.2779330031431,86.1806,10.358391,65,-7.400513e-06,-4.0507584,100.0,11.172389,0.13138218,1.1159328,1.1436305,0.041479167,642.1475,[-1.097  0.788 -0.86   0.743 -0.454],1.491592,100,0.23449486,6500,366.01474,10.0,2.7179713
340.72488,,16.86,0.9321638,613.6505751609802,3217.7961,112221,1.0456021,-108.30783435297592,86.55541,7.5008087,66,7.5531007e-06,-4.536278,100.0,1.4361916,0.6739341,0.11079787,1.0179662,0.03413568,554.2932,[-1.104  0.792 -0.855  0.777 -0.467],1.0206361,100,0.18273488,6600,333.78305,10.0,2.8380487
378.4412,,16.69,0.99361974,622.1478650569916,259893.33,113890,1.9818158,-108.7417750827387,86.40144,8.311508,67,-1.1444092e-05,-3.7663727,100.0,7.285261,0.26002592,1.0473233,1.144406,0.03856587,623.0191,[-1.091  0.791 -0.851  0.778 -0.487],1.4521846,100,0.2090442,6700,339.36984,10.0,2.3615756
452.27365,,16.77,1.0032979,630.3299584388733,756401.44,115567,6.4297066,-108.7513070564355,86.49977,6.8449707,68,1.0223389e-05,-3.970787,100.0,15.64569,0.042221755,1.7117822,1.3446925,0.05710823,729.00183,[-1.072  0.814 -0.841  0.785 -0.425],2.2550907,100,0.3542435,6800,358.41644,10.0,2.4067292
359.19382,,18.12,1.0136744,639.5316305160522,1439548.6,117379,11.337059,-110.26930791653486,87.25052,9.883118,69,7.6293946e-07,-3.746437,100.0,20.500034,0.027741646,2.545152,1.3654742,0.07250213,681.095,[-1.049  0.819 -0.826  0.827 -0.416],3.1379652,100,0.46690282,6900,292.007,10.0,2.7381022
297.8801,,17.7,1.0224314,649.0533487796783,10943.014,119149,1.202181,-109.15798174259639,87.11329,7.08799,70,-5.340576e-07,-4.270363,100.0,2.337203,0.50563467,0.23060967,1.0303764,0.03602441,534.18225,[-1.054  0.769 -0.86   0.875 -0.405],1.0571846,100,0.18810745,7000,289.06253,10.0,2.3967793
274.03183,,18.03,1.0180584,657.767736196518,15594.539,120952,1.2454233,-109.49988173058567,87.2604,7.06678,71,-1.197815e-05,-4.206604,100.0,2.2561586,0.41025496,0.2619011,1.0362787,0.03762189,527.43207,[-1.056  0.776 -0.865  0.885 -0.397],1.065527,100,0.19467607,7100,264.14008,10.0,2.5355654
2410.0815,,18.61,0.97753835,666.358282327652,3265186800.0,122813,1284.1921,-109.90326274565574,87.63747,7.015938,72,-1.5258789e-06,-4.421623,100.0,1543.5272,0.0023433142,145.3484,15.27176,0.95390713,6210.291,[-1.06   0.788 -0.85   0.869 -0.401],32.4174,100,24.434694,7200,258.96985,10.0,2.4449859
4428.013,,18.86,0.8862395,678.3215820789337,4622616000.0,124699,15502.166,-110.18541551879918,87.85757,6.918228,73,-3.7384034e-06,-4.0710907,100.0,1593.0481,1.0483752e-05,156.46964,16.345976,4.7659626,7176.427,[-1.076  0.849 -0.772  0.905 -0.441],928.3973,100,134.99449,7300,242.63144,10.0,2.5980072
329.90018,,18.6,0.89047897,692.2262835502625,2517386.0,126559,29.165224,-109.81574885587895,87.58665,10.236198,74,6.2561035e-06,-5.045944,100.0,31.354933,0.006306752,3.6713266,1.4863951,0.08656557,704.97876,[-1.042  0.941 -0.754  0.852 -0.533],6.69843,100,0.62642217,7400,251.64214,10.0,2.6965287
302.91727,,17.9,0.88627297,701.839200258255,46692.523,128349,1.452208,-109.92296651161013,87.167595,9.548485,75,-5.340576e-07,-3.91922,100.0,2.9729543,0.2555899,0.46137506,1.0632632,0.038425528,546.9431,[-1.096  0.916 -0.756  0.88  -0.528],1.177002,100,0.199999,7500,284.72607,10.0,2.6468925
343.99435,,17.82,0.8730561,711.0339047908783,131953.73,130131,2.423255,-110.0251355758181,87.14139,7.3210526,76,4.5776366e-07,-3.876213,100.0,5.31921,0.04316843,0.7937756,1.1269222,0.040172987,579.36273,[-1.074  0.907 -0.772  0.89  -0.533],1.497013,100,0.21176608,7600,310.45374,10.0,2.4371135
276.39148,,18.48,0.8938976,720.9562239646912,9419.557,131979,1.1396427,-110.67270859113817,87.47057,6.2294464,77,-6.942749e-06,-4.0156326,100.0,1.987673,0.6937984,0.21555656,1.030725,0.037628774,514.7099,[-1.047  0.925 -0.77   0.914 -0.546],1.0374806,100,0.19211458,7700,267.10504,10.0,2.300497
349.5409,,18.28,0.8808508,727.5361421108246,1171353.5,133807,12.979587,-110.46693444334592,87.379265,8.472595,78,-1.5258789e-07,-3.7166214,100.0,15.374186,0.011847308,2.3826153,1.4050603,0.06937761,689.65497,[-1.036  0.929 -0.767  0.915 -0.525],3.7044446,100,0.45162773,7800,259.22043,10.0,2.5181644
260.38782,,18.14,0.881339,737.7442953586578,895.902,135621,1.0142473,-110.0306175927488,87.358185,7.4671097,79,-2.4414062e-06,-3.8029327,100.0,1.1988267,0.8477888,0.06414724,1.0020086,0.03634839,509.89838,[-1.021  0.957 -0.761  0.882 -0.538],1.0043061,100,0.18734437,7900,259.88202,10.0,2.6059918
312.94315,,18.36,0.8792216,746.3561251163483,148371.6,137457,2.9049156,-109.83215302266817,87.47954,6.241829,80,2.1362305e-06,-4.3060913,100.0,6.0882387,0.16433114,0.8387183,1.1343882,0.0440075,562.0953,[-1.02   0.954 -0.762  0.884 -0.538],1.4199866,100,0.23073162,8000,281.10297,10.0,2.3433175
264.2392,,18.13,0.87370735,756.0331408977509,20811.105,139270,1.2182684,-109.8403828736401,87.27548,9.491158,81,6.1035155e-07,-4.1363983,100.0,2.7756658,0.4467568,0.29672906,1.0329067,0.037903756,524.6796,[-1.03   0.963 -0.734  0.857 -0.54 ],1.0676495,100,0.19556352,8100,256.02438,10.0,2.6383467
341.97366,,17.16,0.85787296,764.6002542972565,25387.578,140986,1.1553968,-109.31654070680908,86.70775,10.225784,82,-3.967285e-06,-3.399681,100.0,2.172519,0.31599948,0.32781512,1.0372772,0.035620555,557.45465,[-1.034  0.975 -0.724  0.846 -0.545],1.1132073,100,0.18906567,8200,329.89697,10.0,2.5255017
357.0101,,17.52,0.86669695,772.4108510017395,478754.94,142738,4.669199,-109.37019588766925,86.88459,9.189232,83,-2.822876e-06,-3.9703674,100.0,9.87369,0.039292336,1.4813285,1.2305169,0.048836812,635.91534,[-1.031  0.981 -0.729  0.847 -0.561],2.3742583,100,0.27377287,8300,299.16312,10.0,2.499071
380.51498,,17.06,0.88246936,781.2062900066376,334048.53,144444,5.197645,-109.13485181000856,86.63835,7.665985,84,-6.3323973e-06,-3.6564636,100.0,7.4105625,0.116370976,1.1730758,1.293261,0.046700433,688.0653,[-0.998  1.01  -0.718  0.831 -0.552],2.0991259,100,0.265955,8400,290.8709,10.0,2.4396327
315.58575,,17.27,0.86733466,790.7333390712738,39629.156,146171,1.3165135,-108.82964487856047,86.817986,6.0998306,85,1.6784668e-06,-3.9121246,100.0,2.639947,0.34292084,0.40218416,1.0484121,0.03693428,556.9871,[-1.04   1.022 -0.689  0.805 -0.536],1.123157,100,0.1956888,8500,301.03302,10.0,2.4180956
289.67227,,17.79,0.88445807,799.793036699295,658011.9,147950,3.9300568,-109.51035922623551,87.10343,6.1331635,86,-2.2125244e-06,-4.3997574,100.0,15.455713,0.15288323,1.9630338,1.230706,0.044045884,615.2485,[-1.025  1.003 -0.698  0.815 -0.552],1.9905846,100,0.23860367,8600,267.19925,10.0,2.644919
245.44234,,18.81,0.90034634,808.7694034576416,4715.736,149831,1.0337578,-110.34257532455837,87.65985,9.085678,87,-9.384155e-06,-4.3183136,100.0,1.513616,0.72315633,0.15572971,1.0105233,0.037948936,494.40335,[-1.041  0.983 -0.689  0.801 -0.534],1.0214458,100,0.1919383,8700,242.11111,10.0,2.74499
302.8267,,17.6,0.9189785,816.4620242118835,168081.48,151591,1.8314198,-109.37865477095067,86.98227,7.3880844,88,-2.0599366e-06,-4.046585,100.0,7.057957,0.2526884,0.87132066,1.0804099,0.03956773,561.2069,[-1.049  0.983 -0.688  0.801 -0.519],1.2790221,100,0.20861599,8800,288.12347,10.0,2.4826372
1202.3156,,17.72,1.0321956,825.0422830581665,748308700.0,153363,429.86362,-109.62509094319007,86.98995,7.5532074,89,2.8991699e-06,-4.639717,100.0,1293.3838,0.016640294,57.38788,6.8255687,1.0870205,3340.343,[-1.062  0.984 -0.676  0.775 -0.5  ],82.60746,100,13.118214,8900,291.87662,10.0,2.5574622
248.99448,,19.03,1.0302368,836.8350474834442,6169.2593,155266,1.1380082,-111.1145588691574,87.76671,6.2460785,90,2.8991699e-06,-5.0042725,100.0,2.2439141,0.5861117,0.18207958,1.0230758,0.03864155,496.29022,[-1.128  1.02  -0.635  0.831 -0.387],1.022517,100,0.19431177,9000,243.97156,10.0,2.507913
333.6332,,18.5,1.023584,845.7861309051514,706443.0,157116,4.2424245,-110.66557624212167,87.48018,5.699608,91,-6.713867e-06,-3.7950668,100.0,10.737263,0.06134968,1.9016721,1.3791965,0.05554418,666.8516,[-1.136  1.033 -0.628  0.838 -0.389],3.2984633,100,0.3109206,9100,247.91129,10.0,2.3689137
246.67514,,19.29,1.0449524,855.7159519195557,31748.24,159045,1.2656548,-111.38518680720526,87.9207,7.339691,92,-2.8991699e-06,-4.2217865,100.0,3.4080248,0.3697995,0.4171395,1.0518118,0.040590864,502.82297,[-1.188  1.017 -0.611  0.839 -0.395],1.147403,100,0.20287354,9200,232.14255,10.0,2.272429
234.88107,,19.31,1.0408908,865.0528161525726,45328.55,160976,1.4659094,-111.70948171279102,87.81868,5.7298965,93,9.155273e-07,-3.355812,100.0,3.7861118,0.27023137,0.48018336,1.0416465,0.04131426,499.10623,[-1.216  1.016 -0.609  0.849 -0.374],1.1581147,100,0.20673107,9300,228.24939,10.0,2.1243339
227.58777,,19.3,1.047699,873.5746383666992,1612.6051,162906,1.0385482,-111.3742327597693,87.88345,6.6817856,94,-5.645752e-06,-4.037758,100.0,1.3225248,0.7862865,0.09467056,1.0087987,0.03874852,482.7852,[-1.223  1.031 -0.61   0.837 -0.378],1.0090077,100,0.19337751,9400,225.51639,10.0,2.4062667
278.06055,,18.42,1.0530732,880.6309657096863,62074.367,164748,1.6745307,-110.79175982092694,87.40761,8.144569,95,1.1062622e-05,-3.9099503,100.0,3.4371758,0.18664299,0.56179833,1.0827993,0.04003505,541.7473,[-1.235  1.033 -0.609  0.84  -0.371],1.2410932,100,0.20556372,9500,257.78024,10.0,2.4818332
253.45934,,18.63,1.0639273,889.2983219623566,22516.545,166611,1.2092853,-110.66188074366848,87.58382,6.063217,96,-2.670288e-06,-3.8716278,100.0,2.4565659,0.5047452,0.33454964,1.0311671,0.038778767,510.00827,[-1.201  1.029 -0.622  0.862 -0.366],1.1041906,100,0.19727096,9600,245.67007,10.0,2.2156322
897.8447,,18.68,1.0463772,898.1080660820007,241200350.0,168479,639.42017,-111.05541385020071,87.53532,5.248062,97,7.6293946e-07,-4.1163025,100.0,1177.5388,0.000526777,34.23898,4.1474338,0.5458389,1958.7865,[-1.216  1.026 -0.618  0.871 -0.355],118.2997,100,9.097859,9700,247.63762,10.0,2.1263514
235.08301,,19.24,1.0489498,909.8324286937714,58544.81,170403,1.4549035,-111.7271719987572,87.93588,7.2049255,98,3.5858154e-06,-4.8325577,100.0,3.4743671,0.17587608,0.5667065,1.0541503,0.041232657,506.37244,[-1.336  0.992 -0.602  0.902 -0.373],1.2694318,100,0.20673373,9800,224.41223,10.0,2.1113608
260.46545,,19.14,1.0408642,918.618465423584,16740.416,172317,1.3007357,-111.21230977737106,87.905846,6.287079,99,4.653931e-06,-3.8100052,100.0,2.1007946,0.344055,0.3007334,1.0532783,0.040144347,506.2849,[-1.3    0.99  -0.612  0.904 -0.37 ],1.0952139,100,0.20142677,9900,247.10077,10.0,2.3411314
245.54129,,19.46,1.0844814,927.24027967453,39431.0,174263,1.3128484,-111.59033541552199,87.88046,4.7927856,100,-6.8664554e-07,-3.4896088,100.0,3.4234645,0.4417566,0.44880068,1.0705158,0.041890908,507.1303,[-1.298  0.992 -0.621  0.927 -0.378],1.1393844,100,0.2084591,10000,228.98709,,2.0599997
226.08115,,19.32,1.0576171,936.1444923877716,7578.8315,176195,1.0913621,-111.76454274372992,87.91455,6.0765686,101,-9.155273e-07,-3.7999573,100.0,1.5490716,0.42744967,0.19581407,1.0384288,0.039532352,497.2044,[-1.306  0.996 -0.626  0.923 -0.334],1.040453,100,0.19720611,10100,214.7002,,2.123224
249.255,,20.42,1.0561429,945.3469569683075,1066830.9,178237,6.346183,-112.73622362221187,88.49754,5.1249847,102,6.3323973e-06,-4.5702057,100.0,25.887646,0.027598688,3.064746,1.4096917,0.059321437,598.49713,[-1.297  0.994 -0.627  0.916 -0.361],2.797421,100,0.32218698,10200,198.2215,,2.3637767
224.8385,,19.71,1.0468386,956.1129610538483,40206.22,180208,1.6572158,-112.16431316626347,88.2736,5.693985,103,-3.8146973e-07,-3.6740646,100.0,3.2092981,0.27316093,0.46689686,1.0638609,0.04294833,498.6117,[-1.279  1.007 -0.658  0.95  -0.363],1.182716,100,0.21278884,10300,211.60779,,2.0695539
211.57913,,20.03,1.0428514,965.0510184764862,9282.94,182211,1.1092551,-112.36140829124302,88.37522,5.8781357,104,6.1035155e-07,-3.4490738,100.0,1.7321265,0.5544387,0.24124779,1.0275929,0.040896874,473.41687,[-1.275  0.986 -0.665  0.969 -0.372],1.0703028,100,0.2002539,10400,205.34091,,2.2658496
217.09546,,19.7,1.028779,974.0376298427582,72623.48,184181,1.3998506,-111.98534741605654,88.177315,4.2922363,105,6.1035155e-07,-3.2273407,100.0,4.163158,0.17425862,0.65275174,1.0550866,0.042690672,493.2795,[-1.267  0.989 -0.672  0.974 -0.376],1.3078438,100,0.21159148,10500,209.50812,,1.8972101
350.18924,,18.75,1.007362,983.1187562942505,698718.4,186056,4.281923,-111.45514838841706,87.54812,6.4156265,106,2.9754638e-06,-3.6525192,100.0,11.621105,0.030847916,2.0088573,1.4954938,0.05721381,704.2989,[-1.243  0.998 -0.677  0.971 -0.39 ],3.36369,100,0.31906104,10600,234.98227,,2.1745985
240.23083,,19.27,0.9991736,993.0898249149323,15924.258,187983,1.3807448,-111.72444380904366,88.155365,4.936203,107,1.5258789e-06,-3.1420593,100.0,2.4824858,0.48055094,0.28752762,1.0740181,0.040798146,514.07635,[-1.28   0.974 -0.662  0.967 -0.412],1.1001995,100,0.20418322,10700,220.62106,,1.8399167
237.98157,,19.6,0.97445303,1002.2968466281891,227069.58,189943,2.841982,-112.06409542268305,88.23789,6.0126343,108,3.0517577e-07,-3.5797882,100.0,7.4396553,0.070938885,1.1551292,1.1461971,0.049301337,535.2355,[-1.287  0.975 -0.669  0.994 -0.42 ],1.8687443,100,0.2508688,10800,214.26785,,2.1158776
216.59763,,20.13,0.94141674,1011.900369644165,15598.217,191956,1.1558193,-112.68580974528857,88.33534,4.4706573,109,-1.3732911e-06,-3.2765503,100.0,1.8381019,0.4206285,0.2943674,1.0593678,0.041983917,486.49503,[-1.32   0.963 -0.662  1.008 -0.445],1.076354,100,0.20507732,10900,200.64688,,1.9798105
210.60626,,19.9,0.9283524,1020.9703733921051,8745.761,193946,1.1121868,-112.34434448690631,88.39481,4.9409637,110,5.340576e-07,-3.2846832,100.0,1.6449572,0.58739424,0.22098944,1.0261991,0.040688436,478.19156,[-1.333  0.969 -0.656  0.998 -0.477],1.0460111,100,0.19988094,11000,203.87659,,1.9722844
293.06805,,19.96,0.98278755,1029.3111445903778,1215836.4,195942,7.5377407,-112.72007942124134,88.119965,6.2282944,111,-9.231568e-06,-4.203438,100.0,19.926708,0.079722345,2.5876443,1.4303414,0.06602459,654.74554,[-1.346  0.971 -0.652  0.987 -0.491],3.2305927,100,0.3603747,11100,207.00336,,2.1546338
212.23749,,20.0,0.9832382,1039.3174438476562,23785.256,197942,1.2335196,-112.37836254658187,88.621185,6.3157196,112,-6.1035157e-06,-3.3559647,100.0,2.5711112,0.4538375,0.3696902,1.0308015,0.041562,477.81464,[-1.288  0.957 -0.682  1.013 -0.436],1.1130235,100,0.20377392,11200,204.51654,,2.024239
236.97174,,19.17,0.96988165,1048.0450665950775,5831.625,199859,1.0922718,-111.9362225368257,87.83417,4.8415833,113,3.8146973e-07,-3.10363,100.0,1.5120065,0.56869423,0.16584645,1.0205525,0.039005894,495.40768,[-1.266  0.951 -0.695  1.019 -0.436],1.0228231,100,0.19538051,11300,231.27185,,1.9953355
209.9527,,20.06,0.9532902,1056.043406009674,10379.59,201865,1.0823576,-112.4610763501956,88.50818,4.9332657,114,1.2207031e-06,-3.520752,100.0,1.7101036,0.42668796,0.24922566,1.0290511,0.040857576,474.86667,[-1.262  0.943 -0.703  1.024 -0.449],1.05789,100,0.19987202,11400,201.59381,,2.1131015
287.1422,,18.39,0.96907556,1064.5329766273499,28949.578,203704,1.3238698,-111.22066969181438,87.42087,5.3667755,115,-2.7465821e-06,-3.248558,100.0,2.7661834,0.39801556,0.38997072,1.0649792,0.038246185,534.499,[-1.247  0.943 -0.706  1.023 -0.466],1.1515069,100,0.19595556,11500,268.07953,,1.8839357
1475.1626,,18.95,1.0244529,1072.0562329292297,581546400.0,205599,1661.014,-111.51498949110075,87.958626,5.344261,116,-1.2969971e-06,-3.290062,100.0,537.4969,0.00806682,52.87513,6.2461886,1.0426751,2890.9465,[-1.225  0.95  -0.707  1.032 -0.45 ],70.41071,100,25.38949,11600,247.69379,,2.0105796
250.47008,,18.83,1.0268574,1084.5898311138153,5452.3105,207482,1.0763941,-111.31186987798503,87.651535,6.404114,117,-8.850097e-06,-3.2552948,100.0,1.8701054,0.54623044,0.1668423,1.0252684,0.038145494,504.12656,[-1.242  0.971 -0.695  0.935 -0.394],1.0198852,100,0.19284384,11700,242.40352,,2.0851128
271.6986,,18.77,1.0317359,1092.6126704216003,11927.404,209359,1.1578814,-111.00402696653087,87.681656,6.1100235,118,2.822876e-06,-3.859352,100.0,2.2435155,0.581426,0.23191518,1.0285702,0.03878431,506.83505,[-1.219  0.96  -0.696  0.94  -0.392],1.047295,100,0.19646816,11800,262.30994,,2.2837784
227.07693,,19.48,1.0219725,1100.9377319812775,8389.129,211307,1.1705956,-111.86587415059425,88.28029,5.0371933,119,1.663208e-05,-3.5191803,100.0,1.7042197,0.5116796,0.20934054,1.0376761,0.04020586,493.12238,[-1.22   0.949 -0.708  0.953 -0.387],1.0601805,100,0.19979209,11900,215.2062,,2.1442096
253.7395,,18.76,1.0083399,1109.389544725418,31482.67,213183,1.2532351,-111.17710813593904,87.58412,6.9823685,120,6.8664554e-07,-3.2537766,100.0,2.2993414,0.44535673,0.4040708,1.0541652,0.039070737,518.8662,[-1.223  0.96  -0.705  0.941 -0.397],1.1651188,100,0.19812053,12000,238.46436,,2.1848578
225.2933,,19.49,1.0097731,1117.9029409885406,19099.37,215132,1.2523315,-111.7857060284735,88.09969,5.737343,121,-1.7089844e-05,-3.8002167,100.0,2.3959317,0.32889527,0.32748395,1.0441499,0.040688317,494.55472,[-1.244  0.953 -0.701  0.937 -0.411],1.1076117,100,0.20221946,12100,214.58133,,2.2528844
224.67557,,19.37,1.0208417,1127.4137914180756,2263.707,217069,1.0282127,-111.40838914475819,87.95485,5.7071304,122,-6.6375733e-06,-3.8873596,100.0,1.6073905,0.8197543,0.110915005,1.0064411,0.038922172,480.20383,[-1.247  0.937 -0.707  0.946 -0.409],1.0108993,100,0.19388072,12200,223.19186,,2.308101
231.17764,,20.07,1.0216311,1136.0484097003937,77434.61,219076,2.112006,-111.67667580299585,88.31285,7.8697586,123,2.8991699e-06,-3.9618607,100.0,4.3700585,0.29958504,0.66253805,1.1115116,0.04677384,506.42615,[-1.245  0.933 -0.706  0.945 -0.398],1.3503402,100,0.23173898,12300,204.94519,,2.6812217
245.61868,,18.8,1.010103,1145.0210661888123,19546.39,220956,1.3015685,-110.82152434207228,87.71899,6.6454086,124,,-3.8258286,100.0,2.5473335,0.41228148,0.3083893,1.0359753,0.039362643,508.27585,[-1.232  0.943 -0.705  0.92  -0.397],1.0931318,100,0.19940767,12400,235.71457,,2.3486745
249.5755,,19.1,1.0365897,1153.938399553299,81709.555,222866,1.4425224,-111.09403513621697,87.95078,5.582634,125,4.653931e-06,-3.4948044,100.0,4.58971,0.33091015,0.6719946,1.0784367,0.04071519,518.49475,[-1.236  0.934 -0.708  0.934 -0.409],1.2400429,100,0.20481013,12500,231.51877,,2.1543715
323.7096,,19.44,1.0304191,1163.3446555137634,362817.84,224810,7.818148,-111.63134256424077,87.97002,8.720779,126,-7.93457e-06,-4.2442703,100.0,10.713522,0.083632566,1.3659167,1.3117069,0.054718446,616.83545,[-1.204  0.936 -0.713  0.944 -0.382],1.8531069,100,0.31096038,12600,233.88791,,2.4032304
266.38977,,18.88,1.0154675,1173.1179537773132,18365.89,226698,1.2277942,-111.16735361984652,87.94747,5.7184143,127,5.8746336e-06,-3.6214523,100.0,2.2672424,0.50874496,0.30003774,1.0630442,0.03954302,519.865,[-1.149  0.907 -0.747  0.983 -0.388],1.0830919,100,0.19980188,12700,246.18745,,2.1808655
300.5915,,18.37,1.0386105,1181.2273306846619,91038.66,228535,2.1795354,-110.929285740183,87.34879,5.7688065,128,-2.1438598e-05,-3.624092,100.0,4.162267,0.21752821,0.6440148,1.0957961,0.043394513,549.94434,[-1.119  0.899 -0.747  0.962 -0.404],1.3216335,100,0.22423986,12800,276.9345,,2.04635
234.94974,,19.16,1.0511249,1190.7007930278778,10129.693,230451,1.0944604,-111.26491469358005,87.93248,4.443596,129,1.0681152e-06,-3.4654007,100.0,1.9008396,0.5890064,0.23212126,1.0237278,0.039211288,493.88974,[-1.09   0.916 -0.726  0.932 -0.38 ],1.0556498,100,0.1964824,12900,228.66296,,2.0507605
279.46027,,18.54,1.0215137,1199.0554254055023,74013.59,232305,1.903664,-110.75154875947047,87.445045,5.0440216,130,3.890991e-06,-4.6379013,100.0,3.6444736,0.11366611,0.5919826,1.0813892,0.042528514,539.5439,[-1.087  0.908 -0.723  0.934 -0.368],1.2570232,100,0.21841314,13000,259.01746,,2.179503
235.54654,,19.6,1.031891,1208.1953983306885,81985.17,234265,2.9724388,-112.04263642305042,88.01206,9.298737,131,5.9509275e-06,-4.6944504,100.0,3.7843006,0.12071675,0.65803766,1.1072878,0.046394367,522.147,[-1.104  0.941 -0.705  0.916 -0.397],1.3612269,100,0.23380622,13100,214.17456,,2.384621
220.98111,,20.25,1.039178,1216.9744052886963,23405.81,236290,1.5547278,-112.33744196810945,88.435455,5.8095016,132,3.0517577e-07,-3.991806,100.0,3.0062454,0.2708865,0.3746662,1.092719,0.043149073,496.77002,[-1.096  0.915 -0.716  0.942 -0.387],1.136612,100,0.21063736,13200,199.34653,,2.2902844
279.98508,,18.67,1.0605164,1225.1270461082458,65904.92,238157,1.4444833,-111.13158190335272,87.67876,6.4082947,133,1.3732911e-06,-3.4488678,100.0,4.6973243,0.18725151,0.5747421,1.0849298,0.04041625,535.78186,[-1.088  0.924 -0.716  0.963 -0.38 ],1.2248313,100,0.20586956,13300,254.52567,,2.1676733
235.2348,,19.08,1.0566384,1234.6040251255035,34282.484,240065,1.4671497,-111.06056750350349,87.83489,5.167328,134,-9.460449e-06,-4.4336624,100.0,2.805711,0.25656453,0.41011435,1.0573328,0.040733155,510.313,[-1.059  0.917 -0.731  0.974 -0.358],1.102508,100,0.2050052,13400,221.75543,,2.0216842
330.82632,,21.19,1.079104,1243.4669649600983,4061488.8,242184,36.252937,-112.71895926664195,88.87936,5.9628677,135,-4.5776366e-07,-3.689804,100.0,52.79702,0.016952474,5.2619348,1.7673278,0.10697639,736.831,[-1.065  0.932 -0.715  0.953 -0.362],8.298288,100,0.7825427,13500,178.8794,,2.4297543
763.0515,,19.06,1.0716562,1255.0768089294434,262169000.0,244090,764.25336,-110.94078552239397,87.757286,5.0347214,136,-9.155273e-07,-3.9387054,100.0,512.0762,0.007836244,48.71515,5.60587,0.3143482,2057.7214,[-0.982  0.948 -0.723  0.915 -0.34 ],26.869001,100,8.198747,13600,220.26038,,2.190181
221.71487,,19.32,1.0597194,1267.756530046463,3878.9404,246022,1.052644,-111.48828520886563,88.19635,5.724228,137,-4.5013426e-06,-3.8482742,100.0,1.4248481,0.66963804,0.14303747,1.020534,0.039168183,488.78406,[-0.984  0.942 -0.792  1.009 -0.347],1.0256592,100,0.19538991,13700,215.014,,2.1675305
255.20123,,19.6,1.0918244,1275.9775650501251,102701.9,247982,2.016831,-111.22945623348646,88.117775,5.5229263,138,6.027222e-06,-5.0019836,100.0,7.4195237,0.18374798,0.73246545,1.1515938,0.04575955,536.7924,[-0.994  0.941 -0.794  1.019 -0.359],1.3041421,100,0.22839165,13800,219.61824,,2.151498
251.36914,,18.3,1.0815781,1285.2041492462158,3346.6025,249812,1.108974,-110.76291891636959,87.35996,7.19265,139,-6.2561035e-06,-3.6476822,100.0,1.7391114,0.57060236,0.12379113,1.0204269,0.03703907,516.7703,[-0.991  0.951 -0.771  0.983 -0.327],1.0156497,100,0.19005248,13900,245.97147,,2.3578258
257.609,,20.28,1.0755701,1293.738272190094,287186.75,251840,3.1437974,-111.70298933791713,88.576004,8.407768,140,-3.7384034e-06,-4.2667236,100.0,11.044075,0.07799669,1.3247392,1.2659787,0.055179786,566.90393,[-0.998  0.962 -0.762  0.981 -0.337],2.2694335,100,0.28072208,14000,192.7164,,2.5810864
256.82504,,18.18,1.0531081,1304.1955363750458,21030.852,253658,1.1728321,-110.12498100306324,87.40482,5.3259277,141,3.0517579e-06,-4.097664,100.0,2.0831943,0.34663498,0.3134428,1.045129,0.03794136,528.2456,[-0.959  0.971 -0.781  0.97  -0.343],1.0949407,100,0.19546233,14100,245.30838,,2.0997026
270.4557,,18.57,1.0714011,1311.8829219341278,116089.234,255515,1.6955504,-110.94016578141104,87.71014,4.9662323,142,3.2806397e-06,-4.457199,100.0,4.374179,0.19071975,0.772085,1.0889548,0.041764557,538.13464,[-0.956  0.959 -0.781  0.977 -0.366],1.4748814,100,0.21446988,14200,250.64493,,2.1564786
346.84644,,18.56,1.0660658,1321.6821029186249,1170423.0,257371,11.470487,-110.30916704508574,87.54558,5.2373505,143,-3.8146973e-07,-3.9899597,100.0,19.571611,0.019041777,2.4946866,1.47256,0.06762863,704.4264,[-0.919  0.967 -0.787  0.972 -0.348],4.526182,100,0.4182105,14300,248.15567,,2.1084158
264.1062,,18.41,1.0353101,1332.6245737075806,22027.957,259212,1.2488557,-110.77528237366901,87.42192,5.4922333,144,3.1280517e-06,-3.4668198,100.0,2.1425679,0.3498881,0.31812173,1.0463603,0.038839154,525.7094,[-0.877  1.011 -0.78   0.953 -0.353],1.0957875,100,0.19883657,14400,251.1387,,1.9940121
267.31808,,18.25,1.0548297,1342.2707588672638,14735.617,261037,1.1939715,-110.41596773621377,87.367325,8.674477,145,-4.5013426e-06,-3.4619904,100.0,1.960271,0.46364838,0.2587354,1.0390574,0.037971772,525.4195,[-0.867  1.    -0.786  0.967 -0.384],1.0695686,100,0.19520655,14500,256.4854,,2.398459
311.10464,,18.38,1.0301278,1350.197698354721,229365.16,262875,4.184096,-110.48764016718341,87.44622,5.005295,146,-7.781982e-06,-3.529358,100.0,6.2039595,0.056018174,1.0295314,1.1995903,0.050042164,597.2596,[-0.863  0.997 -0.791  0.985 -0.364],1.8097525,100,0.2722974,14600,256.55862,,2.1732771
275.74744,,17.91,1.0171217,1359.9078090190887,8425.505,264666,1.1201814,-110.10229113961195,87.11783,6.189705,147,-9.155273e-07,-3.4194946,100.0,1.7805082,0.533363,0.19087411,1.0230231,0.03668563,528.14526,[-0.85   1.016 -0.78   0.945 -0.389],1.0433056,100,0.19036792,14700,268.07184,,2.252167
267.78268,,18.82,1.0234376,1368.207088470459,60100.152,266548,1.8183898,-110.73494134801057,87.614395,6.581192,148,-2.9754638e-06,-3.9705276,100.0,4.461114,0.38928068,0.5418595,1.1224297,0.04159991,547.0387,[-0.852  1.006 -0.788  0.955 -0.402],1.2651731,100,0.21162705,14800,228.07794,,2.439835
386.9558,,17.67,1.0203823,1377.301628112793,937593.1,268315,10.5853815,-109.76664806187092,87.08637,5.042061,149,2.4414062e-06,-4.002136,100.0,18.492214,0.028170547,1.9946805,1.3583229,0.064706035,696.95465,[-0.879  1.016 -0.767  0.933 -0.395],2.6201794,100,0.41244859,14900,299.86377,,2.1383495
560.9591,,17.89,1.0250578,1388.0950446128845,16135014.0,270104,61.1563,-110.4428541022585,87.14532,4.9987717,150,-3.5095215e-06,-3.6765366,100.0,82.68101,0.005735746,8.804302,2.2762055,0.1244235,1116.2587,[-0.861  0.985 -0.785  0.984 -0.399],17.043358,100,1.1334426,15000,295.6042,,2.0092082
237.13135,,19.62,1.02133,1399.1188778877258,70472.26,272066,1.8087065,-111.6600198644231,88.220894,5.8706284,151,3.8146973e-06,-3.892273,100.0,4.0397086,0.19996753,0.6194218,1.1007237,0.044282645,515.0978,[-0.926  0.962 -0.751  0.963 -0.394],1.3193516,100,0.22069083,15100,211.98605,,2.1763277
231.5004,,19.77,1.0247554,1408.6573679447174,94589.02,274043,1.883518,-111.8703010529317,88.22124,6.7953033,152,7.400513e-06,-3.6674805,100.0,3.991107,0.22314885,0.7443087,1.0983036,0.04362039,510.76636,[-0.94   0.945 -0.757  0.983 -0.398],1.3930597,100,0.2166439,15200,208.72406,,2.1466324
2175.459,,18.73,1.0460155,1417.6594245433807,1035313500.0,275916,4314.5205,-110.99775045964026,87.64579,5.9387207,153,9.155273e-07,-3.9240189,100.0,959.138,0.00020763403,91.493515,10.32649,0.61380696,3932.3928,[-0.915  0.948 -0.772  1.001 -0.394],109.16399,100,23.446396,15300,240.37265,,2.1296608
267.66962,,17.8,1.0308806,1429.890673160553,4276.1123,277696,1.0709482,-110.49833241022465,87.05435,5.115921,154,3.0517579e-06,-3.6169128,100.0,1.3447851,0.567044,0.13507515,1.0188417,0.036071982,531.6901,[-0.824  1.012 -0.723  0.943 -0.373],1.022939,100,0.18775529,15400,261.20142,,1.856137
133162.2,,18.26,0.9911783,1438.454304933548,3226215600000.0,279522,5324717.5,-110.19983142061723,87.47503,4.2753296,155,-2.5939942e-06,-3.8168411,100.0,39061.41,1.4184731e-07,3847.467,384.22183,1641.2275,180000.67,[-0.821  1.004 -0.728  0.948 -0.388],213973.78,100,64035.785,15500,255.18263,,2.0895224
657.06714,,17.62,1.0283204,1455.5935943126678,88627600.0,281284,182.9881,-109.24902480883561,86.98337,10.070816,156,-2.4414062e-06,-4.0322037,100.0,414.15283,0.004026805,20.26634,2.8312194,0.2486813,1384.2472,[-0.82   1.028 -0.744  0.811 -0.428],38.73832,100,3.361047,15600,273.8175,,2.8220568
277.52567,,17.88,1.0166391,1466.5129916667938,33802.25,283072,1.3308802,-109.4452139641281,87.17551,5.7373276,157,5.569458e-06,-4.120079,100.0,2.819143,0.31820458,0.3871065,1.0502672,0.03815789,537.4934,[-0.904  0.974 -0.767  0.847 -0.391],1.1161408,100,0.19854157,15700,264.0843,,2.4836528
308.01913,,18.36,1.014646,1474.6671314239502,640773.0,284908,3.748746,-110.4229861473089,87.41485,7.5341034,158,-5.1116945e-06,-3.7979507,100.0,9.266733,0.03299491,1.8018036,1.2933023,0.054406308,634.0269,[-0.911  0.968 -0.776  0.869 -0.402],2.9808745,100,0.3018334,15800,252.99214,,2.5453558
279.71558,,17.77,1.0156547,1483.9538366794586,18335.39,286685,1.1948723,-110.05149627543011,87.0488,6.1281967,159,-3.5858154e-06,-4.2617264,100.0,2.131096,0.48640394,0.2842708,1.0275997,0.036718026,535.3362,[-0.937  0.944 -0.763  0.873 -0.404],1.0678173,100,0.1913614,15900,272.51624,,2.3194816
235.32468,,18.91,1.0057077,1493.7044105529785,3828.8188,288576,1.0610546,-110.65261221055769,87.69858,5.027191,160,-8.087158e-06,-3.9221954,100.0,1.3948212,0.71890146,0.13552135,1.012877,0.03826607,493.1768,[-0.928  0.94  -0.773  0.89  -0.403],1.0204686,100,0.19302106,16000,231.6271,,2.316672
303.42377,,17.92,1.01431,1501.4640095233917,230802.89,290368,2.265632,-109.58077475079972,87.18916,6.0512314,161,-3.8146973e-07,-3.8637314,100.0,5.5742483,0.12850973,1.0747092,1.207385,0.043229554,607.15,[-0.922  0.935 -0.78   0.898 -0.413],1.8416897,100,0.22969149,16100,248.22693,,2.2968702
287.0439,,17.88,0.99710083,1511.3273544311523,254658.16,292156,2.641909,-110.00396769863085,87.10473,6.0220184,162,-5.264282e-06,-4.4277115,100.0,8.625506,0.07672916,1.0736463,1.1235226,0.044618245,575.36786,[-0.881  0.938 -0.799  0.908 -0.405],1.7511923,100,0.23807396,16200,261.21487,,2.618335
301.63266,,17.6,0.9716463,1520.3337886333466,171026.73,293916,1.9022334,-109.4215441542066,86.96168,5.8445587,163,-3.4332274e-06,-4.0203934,100.0,5.172832,0.082283825,0.8895712,1.1365173,0.041631933,588.6824,[-0.845  0.947 -0.803  0.888 -0.422],1.5828247,100,0.22068481,16300,273.39008,,2.4902875
283.68103,,17.57,0.9674426,1528.9397325515747,18110.406,295673,1.2152745,-109.57219756816714,86.994576,6.4668274,164,-2.8991699e-06,-3.7857513,100.0,2.0326688,0.32617024,0.27841642,1.0283083,0.036578692,539.89496,[-0.852  0.933 -0.788  0.885 -0.447],1.0891263,100,0.19186111,16400,275.1386,,2.4147027
272.75037,,18.54,0.9858398,1537.2614760398865,12112.607,297527,1.2018094,-110.32890704951733,87.549034,5.821495,165,3.3569336e-06,-3.8322906,100.0,2.4037313,0.6644434,0.23354556,1.0381914,0.03812538,515.0392,[-0.861  0.929 -0.788  0.897 -0.451],1.0397344,100,0.19435455,16500,261.61258,,2.371116
255.60367,,18.34,0.9663169,1546.5284078121185,11585.965,299361,1.076442,-109.70888671652033,87.44141,5.710663,166,-9.384155e-06,-4.359833,100.0,1.8383852,0.45887884,0.23774134,1.0266486,0.03731276,513.52246,[-0.856  0.916 -0.798  0.892 -0.433],1.0526272,100,0.19123334,16600,246.69928,,2.344084
273.31247,,18.0,0.94202405,1555.0846264362335,49309.09,301161,1.4462329,-110.29950064678216,87.23945,7.8151627,167,5.264282e-06,-3.715866,100.0,2.7304,0.27306378,0.48845652,1.0660763,0.03793183,544.87024,[-0.877  0.92  -0.793  0.892 -0.453],1.1893435,100,0.19663613,16700,258.63712,,2.3786995
12490.611,,18.11,0.95686615,1563.8118937015533,39214110000.0,302972,35892.55,-109.53734713758676,87.35833,6.6812897,168,1.9073486e-06,-4.056183,100.0,7090.61,0.000242231,447.5928,44.82321,24.82412,20119.986,[-0.858  0.931 -0.793  0.896 -0.477],3559.7856,100,552.0786,16800,273.987,,2.4974067
292.0618,,17.24,0.94563955,1578.6766440868378,108561.516,304696,1.8276759,-109.1808630738711,86.74026,7.6968307,169,-2.3651123e-06,-3.7202606,100.0,3.8684523,0.15371284,0.6956361,1.0881829,0.038053412,576.9237,[-0.876  0.963 -0.838  0.845 -0.462],1.3211614,100,0.20285425,16900,271.17303,,2.4790323
333.28793,,18.36,0.99511725,1587.8520064353943,2501370.8,306532,14.645304,-109.67958040198305,87.489815,6.356697,170,-1.4495849e-06,-4.5595856,100.0,29.96616,0.030709656,3.4998953,1.4549936,0.08448645,711.0592,[-0.895  0.963 -0.822  0.826 -0.473],5.4361477,100,0.58392566,17000,251.55322,,2.533643
278.0672,,17.81,0.9591506,1599.1193144321442,83492.78,308313,1.616344,-109.29429836388874,87.12756,8.307709,171,1.7547608e-06,-4.469589,100.0,5.1276164,0.16162036,0.59780353,1.0862927,0.040094912,558.0206,[-0.932  0.948 -0.817  0.858 -0.424],1.2227314,100,0.20993298,17100,256.83743,,2.5518253
303.52533,,17.54,0.9813148,1608.235051870346,228082.08,310067,3.0340614,-109.16144377017646,86.94111,7.607628,172,-6.1798096e-06,-4.8021545,100.0,7.929627,0.23156439,1.0262123,1.1097761,0.03973698,575.1791,[-0.928  0.938 -0.821  0.88  -0.46 ],1.4580806,100,0.2107904,17200,282.24344,,2.7086518
315.44495,,17.53,0.9664411,1617.7564973831177,216430.97,311820,2.2368898,-109.51636584028509,86.852135,6.267044,173,2.1362305e-06,-3.966568,100.0,6.6232734,0.12199409,0.9756767,1.1718075,0.0437942,606.80615,[-0.947  0.911 -0.831  0.882 -0.438],1.820953,100,0.23529825,17300,270.7889,,2.4311347
263.734,,18.38,0.9536473,1626.9853496551514,2777.4062,313658,1.0504051,-110.12632648491079,87.44559,6.2791443,174,-4.5776366e-07,-4.0943604,100.0,1.3519397,0.64147496,0.11601241,1.0142099,0.037060607,508.17035,[-0.971  0.9   -0.819  0.889 -0.452],1.0210878,100,0.18971515,17400,259.0459,,2.3346057
326.49063,,17.64,0.94580007,1635.3911576271057,160257.53,315422,2.6437733,-109.61684536895072,86.95487,5.9747314,175,-4.577637e-06,-3.8682327,100.0,8.814275,0.16207694,0.8354848,1.1536217,0.04155937,595.3182,[-0.979  0.9   -0.817  0.884 -0.465],1.4970078,100,0.220421,17500,285.3363,,2.4413464
274.64523,,17.92,0.9474004,1644.5244274139404,8784.854,317214,1.1049178,-109.87548586902449,87.18135,8.29892,176,-1.5258789e-07,-3.6506271,100.0,1.6157517,0.5703945,0.201443,1.0196875,0.036296178,524.7831,[-0.923  0.89  -0.829  0.91  -0.473],1.043548,100,0.18827431,17600,268.64685,,2.524543
287.2412,,17.83,0.94430417,1652.7507519721985,39577.297,318997,1.4557507,-109.67856301355688,87.1951,8.208977,177,1.1138916e-05,-3.7243042,100.0,2.9741983,0.39418843,0.42337576,1.0540509,0.038258232,542.85565,[-0.936  0.883 -0.833  0.912 -0.472],1.1321324,100,0.19945551,17700,274.8577,,2.4890468
397.61026,,17.7,0.9371724,1661.1412842273712,7109133.0,320767,84.09826,-110.00040940228907,87.09763,6.664749,178,-7.6293946e-07,-3.5869446,100.0,45.656303,0.001124846,5.982117,1.7650437,0.10384387,865.2763,[-0.929  0.879 -0.842  0.935 -0.475],12.050441,100,1.0815327,17800,280.73965,,2.255188
284.9481,,19.25,0.93115443,1671.9055919647217,625052.75,322692,6.0699673,-110.87604270114416,87.92681,7.6911087,179,-8.69751e-06,-4.126877,100.0,15.954799,0.029514886,1.8115481,1.290695,0.057175547,605.70294,[-1.052  0.896 -0.804  0.908 -0.482],2.2020278,100,0.31640017,17900,215.98648,,2.6474712
237.10205,,19.36,0.94383717,1682.895838022232,25226.385,324628,1.2650185,-110.77017845879945,88.1657,6.635132,180,2.2125244e-06,-4.0197067,100.0,3.471228,0.28658083,0.39068165,1.0243112,0.03978567,484.9574,[-1.072  0.875 -0.815  0.944 -0.488],1.0969125,100,0.19837174,18000,234.64662,,2.509687
329.45224,,18.34,0.93052435,1691.5125560760498,234453.53,326462,3.1805584,-110.05585264557695,87.43708,5.367531,181,-6.1798096e-06,-3.5285568,100.0,8.625523,0.06972362,1.136383,1.2326366,0.04292355,602.1671,[-1.071  0.883 -0.82   0.954 -0.475],1.8426754,100,0.22632807,18100,271.45258,,2.22937
314.59705,,17.84,0.93326885,1700.774299621582,55104.293,328246,1.7146717,-110.14893706963284,87.169235,8.699066,182,-1.6021728e-06,-3.5318985,100.0,2.9160433,0.20257512,0.50371385,1.0886996,0.038765922,563.0375,[-1.107  0.862 -0.82   0.937 -0.488],1.2636868,100,0.20262116,18200,288.17725,,2.4336212
221.8987,,19.71,0.9237853,1710.5942940711975,1844.4009,330217,1.0239332,-111.16694887372391,88.23124,5.842514,183,3.2043456e-06,-4.391388,100.0,1.484825,0.7271097,0.10532841,1.0066084,0.03958444,469.61343,[-1.117  0.859 -0.807  0.919 -0.486],1.0113811,100,0.19540903,18300,220.20361,,2.500227
319.03784,,18.14,0.9107764,1718.2654011249542,95313.44,332031,1.757402,-110.18483285947691,87.28526,9.843185,184,-2.0599366e-06,-3.4702682,100.0,3.8917089,0.22558093,0.67643476,1.1322203,0.04204665,571.6451,[-1.118  0.857 -0.805  0.916 -0.495],1.4352024,100,0.21885306,18400,280.93646,,2.4083278
322.0088,,17.71,0.8695851,1727.408937215805,31699.035,333802,1.222166,-109.89870147947723,87.13725,5.268814,185,1.9073486e-06,-3.54171,100.0,2.219702,0.32129306,0.36940455,1.0757843,0.037825923,559.54785,[-1.127  0.846 -0.797  0.924 -0.508],1.1176523,100,0.19756944,18500,296.46057,,2.1553
279.51016,,18.34,0.8748257,1737.8037073612213,103043.586,335636,1.6039193,-110.43943375377812,87.39922,7.9579773,186,2.0599366e-06,-3.9412994,100.0,5.604686,0.15975569,0.7166974,1.0759623,0.040637694,538.25854,[-1.127  0.851 -0.785  0.927 -0.549],1.406474,100,0.20965199,18600,261.74734,,2.4139988
940.3098,,18.41,0.84273547,1746.3524806499481,384363520.0,337477,2980.499,-110.7419310876292,87.36746,6.416069,187,,-3.8330078,100.0,448.0888,0.00012633264,44.121098,5.658519,1.0920261,2609.569,[-1.158  0.845 -0.781  0.933 -0.544],185.73213,100,25.014376,18700,250.99426,,2.1518803
213.10791,,19.79,0.8401802,1757.7980439662933,1434.3395,339456,1.0273643,-111.96205684265253,88.17127,6.1424484,188,-1.0681152e-06,-3.5347137,100.0,1.2803495,0.71538234,0.08683,1.0043697,0.039772786,469.99158,[-1.242  0.859 -0.712  0.898 -0.576],1.0083842,100,0.19592655,18800,211.93903,,2.3387465
274.19916,,18.09,0.8339851,1765.4515442848206,1994.8218,341265,1.0522667,-110.35996932168351,87.30462,6.366188,189,-1.1367798e-05,-3.9002533,100.0,1.5597298,0.80403787,0.09408199,1.0145243,0.036525797,519.04333,[-1.24   0.854 -0.714  0.902 -0.579],1.011838,100,0.18852396,18900,269.41208,,2.1964157
273.93604,,18.19,0.83417314,1772.7816939353943,56180.562,343084,1.3010858,-110.70423155569154,87.35164,5.690407,190,5.8746336e-06,-3.6603851,100.0,2.8271322,0.23986745,0.52347785,1.056881,0.0386897,537.3161,[-1.249  0.851 -0.721  0.907 -0.585],1.2434318,100,0.19960843,19000,257.8694,,2.210595
1191.6255,,19.83,0.87954164,1781.525307416916,114675540.0,345067,3184.9888,-111.77928668806858,88.23535,6.4061813,191,-3.7384034e-06,-3.846367,100.0,260.06042,0.004588809,26.60449,4.973059,0.5268152,2051.1755,[-1.271  0.848 -0.714  0.905 -0.585],63.799774,100,19.971313,19100,208.37796,,2.2005775
296.05374,,18.55,0.92121303,1794.6883780956268,117514.46,346922,1.8501219,-110.6498435045633,87.52639,9.468964,192,-2.0599366e-06,-3.5618668,100.0,4.6124377,0.18709159,0.7568919,1.12361,0.04276558,555.3539,[-1.227  0.879 -0.694  0.839 -0.539],1.3640481,100,0.21995042,19200,265.10864,,2.6313758
1562.8257,,18.89,0.83270264,1804.787445306778,415054850.0,348811,629.001,-110.70985169328156,87.72238,7.2381516,193,4.043579e-06,-3.5563126,100.0,624.35254,0.00044032402,45.322006,5.273771,0.46187675,2419.302,[-1.215  0.877 -0.709  0.857 -0.498],38.25293,100,8.654072,19300,237.96141,,2.4794743
270.00897,,18.39,0.82928294,1818.0789971351624,52427.258,350650,1.3920997,-109.75217010267252,87.46606,5.3176727,194,-2.4414062e-06,-4.023506,100.0,2.990217,0.33157855,0.51724494,1.0891355,0.03976109,539.78644,[-1.276  0.954 -0.687  0.804 -0.586],1.2760992,100,0.2041836,19400,241.82132,,2.281243
310.80682,,17.46,0.8357825,1826.8239831924438,21128.934,352396,1.3409097,-109.39971198361854,86.89907,7.069206,195,7.858276e-06,-4.0885696,100.0,2.8251941,0.4375,0.28548825,1.0376372,0.037006408,548.47943,[-1.255  0.958 -0.693  0.799 -0.59 ],1.0788435,100,0.19491331,19500,300.08917,,2.368106
281.94138,,17.97,0.84034383,1835.4394233226776,36337.58,354193,1.4655793,-109.42617952384717,87.21869,9.674744,196,-2.0599366e-06,-3.950409,100.0,2.8171492,0.30659658,0.41601738,1.0650853,0.038156312,541.96063,[-1.25   0.968 -0.676  0.788 -0.583],1.1628096,100,0.19814587,19600,262.92307,,2.6768441
374.1647,,17.38,0.8255267,1843.4838643074036,1224495.0,355931,8.592706,-109.27930292626178,86.81535,9.403198,197,3.8146973e-07,-4.0384293,100.0,16.965147,0.011566224,2.3069134,1.3621815,0.05121496,707.61426,[-1.267  0.973 -0.662  0.776 -0.579],3.0018551,100,0.31188476,19700,297.36896,,2.6659782
300.1832,,17.32,0.81937337,1852.6235253810883,24433.727,357663,1.3553737,-109.29225339998031,86.72807,8.14328,198,-1.9836425e-06,-4.205467,100.0,2.3305922,0.50963056,0.31738427,1.0439326,0.03629286,554.72095,[-1.242  0.985 -0.684  0.808 -0.593],1.0947127,100,0.19186814,19800,286.41626,,2.6698277
315.2078,,18.34,0.80191916,1861.2980666160583,357083.84,359497,4.2202506,-110.32219081781972,87.362465,5.3433228,199,6.8664554e-07,-5.486603,100.0,9.978632,0.07750738,1.2932098,1.2112232,0.04922127,599.1564,[-1.253  0.992 -0.67   0.797 -0.6  ],1.846362,100,0.2672897,19900,257.07986,,2.325171
270.20587,,17.7,0.79541,1871.946922302246,2164.7034,361267,1.0312821,-109.57012876414159,87.08171,6.1546555,200,-5.569458e-06,-3.8832169,100.0,1.3674073,0.7831812,0.1013586,1.0098478,0.035529066,525.6636,[-1.238  1.01  -0.659  0.768 -0.617],1.0125701,100,0.18546598,20000,267.0033,,2.3692884
281.60217,,17.07,0.803024,1880.684690952301,4137.2935,362974,1.0446619,-109.3183371289719,86.56964,8.050095,201,-4.043579e-06,-4.5295258,100.0,1.6160867,0.7365127,0.12785898,1.0174721,0.0345094,551.4467,[-1.231  1.012 -0.659  0.77  -0.624],1.0236492,100,0.18355995,20100,275.00543,,2.6454797
289.0961,,16.98,0.8014292,1888.7123658657074,27749.484,364672,1.1706048,-109.13275750484952,86.51094,7.996994,202,-5.0354006e-06,-3.7717667,100.0,2.0813177,0.37357312,0.3451741,1.0362169,0.03503126,561.6317,[-1.222  1.009 -0.662  0.766 -0.616],1.1137105,100,0.18694904,20200,278.85382,,2.471213
305.60056,,17.17,0.78758734,1896.825581073761,8220.262,366389,1.0854337,-109.14011654977934,86.65726,7.517906,203,-1.7547608e-06,-3.8853455,100.0,1.5737585,0.57467395,0.18548548,1.0165609,0.034860052,546.0434,[-1.2    1.01  -0.664  0.763 -0.618],1.0391073,100,0.1848837,20300,299.5116,,2.323803
735.7514,,17.74,0.7836939,1905.0085611343384,33031024.0,368163,95.18772,-109.92977473769453,87.02722,6.8065414,204,3.8146973e-07,-3.6837616,100.0,120.250435,0.0043508643,12.34368,2.822709,0.18896322,1371.7792,[-1.183  1.008 -0.664  0.756 -0.631],29.026587,100,1.9999502,20400,263.854,,2.4076655
267.5413,,18.12,0.7958959,1916.4959571361542,6695.304,369975,1.080876,-109.6494086017956,87.302444,7.54937,205,-3.2806397e-06,-4.2923965,100.0,1.7570167,0.64180076,0.17251046,1.0224817,0.036862064,518.3465,[-1.243  0.975 -0.657  0.773 -0.635],1.0257958,100,0.1901082,20500,261.05408,,2.7115607
293.6134,,17.4,0.8316991,1924.2395558357239,100729.766,371715,1.5825763,-109.66224555772293,86.80391,6.5099106,206,3.0517577e-07,-5.1523285,100.0,4.825657,0.20849821,0.65667355,1.0909349,0.038942847,576.55554,[-1.24   0.97  -0.664  0.773 -0.623],1.2572845,100,0.20631053,20600,269.40735,,2.5472498
321.6734,,17.36,0.8098705,1933.6610612869263,7406.822,373451,1.0844703,-109.78488784187935,86.729225,6.8740997,207,-8.010864e-06,-3.7236862,100.0,1.5262864,0.61037964,0.17665412,1.0264869,0.03521216,547.3543,[-1.244  0.961 -0.667  0.786 -0.587],1.0315063,100,0.18567191,20700,310.6975,,2.4694633
243.64911,,18.81,0.7981776,1942.3566482067108,7976.8745,375332,1.1180379,-110.59889197271455,87.625824,7.8229446,208,5.4931643e-06,-4.5264816,100.0,1.6304762,0.57451946,0.19956942,1.0256703,0.038345527,502.32846,[-1.232  0.964 -0.663  0.784 -0.609],1.0397477,100,0.19397177,20800,236.19565,,2.8069007
293.75745,,18.48,0.7957005,1951.3622143268585,28725.088,377180,1.4649646,-109.96674116539643,87.51244,7.496643,209,-5.340576e-06,-4.2425995,100.0,2.3437376,0.33523616,0.37465754,1.0669285,0.03976263,529.9125,[-1.233  0.965 -0.668  0.794 -0.621],1.1655974,100,0.2033788,20900,271.71622,,2.6670997
366.91846,,18.61,0.78042734,1960.0491545200348,2001578.0,379041,9.08744,-110.54579153955221,87.52283,8.044373,210,-5.722046e-06,-3.9070435,100.0,29.745796,0.104257904,3.0703354,1.5573668,0.060651124,756.93414,[-1.239  0.944 -0.682  0.799 -0.623],2.2508202,100,0.35541847,21000,230.59091,,2.5385585
316.02225,,18.32,0.784824,1970.7249450683594,549171.0,380873,4.3030825,-109.80825584908048,87.40747,8.302032,211,2.670288e-06,-4.3756332,100.0,12.294851,0.057523377,1.6552832,1.2690936,0.05297855,623.7465,[-1.266  0.961 -0.653  0.758 -0.639],2.7927833,100,0.29246515,21100,253.40503,,2.8363795
289.6316,,18.25,0.77779037,1980.2730457782745,225699.31,382698,3.0312488,-110.26083383125098,87.30544,8.848061,212,-8.468628e-06,-4.6519547,100.0,10.116939,0.20554683,0.9936694,1.0844826,0.043192353,547.1444,[-1.312  0.956 -0.642  0.769 -0.634],1.2706169,100,0.22589533,21200,270.4493,,2.8721142
259.3735,,18.11,0.7709474,1989.2200458049774,1942.7931,384509,1.05746,-109.71917164733038,87.26179,7.4838333,213,-3.5858154e-06,-4.0435944,100.0,1.2864045,0.75478196,0.09646587,1.0117991,0.03638491,514.05884,[-1.325  0.978 -0.621  0.751 -0.641],1.0109093,100,0.18769804,21300,255.91772,,2.787283
305.8969,,17.04,0.775226,1996.0279896259308,35376.43,386213,1.1973857,-108.8198536270179,86.62874,8.587845,214,1.1444092e-06,-4.3111496,100.0,2.513183,0.402995,0.39142892,1.0444926,0.035622794,563.5612,[-1.332  0.976 -0.623  0.749 -0.648],1.1561319,100,0.1898545,21400,290.24756,,2.4570587
299.84973,,17.81,0.7648086,2004.613095998764,141956.03,387994,2.114196,-109.58515522643603,87.152534,7.6353455,215,-2.2888183e-07,-3.857689,100.0,6.9888725,0.14487489,0.8276078,1.1216248,0.03935523,574.2894,[-1.348  0.973 -0.619  0.75  -0.644],1.3903617,100,0.20683008,21500,268.97546,,2.6710978
319.14078,,17.42,0.76078224,2013.5932321548462,178472.64,389736,3.1463284,-109.43476520185266,86.81932,4.949272,216,-4.272461e-06,-3.7780838,100.0,6.639501,0.23442307,0.8491759,1.1382891,0.04508998,600.2694,[-1.328  0.978 -0.628  0.765 -0.654],1.5171611,100,0.24535908,21600,277.80692,,2.303909
4280.441,,19.03,0.7641202,2023.3890964984894,7964683300.0,391639,28511.814,-110.67185095286872,87.741394,5.639015,217,-1.8310546e-06,-3.918991,100.0,2108.4019,0.00013939304,207.22021,21.433432,5.139696,9369.32,[-1.305  0.955 -0.645  0.791 -0.658],1340.0033,100,198.73894,21700,235.5322,,2.3802276
277.9567,,18.22,0.7673703,2036.3585472106934,204804.2,393461,3.0283337,-109.95105427426624,87.36955,7.9764633,218,1.0986329e-05,-3.9669418,100.0,8.656805,0.100920305,0.9969453,1.1424962,0.046592247,572.08044,[-1.248  0.976 -0.69   0.845 -0.655],1.5062679,100,0.24879414,21800,248.1355,,2.5655913
309.82214,,17.65,0.7768045,2045.177628993988,82014.336,395226,1.9960327,-110.02774370630421,86.99823,7.559601,219,6.408691e-06,-4.288063,100.0,4.9134507,0.22187106,0.5991323,1.111647,0.04039943,579.4024,[-1.249  0.989 -0.677  0.815 -0.652],1.3360873,100,0.21387959,21900,274.5661,,2.2858043
316.90808,,17.66,0.77641624,2053.225037574768,124189.78,396992,1.9907782,-109.96344472558823,86.98702,6.505928,220,-5.0354006e-06,-3.7133331,100.0,4.8917212,0.12249288,0.7781596,1.0929564,0.038841102,565.39264,[-1.256  0.982 -0.675  0.831 -0.642],1.4168462,100,0.20453116,22000,298.4693,,2.3763115
299.468,,18.69,0.7669234,2059.851224422455,222134.84,398861,2.28216,-111.16154670527123,87.574936,6.4664307,221,2.5939942e-06,-3.3493042,100.0,5.597768,0.059911672,1.0703253,1.1809378,0.04672617,579.6551,[-1.265  0.958 -0.681  0.822 -0.642],1.9538536,100,0.24383047,22100,256.1765,,2.319734
258.5583,,18.54,0.74267244,2069.186737537384,70404.64,400715,1.8102334,-110.29866234045012,87.54464,6.1988754,222,3.4332274e-06,-3.9732056,100.0,3.7079647,0.06366593,0.5813205,1.0618942,0.042153895,526.12256,[-1.286  0.944 -0.673  0.826 -0.652],1.2722241,100,0.21679251,22200,248.71893,,2.54889
298.57056,,17.78,0.7597525,2077.2429320812225,12448.371,402493,1.1056018,-109.95460157822646,87.0821,4.877716,223,2.4414062e-06,-3.767212,100.0,2.3467247,0.5655321,0.23321632,1.0278845,0.036528893,534.6653,[-1.285  0.935 -0.674  0.843 -0.676],1.0544926,100,0.19026396,22300,289.2608,,2.2318459
344.26892,,18.01,0.76513743,2085.226854801178,938626.1,404294,10.885404,-110.01174499823918,87.16021,6.8908615,224,6.942749e-06,-3.9756088,100.0,16.94845,0.09295109,2.0563195,1.3471415,0.058483995,677.0726,[-1.282  0.933 -0.682  0.844 -0.659],2.207335,100,0.3438974,22400,262.40778,,2.307137
295.89142,,17.95,0.7754396,2095.307160615921,21768.652,406089,1.5195476,-109.78727385432008,87.131096,8.262306,225,-1.2969971e-06,-3.879448,100.0,2.6400905,0.4107524,0.30473417,1.0518352,0.038272835,539.486,[-1.266  0.957 -0.657  0.806 -0.654],1.1008575,100,0.1987521,22500,280.3806,,2.4895875
284.7588,,17.75,0.7838471,2103.650696516037,158008.73,407864,2.4217021,-110.01105280325218,87.058075,7.6597137,226,-2.2125244e-06,-3.7967148,100.0,6.085406,0.25681877,0.8475687,1.1325519,0.04255562,585.6021,[-1.27   0.966 -0.643  0.793 -0.643],1.4977225,100,0.22622637,22600,251.62378,,2.6473956
314.66766,,17.87,0.7770222,2112.413880586624,436010.34,409651,4.3965244,-110.05896775336649,87.0895,6.119133,227,-3.0517579e-06,-3.7555923,100.0,11.883295,0.03566824,1.4036896,1.2397168,0.052461542,633.45374,[-1.259  0.979 -0.641  0.776 -0.635],2.0797966,100,0.29404673,22700,263.56665,,2.1946235
325.0288,,19.05,0.74466944,2121.463382959366,1837153.0,411556,5.099426,-110.50075202580666,87.81143,9.020538,228,1.2207031e-06,-4.4677277,100.0,35.47772,0.036779154,2.9920425,1.3988816,0.05430131,665.86676,[-1.27   0.976 -0.633  0.803 -0.642],1.6697217,100,0.2943591,22800,223.42807,,3.2582312
269.4633,,18.42,0.7573366,2132.3228471279144,47496.21,413398,1.4004995,-110.49997295132376,87.35678,9.136078,229,7.2479247e-06,-4.672638,100.0,2.8934622,0.24335216,0.48245388,1.0610797,0.039461788,530.3929,[-1.271  0.991 -0.604  0.775 -0.674],1.2114152,100,0.20237316,22900,251.45036,,2.623188
230.13239,,18.84,0.74783295,2141.199339389801,1630.5963,415282,1.01837,-110.33123348212337,87.691315,8.510162,230,-6.942749e-06,-4.696869,100.0,1.4149776,0.76977617,0.094241925,1.0083389,0.037822794,492.18234,[-1.281  0.984 -0.602  0.782 -0.662],1.009092,100,0.19115064,23000,227.2873,,2.6354904
243.5184,,18.49,0.73731494,2149.7877430915833,2845.5596,417131,1.0228984,-110.59457596775759,87.47882,8.566551,231,3.2043456e-06,-3.8153992,100.0,1.2460344,0.71062136,0.117482394,1.0082711,0.03717327,504.17245,[-1.287  0.985 -0.6    0.781 -0.671],1.0138161,100,0.18970661,23100,240.83853,,2.5790799
239.4531,,18.84,0.7529191,2157.490416288376,2965.8894,419015,1.0481672,-110.65057691547936,87.6914,7.783478,232,1.3732911e-06,-3.8450928,100.0,1.3336275,0.70067286,0.120206974,1.0169078,0.03809321,497.95975,[-1.285  0.987 -0.601  0.781 -0.682],1.018415,100,0.19251144,23200,233.71243,,2.587928
265.02325,,19.18,0.76236445,2166.257044315338,466528.7,420933,3.5834267,-110.7231272573132,87.898544,9.074821,233,6.866455e-06,-4.044716,100.0,11.326035,0.10463791,1.6325345,1.2331903,0.049508203,576.39874,[-1.283  0.989 -0.598  0.776 -0.666],1.9681653,100,0.2588085,23300,227.54846,,2.6129868
291.5591,,17.65,0.7397353,2176.5543439388275,18260.01,422698,1.2039763,-109.81916961395433,86.97432,6.924011,234,-5.9509275e-06,-3.836792,100.0,2.388932,0.36489815,0.29017383,1.0591435,0.036656935,552.358,[-1.311  0.993 -0.574  0.753 -0.657],1.0719333,100,0.19171356,23400,273.56464,,2.3481994
399.5387,,18.29,0.69704974,2185.1768457889557,19319240.0,424527,93.865326,-109.9601470997419,87.38728,7.6501846,235,6.1035157e-06,-3.9245377,100.0,103.583496,0.0007657601,10.171886,1.9538245,0.15231538,924.33374,[-1.317  0.995 -0.581  0.752 -0.679],18.635174,100,1.5265843,23500,251.23874,,2.3271935
391.7029,,17.58,0.67969877,2196.7107515335083,1336687.6,426285,5.164903,-109.7713117739494,86.890976,7.407089,236,3.2043456e-06,-3.8274765,100.0,22.086487,0.029730754,2.4243279,1.3593185,0.05750962,697.7705,[-1.254  1.019 -0.584  0.727 -0.722],2.3979435,100,0.3311642,23600,300.31152,,2.7780564
325.614,,17.77,0.6767022,2207.905363559723,153765.8,428062,2.8339143,-109.82548079659391,87.014145,9.05909,237,-7.858276e-06,-3.826622,100.0,4.8410044,0.12386382,0.8194745,1.1643015,0.0444825,599.28076,[-1.294  1.04  -0.551  0.722 -0.739],1.5659001,100,0.23995288,23700,279.70514,,2.6145961
460.47876,,17.83,0.65869236,2216.8863937854767,6592353.5,429845,15.442427,-109.80856437302685,87.060265,7.603508,238,-1.9836425e-06,-3.690239,100.0,53.20038,0.0029806944,5.6537614,1.8414272,0.08958182,908.24097,[-1.29   1.05  -0.55   0.702 -0.742],9.506902,100,0.64377445,23800,253.79938,,2.5297205
541.31323,,17.57,0.64375144,2229.5565543174744,9317330.0,431602,20.980583,-109.31549831151295,86.92537,8.989334,239,1.1444092e-05,-4.165619,100.0,64.67057,0.005583451,6.531744,1.89778,0.10025049,949.76294,[-1.35   1.041 -0.532  0.704 -0.76 ],5.1557145,100,0.7838172,23900,281.93875,,2.7855034
292.23083,,17.83,0.6386874,2241.5873165130615,48013.516,433385,1.6875622,-109.32492589512671,87.106895,10.759026,240,-1.2130738e-05,-4.2076263,100.0,3.2230432,0.131704,0.4620935,1.0992911,0.039080787,563.541,[-1.346  1.058 -0.511  0.655 -0.775],1.1934243,100,0.20426525,24000,265.1607,,3.1401472
292.60938,,18.0,0.6525735,2250.0010833740234,5234.6694,435185,1.0763756,-109.55184182895127,87.19068,6.43441,241,-1.1062622e-05,-4.3190384,100.0,1.5917227,0.72305524,0.14972931,1.0153966,0.036509573,518.12866,[-1.332  1.063 -0.508  0.671 -0.78 ],1.0208994,100,0.18893357,24100,287.82736,,2.7003386
298.86517,,17.66,0.63885725,2256.930449962616,5454.257,436951,1.0711781,-109.55235377187843,86.95472,7.8753967,242,3.967285e-06,-3.8345795,100.0,1.5694889,0.6118348,0.15376493,1.0186808,0.035753973,531.98474,[-1.324  1.064 -0.503  0.667 -0.766],1.0244346,100,0.18686986,24200,291.42114,,2.4742382
283.97177,,17.75,0.6536104,2264.5906553268433,353825.97,438726,3.5861206,-109.93421051180796,86.97722,6.9438477,243,-4.4250487e-06,-3.3352203,100.0,10.525361,0.10274162,1.2116742,1.1752911,0.0482847,607.07605,[-1.31   1.064 -0.499  0.661 -0.78 ],1.6701431,100,0.2654589,24300,254.1001,,2.417445
314.13647,,17.21,0.64605707,2274.377957344055,125251.95,440447,2.0936015,-109.20547934590734,86.6991,6.697426,244,-8.621216e-06,-3.8555145,100.0,4.2896385,0.16948938,0.7272281,1.1345091,0.04071799,601.9945,[-1.317  1.072 -0.49   0.632 -0.765],1.4669453,100,0.2193372,24400,273.90167,,2.4567244
9386.494,,17.25,0.511401,2282.9610247612,23955108000.0,442172,28146.068,-109.76590479444543,86.658554,6.472229,245,-7.6293944e-08,-3.2871628,100.0,3295.3743,3.768847e-07,323.59595,33.133934,4.913093,16013.841,[-1.325  1.062 -0.489  0.645 -0.773],1382.7806,100,177.87932,24500,306.76312,,2.2433481
368.77417,,17.52,0.52276635,2296.94483089447,3784136.0,443924,17.527435,-109.24505825585504,86.89535,7.4845047,246,-7.6293945e-06,-3.9557037,100.0,53.754463,0.0037080275,4.124204,1.5686404,0.088613994,789.706,[-1.291  1.091 -0.54   0.679 -0.908],8.432388,100,0.6500306,24600,277.21326,,2.5879042
244.25809,,18.52,0.53132504,2306.5637452602386,32441.795,445776,1.4970365,-109.56578176622753,87.53152,7.3344727,247,7.171631e-06,-4.363693,100.0,3.010323,0.4199127,0.40253854,1.0696348,0.038863648,526.78503,[-1.326  1.075 -0.532  0.689 -0.896],1.1167783,100,0.19845349,24700,227.4985,,2.857456
302.21246,,18.04,0.5353992,2314.840532541275,256698.44,447580,4.738954,-110.22419307468967,87.19987,9.993378,248,-8.392334e-07,-4.8884125,100.0,9.173781,0.114007436,1.1734351,1.1810744,0.043917675,592.1535,[-1.307  1.075 -0.533  0.698 -0.888],1.5604618,100,0.23486273,24800,268.34106,,2.7183192
281.766,,17.7,0.53173834,2322.671808242798,8791.098,449350,1.1101283,-109.4835015259467,87.00089,8.902985,249,-8.392334e-07,-4.2500076,100.0,1.884077,0.55877453,0.20970447,1.0143222,0.035786793,527.3581,[-1.325  1.077 -0.52   0.677 -0.884],1.0425962,100,0.18683077,24900,278.29416,,2.8945777
492.4099,,17.78,0.51926875,2330.969127893448,27063732.0,451128,91.449036,-109.74342453428648,87.041626,8.302139,250,-9.613037e-06,-3.5050964,100.0,115.87671,0.0009927521,10.924777,2.2169685,0.15182957,1108.7046,[-1.322  1.082 -0.521  0.679 -0.887],11.155211,100,1.7878851,25000,266.93692,,2.6107824
281.41895,,17.79,0.5078726,2342.1919276714325,8140.81,452907,1.1034307,-109.67372427045679,87.062775,8.49144,251,7.400513e-06,-4.2246475,100.0,1.7192212,0.54506063,0.18872273,1.0251406,0.03630552,531.0019,[-1.287  1.068 -0.56   0.711 -0.9  ],1.0435423,100,0.18905832,25100,272.042,,2.6501641
318.05615,,17.14,0.48705927,2350.1965107917786,48474.254,454621,2.4636722,-108.58690570627165,86.70749,7.179512,252,4.5013426e-06,-4.0485687,100.0,2.785183,0.105476476,0.44864193,1.0869448,0.037367284,579.28394,[-1.277  1.066 -0.56   0.703 -0.911],1.1908615,100,0.199304,25200,293.49637,,2.3384216
328.51123,,16.94,0.50187457,2358.5989356040955,6505.476,456315,1.134022,-109.2272488433475,86.46997,9.141312,253,3.5858154e-06,-4.068306,100.0,1.7790501,0.6469132,0.15923715,1.0292968,0.034447618,561.3447,[-1.287  1.073 -0.567  0.723 -0.932],1.0286186,100,0.18398732,25300,317.9077,,2.8632302
303.50406,,17.2,0.49700612,2367.7357087135315,11369.5,458035,1.2142153,-109.0929205843343,86.71186,7.850479,254,-1.373291e-05,-4.210739,100.0,2.0166254,0.6006747,0.20865934,1.0299661,0.03546939,551.6746,[-1.28   1.076 -0.562  0.724 -0.917],1.0444798,100,0.18800631,25400,293.8428,,2.73277
308.37808,,17.34,0.4890762,2375.6476969718933,50287.055,459769,1.4375914,-109.18247901308182,86.77561,8.886269,255,-1.1291504e-05,-3.733307,100.0,2.967174,0.17453776,0.47660008,1.0596557,0.036378257,561.20715,[-1.273  1.078 -0.554  0.716 -0.922],1.2035869,100,0.19235018,25500,291.4673,,2.519072
309.4288,,17.52,0.4711864,2384.323385000229,10143.695,461521,1.1184314,-109.32477836824386,86.930534,9.356232,256,5.1879883e-06,-3.9145126,100.0,1.6262653,0.5376502,0.20500973,1.0402111,0.03590965,545.4375,[-1.288  1.069 -0.556  0.711 -0.93 ],1.0395975,100,0.18848869,25600,295.14636,,2.6881652
595.5174,,16.99,0.4175523,2393.460600376129,22447512.0,463220,106.796295,-109.189082018305,86.519775,9.925575,257,-5.722046e-06,-3.4475021,100.0,87.57329,0.00028979423,9.641199,2.2421262,0.1627021,1159.1936,[-1.284  1.064 -0.563  0.71  -0.948],27.053988,100,1.8460723,25700,304.0874,,2.5493755
367.55402,,16.62,0.4199233,2403.5967321395874,92022.91,464882,4.706257,-108.72175036050523,86.30592,9.567558,258,-1.9073486e-06,-4.046524,100.0,3.9986374,0.19097984,0.5929495,1.0785792,0.03726467,597.0951,[-1.368  1.056 -0.559  0.728 -1.001],1.3238289,100,0.2035048,25800,344.24408,,2.6315053
2334.4836,,18.83,0.4082961,2412.936606168747,1922103700.0,466765,2228.2334,-109.50964519715085,87.76231,9.6237335,259,6.1035157e-06,-4.7426834,100.0,1118.9541,1.69154e-06,109.09514,11.56308,2.4073792,4794.5444,[-1.381  1.04  -0.571  0.733 -0.999],631.3353,100,41.805676,25900,222.36774,,3.2447429
278.4164,,17.82,0.3997348,2426.0422792434692,27485.424,468547,1.3198435,-109.89289619874597,87.04111,9.227806,260,6.1035155e-07,-3.849205,100.0,2.3027303,0.3719531,0.34533808,1.0493376,0.037706055,542.3175,[-1.337  1.073 -0.581  0.723 -1.011],1.1169857,100,0.19649726,26000,262.7015,,2.6731052
302.43292,,17.24,0.3993154,2434.9442508220673,70097.84,470271,1.5334424,-109.55179035165006,86.68294,7.2293625,261,2.1362305e-06,-4.828865,100.0,3.493421,0.19502318,0.56162965,1.0869725,0.037086044,577.4704,[-1.337  1.079 -0.579  0.715 -1.019],1.2794042,100,0.1970069,26100,277.75632,,2.3648133
289.11752,,17.31,0.41779667,2442.8010761737823,53431.656,472002,1.3043699,-108.96986156409028,86.79209,8.661835,262,6.1798096e-06,-4.131653,100.0,3.3856134,0.4123826,0.4689084,1.0506904,0.037045885,556.8027,[-1.325  1.082 -0.584  0.72  -1.02 ],1.1666722,100,0.19604592,26200,275.82828,,2.6175241
369.33447,,16.96,0.40916133,2451.624304294586,396923.5,473698,2.6837113,-108.9131905482594,86.52743,8.401047,263,8.087158e-06,-3.882759,100.0,7.9895015,0.048900172,1.3063148,1.2065172,0.0427292,646.483,[-1.323  1.086 -0.587  0.715 -1.001],2.2281206,100,0.23736452,26300,313.11017,,2.6175017
354.60974,,16.57,0.40095878,2460.654684305191,1818.8104,475355,1.0259938,-108.83875756554984,86.2639,8.541504,264,5.41687e-06,-4.319565,100.0,1.1742263,0.71879977,0.08142225,1.0095361,0.03324756,563.80365,[-1.294  1.099 -0.586  0.717 -1.01 ],1.0071092,100,0.17957883,26400,349.90378,,2.4870021
285.256,,17.77,0.39687344,2468.231413602829,14137.275,477132,1.2879932,-109.64275262105775,87.08391,5.4930573,265,8.087158e-06,-3.7737732,100.0,2.3561258,0.5113361,0.2484783,1.0310436,0.036881533,534.0338,[-1.29   1.095 -0.587  0.714 -1.018],1.0589707,100,0.19222988,26500,276.66818,,2.2672849
275.6498,,17.63,0.39182505,2476.992663860321,78054.96,478895,1.4263545,-109.32733421536516,86.9615,8.837067,266,3.8146973e-06,-4.0013046,100.0,3.4852302,0.2599765,0.59524596,1.0708501,0.03837617,556.2684,[-1.286  1.101 -0.58   0.707 -1.022],1.3124123,100,0.2015478,26600,256.75787,,2.6157887
383.93408,,17.11,0.39426804,2485.896866798401,492383.9,480606,7.819608,-109.25582031969549,86.58428,8.379143,267,-9.918213e-07,-3.8472137,100.0,9.30483,0.0336244,1.4854102,1.2600251,0.046167072,664.6237,[-1.274  1.103 -0.587  0.709 -1.027],2.4344168,100,0.2622294,26700,311.81128,,2.7340147
308.37625,,17.04,0.38295218,2495.931179523468,18109.713,482310,1.1401671,-108.81520160665212,86.594864,7.2170944,268,3.8146973e-06,-4.025078,100.0,2.0917058,0.54993725,0.27032822,1.0435145,0.035289034,562.8646,[-1.301  1.084 -0.595  0.714 -1.025],1.0783653,100,0.18793574,26800,294.11047,,2.6536002
304.83646,,17.7,0.36905798,2504.5244076251984,44258.97,484080,1.2822205,-109.33233330266961,87.02971,8.090218,269,2.9754638e-06,-5.334442,100.0,3.0069504,0.3120725,0.4613287,1.0678712,0.037085243,552.54895,[-1.305  1.086 -0.589  0.715 -1.036],1.1904346,100,0.19388092,26900,281.94836,,2.7366176
307.2981,,17.54,0.3588645,2513.9865918159485,22988.959,485834,1.2519866,-109.17815570680919,86.925354,9.608025,270,8.010864e-06,-3.747757,100.0,2.1056736,0.3802334,0.3181379,1.035137,0.03653791,541.8057,[-1.316  1.08  -0.589  0.714 -1.05 ],1.1033574,100,0.19180754,27000,296.24823,,2.9791458
316.4941,,17.65,0.36368692,2522.5302815437317,621882.94,487599,5.546301,-109.61534427312955,86.961586,9.3394165,271,8.31604e-06,-4.719551,100.0,17.50857,0.06429167,1.6285641,1.212745,0.054339122,630.7183,[-1.309  1.084 -0.587  0.708 -1.06 ],2.1847332,100,0.32183945,27100,272.60236,,2.6351888
286.81503,,17.21,0.3589704,2530.7324826717377,3220.0461,489320,1.0839419,-109.19830361026561,86.68387,12.6009445,272,1.8310546e-06,-3.9567795,100.0,1.3375394,0.7136896,0.113841146,1.0143646,0.034707837,543.85516,[-1.308  1.075 -0.591  0.729 -1.055],1.0150118,100,0.18383983,27200,282.27753,,2.693434
327.72314,,17.48,0.3565299,2539.100680589676,548966.4,491068,4.391666,-109.42310478923315,86.87788,7.563652,273,-3.7384034e-06,-3.8472137,100.0,9.761873,0.04973144,1.5920058,1.2213987,0.04822161,634.29675,[-1.313  1.072 -0.594  0.732 -1.06 ],2.372488,100,0.27080226,27300,275.67075,,2.5904672
330.63043,,17.88,0.35647172,2549.3357408046722,289741.22,492856,4.167158,-109.67730583208373,87.09393,7.821022,274,6.8664554e-07,-3.8302307,100.0,7.33434,0.09281917,1.1680534,1.2599835,0.049756486,641.917,[-1.337  1.061 -0.597  0.742 -1.062],2.3587627,100,0.27615982,27400,253.04028,,2.7303882
317.5769,,17.99,0.3549536,2558.7622759342194,113326.03,494655,1.7784036,-109.23356898100137,87.22782,7.279114,275,-6.1035155e-07,-4.5987473,100.0,3.9075031,0.11548235,0.7345862,1.1803316,0.04281108,594.54315,[-1.317  1.069 -0.599  0.732 -1.062],1.5494926,100,0.2242253,27500,267.47797,,2.856004
301.11343,,18.03,0.35129032,2567.5340275764465,93439.35,496458,2.0833828,-109.49901375082902,87.24068,7.914215,276,6.4849855e-06,-4.517372,100.0,5.4323106,0.110416785,0.636641,1.1280015,0.042731382,571.16425,[-1.319  1.064 -0.589  0.732 -1.064],1.4040111,100,0.224763,27600,261.3145,,2.8869653
377.8797,,16.45,0.35513312,2576.731052875519,471785.8,498103,2.5343332,-108.67778090780837,86.16669,7.706642,277,-4.348755e-06,-4.2955246,100.0,11.700125,0.07100769,1.3827608,1.1379056,0.042831913,630.0676,[-1.317  1.072 -0.585  0.72  -1.068],2.1311638,100,0.2408953,27700,350.5633,,2.4100075
280.29633,,17.58,0.3524323,2586.7212386131287,41703.52,499861,1.3364947,-109.80783104467396,86.916565,4.806656,278,4.8065185e-06,-3.831009,100.0,2.801628,0.24459258,0.42413542,1.0315028,0.037232697,540.96063,[-1.308  1.085 -0.59   0.721 -1.064],1.1585093,100,0.19543731,27800,274.04507,,2.043663
340.87048,,16.56,0.34848157,2594.549338579178,18299.51,501517,1.4904639,-108.6568699497921,86.253685,10.158325,279,-4.119873e-06,-4.087143,100.0,2.498084,0.3247881,0.25144154,1.0246323,0.034536783,571.3363,[-1.296  1.085 -0.592  0.714 -1.066],1.0534959,100,0.18684185,27900,334.60907,,2.7050772
559.97974,,16.94,0.34339118,2602.669953584671,29796668.0,503211,185.57822,-109.06818321649915,86.508354,7.6296463,280,9.155273e-07,-4.070839,100.0,121.792534,0.0014268341,11.627248,2.3963568,0.1488598,1210.5577,[-1.296  1.078 -0.601  0.717 -1.07 ],21.96032,100,2.060678,28000,295.13422,,2.6723025
416.70358,,17.09,0.35082865,2614.298582315445,705395.25,504920,9.896949,-108.6698443447753,86.63971,7.4185333,281,7.93457e-06,-4.4834824,100.0,15.415228,0.051864155,1.7154373,1.3502722,0.05203945,713.42523,[-1.337  1.072 -0.58   0.697 -1.076],2.6085498,100,0.31712157,28100,314.91022,,2.571819
289.79465,,17.77,0.3376535,2624.218841314316,142537.8,506697,2.1539292,-109.56370409367695,87.04297,7.3516083,282,2.8991699e-06,-4.8041077,100.0,5.434969,0.12356957,0.7990408,1.0953158,0.04131117,564.79224,[-1.325  1.079 -0.588  0.725 -1.068],1.4726384,100,0.21846741,28200,264.6057,,2.5888116
337.4846,,17.21,0.35611653,2633.7763986587524,109367.94,508418,2.1324987,-108.94956042995247,86.71679,7.018112,283,-4.9591063e-06,-4.642082,100.0,6.4055157,0.1818105,0.66086745,1.141465,0.04066463,607.5727,[-1.347  1.078 -0.587  0.736 -1.081],1.3439914,100,0.21859597,28300,288.64056,,2.738437
259.3408,,18.29,0.35215893,2642.5308175086975,26671.963,510247,1.1814041,-110.31387217465277,87.337364,8.996651,284,-4.196167e-06,-3.643959,100.0,2.0267785,0.2518544,0.36778292,1.0541948,0.03809284,529.6374,[-1.344  1.068 -0.594  0.749 -1.063],1.1541578,100,0.19569701,28400,242.64005,,2.6965842
315.05334,,17.2,0.34718958,2651.5827379226685,16776.33,511967,1.1685696,-109.11592721316475,86.717155,8.028671,285,-2.5177003e-06,-4.020279,100.0,2.5392506,0.52373797,0.2654663,1.0163256,0.0350845,544.2752,[-1.335  1.072 -0.597  0.749 -1.067],1.0642711,100,0.1859449,28500,310.4864,,2.7352698
438.25363,,17.58,0.32289958,2660.0358929634094,2944689.5,513725,10.712204,-109.8010867257234,86.91047,6.219017,286,6.8664554e-07,-3.7062225,100.0,38.678703,0.035881773,4.0947223,1.7501016,0.06678253,860.552,[-1.337  1.068 -0.595  0.743 -1.072],2.5925944,100,0.4462072,28600,283.91287,,2.2606173
369.30862,,17.03,0.33154866,2671.8138978481293,393693.06,515428,2.2969775,-108.68706473233084,86.63192,7.317543,287,2.2888183e-07,-4.9646454,100.0,11.894937,0.1500162,1.3479977,1.2398075,0.042790662,652.66736,[-1.321  1.074 -0.566  0.721 -1.096],1.7065909,100,0.23175472,28700,304.63333,,2.6389875
291.41714,,17.73,0.3249507,2681.0034646987915,24960.89,517201,1.2050103,-109.970205569554,86.98967,7.775612,288,6.408691e-06,-3.734146,100.0,2.1410487,0.2638662,0.3349347,1.038433,0.03705775,541.2785,[-1.333  1.075 -0.554  0.722 -1.087],1.1339097,100,0.19349524,28800,279.5789,,2.368606
312.2237,,17.25,0.3265625,2689.6025335788727,39102.65,518926,1.5731667,-109.2009605926035,86.70061,8.817711,289,-4.4250487e-06,-4.2837677,100.0,3.484118,0.32797024,0.41929218,1.0634934,0.036601823,566.2864,[-1.331  1.08  -0.555  0.72  -1.094],1.1483091,100,0.19403148,28900,294.732,,2.5515273
