Bound,VarJ,VarDiscRet,AvgNormIw,MaxNormIw,MinNormIw,Delta,BatchSize,VarVanillaIw,AvgRet,VarRet,ESSClassic,AvgDiscRet,EpsThisIter,VanillaAvgRet,ESSRenyi,J,AvgVanillaIw,eRenyi2,IterType,AvgEpLen,VarNormIw,MaxVanillaIw,MinVanillaIw
1071.4722,1817.5167,83958.67826312238,0.01,0.45891553,1.6581998e-14,0.85,100,203.89124,148.23435896617477,83958.67826312238,3.1216482901093245,148.23435896617477,100,148.23435896617477,3.7756676380069436,1456.2212,2.5503247,26.485382,1,15.83,0.0031347838,117.03836,4.228948e-12
-44689.543,784.48157,549383.1666434449,0.01,0.38613617,1.3952262e-14,0.85,200,1.0165415e+21,148.23435896617477,83958.67826312238,3.5925647250046495,542.6022365453176,100,148.23435896617477,0.004354265415439018,324.07336,6123887000.0,45931.973,,15.83,0.002710633,236465420000.0,0.008544208
1207.7454,2089.159,7721.132111545987,0.005000001,0.60207397,5.482172e-24,0.85,200,239.88582,95.64293128037274,7721.132111545987,2.293493012152132,95.64293128037274,100,95.64293128037274,4.46512223668994,1561.5453,1.663995,44.791607,1,10.57,0.0021659103,200.36961,1.8244613e-21
605.6754,1180.6711,1408065.0749821847,0.009999998,0.01,0.01,0.85,200,,815.7172424474347,1408065.0749821847,100.0,815.7172424474347,100,815.7172424474347,200.0,815.7172,1.0,1.0,2,82.54,3.5044917e-18,1.0,1.0
-inf,5487.833,1085581.5601328055,0.005,0.710182,6.4665472e-24,0.85,300,inf,95.64293128037274,7721.132111545987,,699.1193168745189,100,95.64293128037274,nan,840.3245,3.858919e+18,nan,,10.57,0.00267898,5.48107e+20,0.0049907765
3370.9014,6651.85,260921.63690539516,0.0033333334,0.9094264,4.5959e-40,0.85,300,417.06235,156.1382727323739,260921.63690539516,1.2080741020702543,156.1382727323739,100,156.1382727323739,2.9471064631866892,4594.331,1.2963964,101.79476,1,16.61,0.0027572925,353.6931,1.7874325e-37
445.17044,805.6274,655591.4790210137,0.009999998,0.01,0.01,0.85,300,,655.2107893687362,655591.4790210137,100.0,655.2107893687362,100,655.2107893687362,300.0,655.2107,1.0,1.0,2,66.52,3.5044917e-18,1.0,1.0
679.6311,1105.5541,1753177.967301296,0.0049999994,0.005,0.005,0.85,300,,1001.0953054901979,1753177.967301296,200.00000010221265,1001.0953054901979,100,1001.0953054901979,300.0,828.153,1.0,1.0,2,101.05,2.179301e-19,1.0,1.0
-inf,0.8112655,2048245.469075364,0.0033333336,0.9998816,5.05303e-40,0.85,400,inf,156.1382727323739,260921.63690539516,,1113.304111948572,100,156.1382727323739,122792092.08594769,80.00709,1.8650931e+34,3.2575388e-06,,16.61,0.0033325418,5.594617e+36,0.0028273095
3284.8018,5644.7715,23504.34910105297,0.0025,0.93600786,,0.85,400,1127.9153,117.9289031598275,23504.34910105297,1.1406485052790734,117.9289031598275,100,117.9289031598275,2.1492552780940906,4717.428,1.7937452,186.11098,1,12.8,0.0021909631,671.5838,
1258.5197,1587.6676,2546149.9904547343,0.009999998,0.01,0.01,0.85,400,,1468.5617130257801,2546149.9904547343,100.0,1468.5617130257801,100,1468.5617130257801,400.0,1468.5616,1.0,1.0,2,147.76,3.5044917e-18,1.0,1.0
1167.1334,1530.763,2140425.7384412424,0.0049999994,0.005,0.005,0.85,400,,1162.7492015065668,2140425.7384412424,200.00000010221265,1162.7492015065668,100,1162.7492015065668,400.0,1315.6555,1.0,1.0,2,117.23,2.179301e-19,1.0,1.0
1191.5409,1569.4288,2730101.696216663,0.0033333336,0.0033333334,0.0033333334,0.85,400,,1307.115382548642,2730101.696216663,299.999969473632,1307.115382548642,100,1307.115382548642,400.0,1312.8087,1.0,1.0,2,131.59,5.4391416e-20,1.0,1.0
nan,nan,2865788.238576932,nan,nan,nan,0.85,500,nan,117.9289031598275,23504.34910105297,nan,1661.2548941946195,100,117.9289031598275,1223421347.6016097,nan,inf,4.0868994e-07,,12.8,nan,inf,0.0014890174
2587.619,14998.57,20673.679829604327,0.002,0.82329154,,0.85,500,688.98364,111.23543512031594,20673.679829604327,1.4529354428486283,111.23543512031594,100,111.23543512031594,1.5263548681907235,4287.62,1.4155976,327.57782,1,12.13,0.0013752745,582.72473,
1576.4976,1829.842,3382143.830404524,0.009999998,0.01,0.01,0.85,500,,1786.5394365382901,3382143.830404524,100.0,1786.5394365382901,100,1786.5394365382901,500.0,1786.5396,1.0,1.0,2,179.47,3.5044917e-18,1.0,1.0
1650.812,1827.2922,3362973.8085154486,0.0049999994,0.005,0.005,0.85,500,,1812.128840319413,3362973.8085154486,200.00000010221265,1812.128840319413,100,1812.128840319413,500.0,1799.3341,1.0,1.0,2,182.06,2.179301e-19,1.0,1.0
1697.5857,1793.7021,3001841.006512965,0.0033333336,0.0033333334,0.0033333334,0.85,500,,1857.892207423661,3001841.006512965,299.999969473632,1857.892207423661,100,1857.892207423661,500.0,1818.8535,1.0,1.0,2,186.64,5.4391416e-20,1.0,1.0
1716.4187,1789.5433,3189574.3009027415,0.0024999997,0.0025,0.0025,0.85,500,,1829.1988725359179,3189574.3009027415,400.0,1829.1988725359179,100,1829.1988725359179,500.0,1821.4397,1.0,1.0,2,183.78,5.434597e-20,1.0,1.0
4436.6743,812.93567,2712660.3527977103,0.002,0.105315104,2.2294586e-38,0.85,500,22.787336,1670.44683005563,2712660.3527977103,23.74379004604524,1670.44683005563,100,1670.44683005563,22.870020803776402,4875.885,1.0647969,21.862682,1,167.93,8.039335e-05,56.069595,1.1869602e-35
4766.407,131.47455,17460.160216600885,0.009999998,0.01,0.01,0.85,500,,4976.449420141992,17460.160216600885,100.0,4976.449420141992,100,4976.449420141992,500.0,4976.449,1.0,1.0,2,497.7,3.5044917e-18,1.0,1.0
4747.47,536.34753,550611.3775919367,0.0049999994,0.005,0.005,0.85,500,,4815.535353060884,550611.3775919367,200.00000010221265,4815.535353060884,100,4815.535353060884,500.0,4895.992,1.0,1.0,2,481.64,2.179301e-19,1.0,1.0
4729.845,677.06903,795802.7050442394,0.0033333336,0.0033333334,0.0033333334,0.85,500,,4761.352526374032,795802.7050442394,299.999969473632,4761.352526374032,100,4761.352526374032,500.0,4851.113,1.0,1.0,2,476.22,5.4391416e-20,1.0,1.0
4717.5386,754.02325,898134.946670734,0.0024999997,0.0025,0.0025,0.85,500,,4736.900425147662,898134.946670734,400.0,4736.900425147662,100,4736.900425147662,500.0,4822.5596,1.0,1.0,2,473.79,5.434597e-20,1.0,1.0
4873.2944,75.228806,297920.2728837645,0.002,0.0054827156,8.46632e-06,0.85,500,0.5134321,4913.72092178968,297920.2728837645,342.41469336948944,4913.72092178968,100,4913.72092178968,336.03571174199453,4987.8755,1.0551765,1.4879371,1,491.42,1.84456e-06,2.8926163,0.004466731
4742.2656,339.21558,116229.5114604909,0.009999998,0.01,0.01,0.85,500,,4952.30767915235,116229.5114604909,100.0,4952.30767915235,100,4952.30767915235,500.0,4952.3076,1.0,1.0,2,495.26,3.5044917e-18,1.0,1.0
4810.7397,322.97745,94409.03091656612,0.0049999994,0.005,0.005,0.85,500,,4966.216255733307,94409.03091656612,200.00000010221265,4966.216255733307,100,4966.216255733307,500.0,4959.2617,1.0,1.0,2,496.65,2.179301e-19,1.0,1.0
4847.9126,271.40393,11879.987334397949,0.0033333336,0.0033333334,0.0033333334,0.85,500,,4989.015321947932,11879.987334397949,299.999969473632,4989.015321947932,100,4989.015321947932,500.0,4969.18,1.0,1.0,2,498.92,5.4391416e-20,1.0,1.0
4865.737,260.47882,50895.73868816761,0.0024999997,0.0025,0.0025,0.85,500,,4975.491766949991,50895.73868816761,400.0,4975.491766949991,100,4975.491766949991,500.0,4970.758,1.0,1.0,2,497.58,5.434597e-20,1.0,1.0
4899.472,28.05857,0.014664257660955377,0.002,0.0028055059,0.0001264756,0.85,500,0.09724668,4999.887105335559,0.014664257660955377,455.1404865260652,4999.887105335559,100,4999.887105335559,461.1563829136902,4997.2817,0.9923114,1.0842309,1,500.0,3.9503794e-07,1.3919678,0.06275159
4789.8574,0.12913646,0.01684790665450921,0.009999998,0.01,0.01,0.85,500,,4999.899072120701,0.01684790665450921,100.0,4999.899072120701,100,4999.899072120701,500.0,4999.8994,1.0,1.0,2,500.0,3.5044917e-18,1.0,1.0
4850.4175,13.48574,365.5263184036297,0.0049999994,0.005,0.005,0.85,500,,4997.979660325596,365.5263184036297,200.00000010221265,4997.979660325596,100,4997.979660325596,500.0,4998.9395,1.0,1.0,2,499.82,2.179301e-19,1.0,1.0
4877.9883,11.020384,0.014770708231252991,0.0033333336,0.0033333334,0.0033333334,0.85,500,,4999.889293577305,0.014770708231252991,299.999969473632,4999.889293577305,100,4999.889293577305,500.0,4999.256,1.0,1.0,2,500.0,5.4391416e-20,1.0,1.0
4894.386,9.548763,0.09523736127413472,0.0024999997,0.0025,0.0025,0.85,500,,4999.861033786849,0.09523736127413472,400.0,4999.861033786849,100,4999.861033786849,500.0,4999.407,1.0,1.0,2,500.0,5.434597e-20,1.0,1.0
4903.7524,29.547956,20493.354222386628,0.002,0.0023711568,0.00084237265,0.85,500,0.0159521,4985.585643902917,20493.354222386628,492.04099997738535,4985.585643902917,100,4985.585643902917,493.09986500106453,4998.341,0.9920795,1.0139934,1,498.58,6.483133e-08,1.176188,0.41785032
4789.8486,0.109445296,0.012093764139185751,0.009999998,0.01,0.01,0.85,500,,4999.890862473044,0.012093764139185751,100.0,4999.890862473044,100,4999.890862473044,500.0,4999.8906,1.0,1.0,2,500.0,3.5044917e-18,1.0,1.0
4827.2124,340.67932,233290.64858755196,0.0049999994,0.005,0.005,0.85,500,,4951.579078834249,233290.64858755196,200.00000010221265,4951.579078834249,100,4951.579078834249,500.0,4975.7344,1.0,1.0,2,495.18,2.179301e-19,1.0,1.0
4862.524,278.3967,0.011810963774779491,0.0033333336,0.0033333334,0.0033333334,0.85,500,,4999.903156305745,0.011810963774779491,299.999969473632,4999.903156305745,100,4999.903156305745,500.0,4983.7915,1.0,1.0,2,500.0,5.4391416e-20,1.0,1.0
4882.7964,241.19946,0.014084441575176956,0.0024999997,0.0025,0.0025,0.85,500,,4999.896024636808,0.014084441575176956,400.0,4999.896024636808,100,4999.896024636808,500.0,4987.8174,1.0,1.0,2,500.0,5.434597e-20,1.0,1.0
4900.3564,40.155445,173094.5173423031,0.0019999999,0.0027251546,0.00020793479,0.85,500,0.07098297,4958.308451222946,173094.5173423031,467.71456925975457,4958.308451222946,100,4958.308451222946,468.33601354569873,4997.4136,1.0130457,1.0676095,1,495.85,2.7666624e-07,1.380353,0.10532372
4761.248,284.67938,81860.96188440661,0.009999998,0.01,0.01,0.85,500,,4971.290511213,81860.96188440661,100.0,4971.290511213,100,4971.290511213,500.0,4971.29,1.0,1.0,2,497.15,3.5044917e-18,1.0,1.0
4837.078,201.8067,0.007991917748259298,0.0049999994,0.005,0.005,0.85,500,,4999.910078996831,0.007991917748259298,200.00000010221265,4999.910078996831,100,4999.910078996831,500.0,4985.6,1.0,1.0,2,500.0,2.179301e-19,1.0,1.0
4869.0884,164.91171,0.043802758099332546,0.0033333336,0.0033333334,0.0033333334,0.85,500,,4999.865853621891,0.043802758099332546,299.999969473632,4999.865853621891,100,4999.865853621891,500.0,4990.356,1.0,1.0,2,500.0,5.4391416e-20,1.0,1.0
4887.723,142.87766,0.007534130381399457,0.0024999997,0.0025,0.0025,0.85,500,,4999.910155807328,0.007534130381399457,400.0,4999.910155807328,100,4999.910155807328,500.0,4992.744,1.0,1.0,2,500.0,5.434597e-20,1.0,1.0
4903.078,39.416428,0.008146062234958427,0.0019999999,0.0025015878,0.00061584666,0.85,500,0.025563885,4999.913556469068,0.008146062234958427,487.60901986515404,4999.913556469068,100,4999.913556469068,488.14325000002907,4998.1455,1.0019876,1.0242895,1,500.0,1.0185027e-07,1.2532799,0.30853534
4789.856,0.09183128,0.008518005956873733,0.009999998,0.01,0.01,0.85,500,,4999.8982500639595,0.008518005956873733,100.0,4999.8982500639595,100,4999.8982500639595,500.0,4999.898,1.0,1.0,2,500.0,3.5044917e-18,1.0,1.0
4851.3823,0.087490425,0.006875630951098065,0.0049999994,0.005,0.005,0.85,500,,4999.910239076129,0.006875630951098065,200.00000010221265,4999.910239076129,100,4999.910239076129,500.0,4999.9043,1.0,1.0,2,500.0,2.179301e-19,1.0,1.0
4878.637,0.10390928,0.017256829298002537,0.0033333336,0.0033333334,0.0033333334,0.85,500,,4999.906300035995,0.017256829298002537,299.999969473632,4999.906300035995,100,4999.906300035995,500.0,4999.905,1.0,1.0,2,500.0,5.4391416e-20,1.0,1.0
4894.886,0.10444545,0.011285988732643694,0.0024999997,0.0025,0.0025,0.85,500,,4999.914656679614,0.011285988732643694,400.0,4999.914656679614,100,4999.914656679614,500.0,4999.907,1.0,1.0,2,500.0,5.434597e-20,1.0,1.0
4905.9746,0.10283685,0.009328082583146354,0.0020000003,0.002,0.002,0.85,500,,4999.910103085326,0.009328082583146354,500.00000664260017,4999.910103085326,100,4999.910103085326,500.0,4999.908,1.0,1.0,1,500.0,5.431875e-20,1.0,1.0
4789.8687,0.092181385,0.008576495456877765,0.009999998,0.01,0.01,0.85,500,,4999.910691401356,0.008576495456877765,100.0,4999.910691401356,100,4999.910691401356,500.0,4999.9106,1.0,1.0,2,500.0,3.5044917e-18,1.0,1.0
4851.39,0.09148275,0.008322620241603176,0.0049999994,0.005,0.005,0.85,500,,4999.913368046372,0.008322620241603176,200.00000010221265,4999.913368046372,100,4999.913368046372,500.0,4999.912,1.0,1.0,2,500.0,2.179301e-19,1.0,1.0
4878.642,0.09257405,0.008985243502128365,0.0033333336,0.0033333334,0.0033333334,0.85,500,,4999.901522611346,0.008985243502128365,299.999969473632,4999.901522611346,100,4999.901522611346,500.0,4999.9097,1.0,1.0,2,500.0,5.4391416e-20,1.0,1.0
4894.8833,0.09932116,0.013658196496623495,0.0024999997,0.0025,0.0025,0.85,500,,4999.891030451613,0.013658196496623495,400.0,4999.891030451613,100,4999.891030451613,500.0,4999.9043,1.0,1.0,2,500.0,5.434597e-20,1.0,1.0
4905.97,0.10047295,0.011113247928007927,0.0020000003,0.002,0.002,0.85,500,,4999.900160724746,0.011113247928007927,500.00000664260017,4999.900160724746,100,4999.900160724746,500.0,4999.904,1.0,1.0,1,500.0,5.431875e-20,1.0,1.0
4789.857,0.10743297,0.011661989612808898,0.009999998,0.01,0.01,0.85,500,,4999.899256876097,0.011661989612808898,100.0,4999.899256876097,100,4999.899256876097,500.0,4999.899,1.0,1.0,2,500.0,3.5044917e-18,1.0,1.0
4851.3843,0.10084423,0.008788366214675807,0.0049999994,0.005,0.005,0.85,500,,4999.91319229841,0.008788366214675807,200.00000010221265,4999.91319229841,100,4999.91319229841,500.0,4999.9062,1.0,1.0,2,500.0,2.179301e-19,1.0,1.0
4878.641,0.09926678,0.00928807817983384,0.0033333336,0.0033333334,0.0033333334,0.85,500,,4999.912485812012,0.00928807817983384,299.999969473632,4999.912485812012,100,4999.912485812012,500.0,4999.9087,1.0,1.0,2,500.0,5.4391416e-20,1.0,1.0
4894.883,0.097899675,0.008593382399312403,0.0024999997,0.0025,0.0025,0.85,500,,4999.889527475299,0.008593382399312403,400.0,4999.889527475299,100,4999.889527475299,500.0,4999.904,1.0,1.0,2,500.0,5.434597e-20,1.0,1.0
4905.9746,0.09676124,0.008318308610559268,0.0020000003,0.002,0.002,0.85,500,,4999.920709920503,0.008318308610559268,500.00000664260017,4999.920709920503,100,4999.920709920503,500.0,4999.908,1.0,1.0,1,500.0,5.431875e-20,1.0,1.0
4789.88,0.10230939,0.010577765873487001,0.009999998,0.01,0.01,0.85,500,,4999.921693989688,0.010577765873487001,100.0,4999.921693989688,100,4999.921693989688,500.0,4999.922,1.0,1.0,2,500.0,3.5044917e-18,1.0,1.0
4851.392,0.10647942,0.01222231463425518,0.0049999994,0.005,0.005,0.85,500,,4999.907054463294,0.01222231463425518,200.00000010221265,4999.907054463294,100,4999.907054463294,500.0,4999.914,1.0,1.0,2,500.0,2.179301e-19,1.0,1.0
4878.647,0.098000966,0.006196873136036343,0.0033333336,0.0033333334,0.0033333334,0.85,500,,4999.916477860945,0.006196873136036343,299.999969473632,4999.916477860945,100,4999.916477860945,500.0,4999.9146,1.0,1.0,2,500.0,5.4391416e-20,1.0,1.0
4894.891,0.097542055,0.009250159896227916,0.0024999997,0.0025,0.0025,0.85,500,,4999.904444679865,0.009250159896227916,400.0,4999.904444679865,100,4999.904444679865,500.0,4999.912,1.0,1.0,2,500.0,5.434597e-20,1.0,1.0
4905.9785,0.09901738,0.011070155065189857,0.002,0.0020004662,0.001999055,0.85,500,9.33465e-09,4999.908130131935,0.011070155065189857,499.99989932938,4999.908130131935,100,4999.908130131935,500.0,4999.912,1.0000013,1.0,1,500.0,3.733804e-14,1.0002345,0.9995289
4789.8667,0.10843583,0.011873147875029093,0.009999998,0.01,0.01,0.85,500,,4999.908653973555,0.011873147875029093,100.0,4999.908653973555,100,4999.908653973555,500.0,4999.9087,1.0,1.0,2,500.0,3.5044917e-18,1.0,1.0
4851.3813,0.11071335,0.012820581123091451,0.0049999994,0.005,0.005,0.85,500,,4999.897641422382,0.012820581123091451,200.00000010221265,4999.897641422382,100,4999.897641422382,500.0,4999.9033,1.0,1.0,2,500.0,2.179301e-19,1.0,1.0
4878.6377,0.10188404,0.006676321947752569,0.0033333336,0.0033333334,0.0033333334,0.85,500,,4999.908362321722,0.006676321947752569,299.999969473632,4999.908362321722,100,4999.908362321722,500.0,4999.9053,1.0,1.0,2,500.0,5.4391416e-20,1.0,1.0
4894.88,0.105788164,0.013553702120153326,0.0024999997,0.0025,0.0025,0.85,500,,4999.888443218718,0.013553702120153326,400.0,4999.888443218718,100,4999.888443218718,500.0,4999.901,1.0,1.0,2,500.0,5.434597e-20,1.0,1.0
4905.97,0.10308644,0.008422300482291053,0.002,0.0020039417,0.0019918703,0.85,500,5.780623e-07,4999.912039312044,0.008422300482291053,499.9996947159276,4999.912039312044,100,4999.912039312044,499.9998211861296,4999.904,0.9999958,1.0000004,1,500.0,2.3122693e-12,1.0019667,0.9959311
4789.876,0.08325672,0.007000210933264508,0.009999998,0.01,0.01,0.85,500,,4999.918260018885,0.007000210933264508,100.0,4999.918260018885,100,4999.918260018885,500.0,4999.918,1.0,1.0,2,500.0,3.5044917e-18,1.0,1.0
4851.388,0.089981474,0.009223739444369671,0.0049999994,0.005,0.005,0.85,500,,4999.90191896046,0.009223739444369671,200.00000010221265,4999.90191896046,100,4999.90191896046,500.0,4999.91,1.0,1.0,2,500.0,2.179301e-19,1.0,1.0
4878.6387,0.09116136,0.008730120769936484,0.0033333336,0.0033333334,0.0033333334,0.85,500,,4999.898215113994,0.008730120769936484,299.999969473632,4999.898215113994,100,4999.898215113994,500.0,4999.9062,1.0,1.0,2,500.0,5.4391416e-20,1.0,1.0
4894.8877,0.091111615,0.008279854293774622,0.0024999997,0.0025,0.0025,0.85,500,,4999.916413012724,0.008279854293774622,400.0,4999.916413012724,100,4999.916413012724,500.0,4999.9087,1.0,1.0,2,500.0,5.434597e-20,1.0,1.0
4905.1626,15.668315,2304.4790285376002,0.0019999999,0.0021286227,0.001366489,0.85,500,0.0026952266,4995.11280745026,2304.4790285376002,498.65491214112444,4995.11280745026,100,4995.11280745026,498.8008953504994,4999.209,0.9985741,1.002404,1,499.53,1.0811717e-08,1.0627937,0.6822702
4789.873,0.08582233,0.007436206425838796,0.009999998,0.01,0.01,0.85,500,,4999.915173751168,0.007436206425838796,100.0,4999.915173751168,100,4999.915173751168,500.0,4999.915,1.0,1.0,2,500.0,3.5044917e-18,1.0,1.0
4851.388,0.09098015,0.009248035894671693,0.0049999994,0.005,0.005,0.85,500,,4999.906114526341,0.009248035894671693,200.00000010221265,4999.906114526341,100,4999.906114526341,500.0,4999.91,1.0,1.0,2,500.0,2.179301e-19,1.0,1.0
4878.6445,0.09010087,0.007873083265736344,0.0033333336,0.0033333334,0.0033333334,0.85,500,,4999.913215271035,0.007873083265736344,299.999969473632,4999.913215271035,100,4999.913215271035,500.0,4999.912,1.0,1.0,2,500.0,5.4391416e-20,1.0,1.0
4894.891,0.094934374,0.011810188757277303,0.0024999997,0.0025,0.0025,0.85,500,,4999.913634244512,0.011810188757277303,400.0,4999.913634244512,100,4999.913634244512,500.0,4999.912,1.0,1.0,2,500.0,5.434597e-20,1.0,1.0
4905.9785,0.09517937,0.009321063735961739,0.0020000003,0.002,0.002,0.85,500,,4999.908078852152,0.009321063735961739,500.00000664260017,4999.908078852152,100,4999.908078852152,500.0,4999.912,1.0,1.0,1,500.0,5.431875e-20,1.0,1.0
4789.854,0.15717624,0.024952340222438474,0.009999998,0.01,0.01,0.85,500,,4999.895641419921,0.024952340222438474,100.0,4999.895641419921,100,4999.895641419921,500.0,4999.896,1.0,1.0,2,500.0,3.5044917e-18,1.0,1.0
4851.381,0.1296416,0.008901103962554164,0.0049999994,0.005,0.005,0.85,500,,4999.909577390556,0.008901103962554164,200.00000010221265,4999.909577390556,100,4999.909577390556,500.0,4999.903,1.0,1.0,2,500.0,2.179301e-19,1.0,1.0
4878.6387,0.1173024,0.007679075231913414,0.0033333336,0.0033333334,0.0033333334,0.85,500,,4999.912120683598,0.007679075231913414,299.999969473632,4999.912120683598,100,4999.912120683598,500.0,4999.9062,1.0,1.0,2,500.0,5.4391416e-20,1.0,1.0
4894.885,0.11225885,0.009224560250546281,0.0024999997,0.0025,0.0025,0.85,500,,4999.906033545916,0.009224560250546281,400.0,4999.906033545916,100,4999.906033545916,500.0,4999.906,1.0,1.0,2,500.0,5.434597e-20,1.0,1.0
4905.9727,0.1100512,0.01025055068353109,0.0020000003,0.002,0.002,0.85,500,,4999.9065137204525,0.01025055068353109,500.00000664260017,4999.9065137204525,100,4999.9065137204525,500.0,4999.9062,1.0,1.0,1,500.0,5.431875e-20,1.0,1.0
4789.861,0.094771504,0.009068376212831361,0.009999998,0.01,0.01,0.85,500,,4999.902841063329,0.009068376212831361,100.0,4999.902841063329,100,4999.902841063329,500.0,4999.903,1.0,1.0,2,500.0,3.5044917e-18,1.0,1.0
4851.3804,0.090080015,0.007318536942752078,0.0049999994,0.005,0.005,0.85,500,,4999.901587657573,0.007318536942752078,200.00000010221265,4999.901587657573,100,4999.901587657573,500.0,4999.9023,1.0,1.0,2,500.0,2.179301e-19,1.0,1.0
4874.7354,67.43506,13688.108120928031,0.0033333336,0.0033333334,0.0033333334,0.85,500,,4988.205107605039,13688.108120928031,299.999969473632,4988.205107605039,100,4988.205107605039,500.0,4996.003,1.0,1.0,2,498.84,5.4391416e-20,1.0,1.0
4891.959,58.424988,0.008302788234458984,0.0024999997,0.0025,0.0025,0.85,500,,4999.910491556738,0.008302788234458984,400.0,4999.910491556738,100,4999.910491556738,500.0,4996.98,1.0,1.0,2,500.0,5.434597e-20,1.0,1.0
4904.774,16.021675,0.007239110929731656,0.0019999999,0.002208185,0.00061216985,0.85,500,0.010260186,4999.916021546485,0.007239110929731656,494.97499040891165,4999.916021546485,100,4999.916021546485,494.8916231681694,4999.191,1.0043057,1.0103222,1,500.0,4.0689596e-08,1.1088463,0.30740282
4789.8726,0.08804025,0.007829665489499905,0.009999998,0.01,0.01,0.85,500,,4999.914422379046,0.007829665489499905,100.0,4999.914422379046,100,4999.914422379046,500.0,4999.9146,1.0,1.0,2,500.0,3.5044917e-18,1.0,1.0
4851.3823,0.10278093,0.013306618252884842,0.0049999994,0.005,0.005,0.85,500,,4999.894273242174,0.013306618252884842,200.00000010221265,4999.894273242174,100,4999.894273242174,500.0,4999.9043,1.0,1.0,2,500.0,2.179301e-19,1.0,1.0
4878.638,0.09717715,0.0072672443314019935,0.0033333336,0.0033333334,0.0033333334,0.85,500,,4999.907019436093,0.0072672443314019935,299.999969473632,4999.907019436093,100,4999.907019436093,500.0,4999.906,1.0,1.0,2,500.0,5.4391416e-20,1.0,1.0
4894.886,0.095626526,0.0082935946572195,0.0024999997,0.0025,0.0025,0.85,500,,4999.912063812094,0.0082935946572195,400.0,4999.912063812094,100,4999.912063812094,500.0,4999.907,1.0,1.0,2,500.0,5.434597e-20,1.0,1.0
4905.975,0.09414812,0.007829873662423497,0.002,0.0020020064,0.0019942997,0.85,500,2.350414e-07,4999.9127504069875,0.007829873662423497,499.9997910043861,4999.9127504069875,100,4999.9127504069875,499.9989867230923,4999.9087,1.000016,1.000002,1,500.0,9.401379e-13,1.0010192,0.9971658
4789.8687,0.082009725,0.006792406850990481,0.009999998,0.01,0.01,0.85,500,,4999.910516958421,0.006792406850990481,100.0,4999.910516958421,100,4999.910516958421,500.0,4999.9106,1.0,1.0,2,500.0,3.5044917e-18,1.0,1.0
4851.386,0.081613064,0.0066538553577234535,0.0049999994,0.005,0.005,0.85,500,,4999.906242933506,0.0066538553577234535,200.00000010221265,4999.906242933506,100,4999.906242933506,500.0,4999.908,1.0,1.0,2,500.0,2.179301e-19,1.0,1.0
4878.6387,0.09428196,0.013428180533042051,0.0033333336,0.0033333334,0.0033333334,0.85,500,,4999.899508945892,0.013428180533042051,299.999969473632,4999.899508945892,100,4999.899508945892,500.0,4999.9062,1.0,1.0,2,500.0,5.4391416e-20,1.0,1.0
4894.8857,0.09334547,0.008256625520445123,0.0024999997,0.0025,0.0025,0.85,500,,4999.909135790264,0.008256625520445123,400.0,4999.909135790264,100,4999.909135790264,500.0,4999.9067,1.0,1.0,2,500.0,5.434597e-20,1.0,1.0
4905.9746,0.09086869,0.0065602727627540325,0.002,0.002005212,0.0019857737,0.85,500,1.4768e-06,4999.910498229715,0.0065602727627540325,499.9992824740555,4999.910498229715,100,4999.910498229715,499.99952316329654,4999.908,1.0000039,1.000001,1,500.0,5.9071606e-12,1.00261,0.99289083
4789.851,0.15309635,0.023678990704412477,0.009999998,0.01,0.01,0.85,500,,4999.892903715269,0.023678990704412477,100.0,4999.892903715269,100,4999.892903715269,500.0,4999.893,1.0,1.0,2,500.0,3.5044917e-18,1.0,1.0
4851.3784,0.1424264,0.017190508989025396,0.0049999994,0.005,0.005,0.85,500,,4999.907922609723,0.017190508989025396,200.00000010221265,4999.907922609723,100,4999.907922609723,500.0,4999.9004,1.0,1.0,2,500.0,2.179301e-19,1.0,1.0
4878.6333,0.1316008,0.011499176330722284,0.0033333336,0.0033333334,0.0033333334,0.85,500,,4999.9010789424665,0.011499176330722284,299.999969473632,4999.9010789424665,100,4999.9010789424665,500.0,4999.901,1.0,1.0,2,500.0,5.4391416e-20,1.0,1.0
4894.881,0.12496381,0.010584920055956347,0.0024999997,0.0025,0.0025,0.85,500,,4999.906656365136,0.010584920055956347,400.0,4999.906656365136,100,4999.906656365136,500.0,4999.902,1.0,1.0,2,500.0,5.434597e-20,1.0,1.0
4905.9688,0.12119967,0.011807187057654751,0.002,0.0020043505,0.0019762109,0.85,500,3.5791907e-06,4999.900071995498,0.011807187057654751,499.99816306639485,4999.900071995498,100,4999.900071995498,499.99803305446017,4999.9023,0.9999772,1.0000039,1,500.0,1.4317418e-11,1.0021524,0.9880828
4789.8496,0.11006541,0.012237347883688668,0.009999998,0.01,0.01,0.85,500,,4999.891576155235,0.012237347883688668,100.0,4999.891576155235,100,4999.891576155235,500.0,4999.8916,1.0,1.0,2,500.0,3.5044917e-18,1.0,1.0
4851.3774,0.10401093,0.009488467039571074,0.0049999994,0.005,0.005,0.85,500,,4999.907837698931,0.009488467039571074,200.00000010221265,4999.907837698931,100,4999.907837698931,500.0,4999.8994,1.0,1.0,2,500.0,2.179301e-19,1.0,1.0
4878.637,0.10896749,0.013948919121460408,0.0033333336,0.0033333334,0.0033333334,0.85,500,,4999.915752800484,0.013948919121460408,299.999969473632,4999.915752800484,100,4999.915752800484,500.0,4999.905,1.0,1.0,2,500.0,5.4391416e-20,1.0,1.0
4894.886,0.10282349,0.006683776702776531,0.0024999997,0.0025,0.0025,0.85,500,,4999.913303475131,0.006683776702776531,400.0,4999.913303475131,100,4999.913303475131,500.0,4999.907,1.0,1.0,2,500.0,5.434597e-20,1.0,1.0
4905.9697,0.108494036,0.0164026641116357,0.002,0.00200216,0.0019911758,0.85,500,5.2376146e-07,4999.883853548179,0.0164026641116357,499.99978880816474,4999.883853548179,100,4999.883853548179,499.9989271186962,4999.9033,0.99995226,1.0000021,1,500.0,2.095235e-12,1.0010322,0.99554044
4789.8604,0.16923493,0.02892478906815847,0.009999998,0.01,0.01,0.85,500,,4999.902072044444,0.02892478906815847,100.0,4999.902072044444,100,4999.902072044444,500.0,4999.9023,1.0,1.0,2,500.0,3.5044917e-18,1.0,1.0
4851.3755,0.15118554,0.017209857520609564,0.0049999994,0.005,0.005,0.85,500,,4999.893686110882,0.017209857520609564,200.00000010221265,4999.893686110882,100,4999.893686110882,500.0,4999.8975,1.0,1.0,2,500.0,2.179301e-19,1.0,1.0
4878.629,0.13673456,0.010462132875618159,0.0033333336,0.0033333334,0.0033333334,0.85,500,,4999.892819432494,0.010462132875618159,299.999969473632,4999.892819432494,100,4999.892819432494,500.0,4999.8965,1.0,1.0,2,500.0,5.4391416e-20,1.0,1.0
4894.88,0.12552913,0.0067275566806802006,0.0024999997,0.0025,0.0025,0.85,500,,4999.915590163718,0.0067275566806802006,400.0,4999.915590163718,100,4999.915590163718,500.0,4999.901,1.0,1.0,2,500.0,5.434597e-20,1.0,1.0
4905.968,0.118879005,0.00770985078592733,0.0020000003,0.002,0.002,0.85,500,,4999.900089748079,0.00770985078592733,500.00000664260017,4999.900089748079,100,4999.900089748079,500.0,4999.9014,1.0,1.0,1,500.0,5.431875e-20,1.0,1.0
4789.879,0.08327953,0.007002488481289933,0.009999998,0.01,0.01,0.85,500,,4999.921267381684,0.007002488481289933,100.0,4999.921267381684,100,4999.921267381684,500.0,4999.921,1.0,1.0,2,500.0,3.5044917e-18,1.0,1.0
4851.3906,0.1026839,0.014138112644802713,0.0049999994,0.005,0.005,0.85,500,,4999.903903133286,0.014138112644802713,200.00000010221265,4999.903903133286,100,4999.903903133286,500.0,4999.9126,1.0,1.0,2,500.0,2.179301e-19,1.0,1.0
4878.6426,0.09880101,0.00824532561139376,0.0033333336,0.0033333334,0.0033333334,0.85,500,,4999.905647094335,0.00824532561139376,299.999969473632,4999.905647094335,100,4999.905647094335,500.0,4999.91,1.0,1.0,2,500.0,5.4391416e-20,1.0,1.0
4887.7866,141.8251,80658.65512277298,0.0024999997,0.0025,0.0025,0.85,500,,4971.500212561927,80658.65512277298,400.0,4971.500212561927,100,4971.500212561927,500.0,4992.8076,1.0,1.0,2,497.17,5.434597e-20,1.0,1.0
4904.233,17.696323,0.008820304577194358,0.002,0.0023384402,0.0002784473,0.85,500,0.020876266,4999.905809655702,0.008820304577194358,489.7960988969412,4999.905809655702,100,4999.905809655702,490.02651021848527,4999.1177,1.0000396,1.020353,1,500.0,8.349845e-08,1.1692663,0.13922915
4789.884,0.06931413,0.004854027147728675,0.009999998,0.01,0.01,0.85,500,,4999.9259387379025,0.004854027147728675,100.0,4999.9259387379025,100,4999.9259387379025,500.0,4999.926,1.0,1.0,2,500.0,3.5044917e-18,1.0,1.0
4842.89,120.03908,28963.42332832127,0.0049999994,0.005,0.005,0.85,500,,4982.898989756893,28963.42332832127,200.00000010221265,4982.898989756893,100,4982.898989756893,500.0,4991.412,1.0,1.0,2,498.31,2.179301e-19,1.0,1.0
4872.9775,98.0933,0.009399984108881538,0.0033333336,0.0033333334,0.0033333334,0.85,500,,4999.908934511027,0.009399984108881538,299.999969473632,4999.908934511027,100,4999.908934511027,500.0,4994.245,1.0,1.0,2,500.0,5.4391416e-20,1.0,1.0
4890.6377,84.986595,0.009138105655161313,0.0024999997,0.0025,0.0025,0.85,500,,4999.89987774057,0.009138105655161313,400.0,4999.89987774057,100,4999.89987774057,500.0,4995.6587,1.0,1.0,2,500.0,5.434597e-20,1.0,1.0
4904.2114,23.3957,0.009681899408451518,0.002,0.002369869,0.0006145415,0.85,500,0.01465746,4999.900335109228,0.009681899408451518,492.80985941808314,4999.900335109228,100,4999.900335109228,492.40935669631125,4998.866,1.0013062,1.0154153,1,500.0,5.847697e-08,1.1864823,0.3076721
4789.881,0.07663017,0.0059317667854841575,0.009999998,0.01,0.01,0.85,500,,4999.922798934964,0.0059317667854841575,100.0,4999.922798934964,100,4999.922798934964,500.0,4999.923,1.0,1.0,2,500.0,3.5044917e-18,1.0,1.0
4851.396,0.08089513,0.007244128355588745,0.0049999994,0.005,0.005,0.85,500,,4999.913438998718,0.007244128355588745,200.00000010221265,4999.913438998718,100,4999.913438998718,500.0,4999.918,1.0,1.0,2,500.0,2.179301e-19,1.0,1.0
4878.6475,0.08376616,0.00797763359704577,0.0033333336,0.0033333334,0.0033333334,0.85,500,,4999.908281462989,0.00797763359704577,299.999969473632,4999.908281462989,100,4999.908281462989,500.0,4999.915,1.0,1.0,2,500.0,5.4391416e-20,1.0,1.0
4894.895,0.08208992,0.0059355118343627595,0.0024999997,0.0025,0.0025,0.85,500,,4999.921221979808,0.0059355118343627595,400.0,4999.921221979808,100,4999.921221979808,500.0,4999.916,1.0,1.0,2,500.0,5.434597e-20,1.0,1.0
4905.981,0.08849163,0.012168294904719925,0.0020000003,0.002,0.002,0.85,500,,4999.902716058569,0.012168294904719925,500.00000664260017,4999.902716058569,100,4999.902716058569,500.0,4999.9146,1.0,1.0,1,500.0,5.431875e-20,1.0,1.0
4789.838,0.13981912,0.019743399281973852,0.009999998,0.01,0.01,0.85,500,,4999.8797678349665,0.019743399281973852,100.0,4999.8797678349665,100,4999.8797678349665,500.0,4999.88,1.0,1.0,2,500.0,3.5044917e-18,1.0,1.0
4851.3745,0.12401185,0.01076161232917608,0.0049999994,0.005,0.005,0.85,500,,4999.912818599782,0.01076161232917608,200.00000010221265,4999.912818599782,100,4999.912818599782,500.0,4999.8965,1.0,1.0,2,500.0,2.179301e-19,1.0,1.0
4878.6167,0.14208332,0.02926539726511057,0.0033333336,0.0033333334,0.0033333334,0.85,500,,4999.860992226713,0.02926539726511057,299.999969473632,4999.860992226713,100,4999.860992226713,500.0,4999.8843,1.0,1.0,2,500.0,5.4391416e-20,1.0,1.0
4894.8677,0.13341096,0.010508841638753742,0.0024999997,0.0025,0.0025,0.85,500,,4999.9020809598305,0.010508841638753742,400.0,4999.9020809598305,100,4999.9020809598305,500.0,4999.8887,1.0,1.0,2,500.0,5.434597e-20,1.0,1.0
4905.9595,0.12589605,0.007896784868184308,0.0019999999,0.0020008173,0.001997836,0.85,500,7.785908e-08,4999.9083734487795,0.007896784868184308,499.99997190052306,4999.9083734487795,100,4999.9083734487795,500.0,4999.893,0.99997324,1.0,1,500.0,3.1145114e-13,1.000382,0.99889123
4789.8574,0.108402036,0.01187523785302387,0.009999998,0.01,0.01,0.85,500,,4999.899545151726,0.01187523785302387,100.0,4999.899545151726,100,4999.899545151726,500.0,4999.8994,1.0,1.0,2,500.0,3.5044917e-18,1.0,1.0
4851.3843,0.097987056,0.0074428866855828085,0.0049999994,0.005,0.005,0.85,500,,4999.912627576911,0.0074428866855828085,200.00000010221265,4999.912627576911,100,4999.912627576911,500.0,4999.9062,1.0,1.0,2,500.0,2.179301e-19,1.0,1.0
4878.6396,0.096382365,0.008747153450869464,0.0033333336,0.0033333334,0.0033333334,0.85,500,,4999.907804808515,0.008747153450869464,299.999969473632,4999.907804808515,100,4999.907804808515,500.0,4999.907,1.0,1.0,2,500.0,5.4391416e-20,1.0,1.0
4894.888,0.09782507,0.010458777642758696,0.0024999997,0.0025,0.0025,0.85,500,,4999.914874017841,0.010458777642758696,400.0,4999.914874017841,100,4999.914874017841,500.0,4999.909,1.0,1.0,2,500.0,5.434597e-20,1.0,1.0
4905.9775,0.097617865,0.00940735736928041,0.0020000003,0.002,0.002,0.85,500,,4999.916914343756,0.00940735736928041,500.00000664260017,4999.916914343756,100,4999.916914343756,500.0,4999.911,1.0,1.0,1,500.0,5.431875e-20,1.0,1.0
4789.876,0.07626022,0.005877330510338383,0.009999998,0.01,0.01,0.85,500,,4999.918089741595,0.005877330510338383,100.0,4999.918089741595,100,4999.918089741595,500.0,4999.918,1.0,1.0,2,500.0,3.5044917e-18,1.0,1.0
4851.3765,0.11322533,0.019266256202367823,0.0049999994,0.005,0.005,0.85,500,,4999.879306754152,0.019266256202367823,200.00000010221265,4999.879306754152,100,4999.879306754152,500.0,4999.8984,1.0,1.0,2,500.0,2.179301e-19,1.0,1.0
4878.634,0.109219916,0.010218233907607238,0.0033333336,0.0033333334,0.0033333334,0.85,500,,4999.905707289996,0.010218233907607238,299.999969473632,4999.905707289996,100,4999.905707289996,500.0,4999.9014,1.0,1.0,2,500.0,5.4391416e-20,1.0,1.0
4894.8804,0.11184811,0.014393269361231253,0.0024999997,0.0025,0.0025,0.85,500,,4999.900885358613,0.014393269361231253,400.0,4999.900885358613,100,4999.900885358613,500.0,4999.9014,1.0,1.0,2,500.0,5.434597e-20,1.0,1.0
4905.974,0.10597368,0.005446893501394667,0.0019999999,0.002000528,0.001998587,0.85,500,3.0782374e-08,4999.931522294424,0.005446893501394667,499.99998762838675,4999.931522294424,100,4999.931522294424,500.0,4999.9077,1.0000031,1.0,1,500.0,1.2312887e-13,1.000267,0.99929655
4789.873,0.08365134,0.007070095844176861,0.009999998,0.01,0.01,0.85,500,,4999.915303538023,0.007070095844176861,100.0,4999.915303538023,100,4999.915303538023,500.0,4999.915,1.0,1.0,2,500.0,3.5044917e-18,1.0,1.0
4851.396,0.08204556,0.0065126904603567265,0.0049999994,0.005,0.005,0.85,500,,4999.921047002685,0.0065126904603567265,200.00000010221265,4999.921047002685,100,4999.921047002685,500.0,4999.918,1.0,1.0,2,500.0,2.179301e-19,1.0,1.0
4878.641,0.098208465,0.015091459642274032,0.0033333336,0.0033333334,0.0033333334,0.85,500,,4999.889855148588,0.015091459642274032,299.999969473632,4999.889855148588,100,4999.889855148588,500.0,4999.9087,1.0,1.0,2,500.0,5.4391416e-20,1.0,1.0
4894.888,0.09667409,0.008528307928111609,0.0024999997,0.0025,0.0025,0.85,500,,4999.912101705349,0.008528307928111609,400.0,4999.912101705349,100,4999.912101705349,500.0,4999.909,1.0,1.0,2,500.0,5.434597e-20,1.0,1.0
4905.977,0.09754558,0.01029169643642986,0.0020000003,0.002,0.002,0.85,500,,4999.910741138395,0.01029169643642986,500.00000664260017,4999.910741138395,100,4999.910741138395,500.0,4999.9106,1.0,1.0,1,500.0,5.431875e-20,1.0,1.0
4789.86,0.10052107,0.010203126024078224,0.009999998,0.01,0.01,0.85,500,,4999.901954862554,0.010203126024078224,100.0,4999.901954862554,100,4999.901954862554,500.0,4999.902,1.0,1.0,2,500.0,3.5044917e-18,1.0,1.0
4851.39,0.09102363,0.006329648042990354,0.0049999994,0.005,0.005,0.85,500,,4999.92202525759,0.006329648042990354,200.00000010221265,4999.92202525759,100,4999.92202525759,500.0,4999.912,1.0,1.0,2,500.0,2.179301e-19,1.0,1.0
4878.6377,0.11080546,0.020218406813582127,0.0033333336,0.0033333334,0.0033333334,0.85,500,,4999.892873421143,0.020218406813582127,299.999969473632,4999.892873421143,100,4999.892873421143,500.0,4999.9053,1.0,1.0,2,500.0,5.4391416e-20,1.0,1.0
4894.888,0.1070189,0.008899372603524821,0.0024999997,0.0025,0.0025,0.85,500,,4999.920815487495,0.008899372603524821,400.0,4999.920815487495,100,4999.920815487495,500.0,4999.909,1.0,1.0,2,500.0,5.434597e-20,1.0,1.0
4905.9756,0.10317062,0.00758663548747372,0.0020000003,0.0020036127,0.0019914138,0.85,500,9.146641e-07,4999.9050010490355,0.00758663548747372,499.9995819198847,4999.9050010490355,100,4999.9050010490355,499.99958276783474,4999.909,0.9999663,1.0000008,1,500.0,3.6589056e-12,1.0017726,0.99567336
4789.891,0.07172283,0.00519305315682092,0.009999998,0.01,0.01,0.85,500,,4999.933214126467,0.00519305315682092,100.0,4999.933214126467,100,4999.933214126467,500.0,4999.933,1.0,1.0,2,500.0,3.5044917e-18,1.0,1.0
4851.399,0.078163885,0.006838517362689279,0.0049999994,0.005,0.005,0.85,500,,4999.908576170213,0.006838517362689279,200.00000010221265,4999.908576170213,100,4999.908576170213,500.0,4999.921,1.0,1.0,2,500.0,2.179301e-19,1.0,1.0
4878.647,0.085182555,0.00939922937962406,0.0033333336,0.0033333334,0.0033333334,0.85,500,,4999.901809137563,0.00939922937962406,299.999969473632,4999.901809137563,100,4999.901809137563,500.0,4999.9146,1.0,1.0,2,500.0,5.4391416e-20,1.0,1.0
4894.8906,0.090402186,0.01094052577257683,0.0024999997,0.0025,0.0025,0.85,500,,4999.903509492198,0.01094052577257683,400.0,4999.903509492198,100,4999.903509492198,500.0,4999.9116,1.0,1.0,2,500.0,5.434597e-20,1.0,1.0
4905.976,0.09133525,0.008907846213026049,0.0020000003,0.002,0.002,0.85,500,,4999.896037695359,0.008907846213026049,500.00000664260017,4999.896037695359,100,4999.896037695359,500.0,4999.9097,1.0,1.0,1,500.0,5.431875e-20,1.0,1.0
4789.863,0.09611708,0.009330249062668619,0.009999998,0.01,0.01,0.85,500,,4999.904372995284,0.009330249062668619,100.0,4999.904372995284,100,4999.904372995284,500.0,4999.905,1.0,1.0,2,500.0,3.5044917e-18,1.0,1.0
4851.386,0.096326604,0.009382049976059294,0.0049999994,0.005,0.005,0.85,500,,4999.912369762944,0.009382049976059294,200.00000010221265,4999.912369762944,100,4999.912369762944,500.0,4999.908,1.0,1.0,2,500.0,2.179301e-19,1.0,1.0
4878.6396,0.09602619,0.009183520528442188,0.0033333336,0.0033333334,0.0033333334,0.85,500,,4999.90336843355,0.009183520528442188,299.999969473632,4999.90336843355,100,4999.90336843355,500.0,4999.907,1.0,1.0,2,500.0,5.4391416e-20,1.0,1.0
4894.886,0.09689156,0.009990869197978623,0.0024999997,0.0025,0.0025,0.85,500,,4999.908778354095,0.009990869197978623,400.0,4999.908778354095,100,4999.908778354095,500.0,4999.907,1.0,1.0,2,500.0,5.434597e-20,1.0,1.0
4905.9717,0.09644066,0.008889456005634625,0.0020000003,0.002,0.002,0.85,500,,4999.893666091696,0.008889456005634625,500.00000664260017,4999.893666091696,100,4999.893666091696,500.0,4999.9053,1.0,1.0,1,500.0,5.431875e-20,1.0,1.0
4789.8506,0.2105353,0.04477062305744396,0.009999998,0.01,0.01,0.85,500,,4999.892583080548,0.04477062305744396,100.0,4999.892583080548,100,4999.892583080548,500.0,4999.8926,1.0,1.0,2,500.0,3.5044917e-18,1.0,1.0
4851.3813,0.1630189,0.008689612752936192,0.0049999994,0.005,0.005,0.85,500,,4999.913589608495,0.008689612752936192,200.00000010221265,4999.913589608495,100,4999.913589608495,500.0,4999.9033,1.0,1.0,2,500.0,2.179301e-19,1.0,1.0
4878.6367,0.14688227,0.011688608700175084,0.0033333336,0.0033333334,0.0033333334,0.85,500,,4999.905454065458,0.011688608700175084,299.999969473632,4999.905454065458,100,4999.905454065458,500.0,4999.9043,1.0,1.0,2,500.0,5.4391416e-20,1.0,1.0
4894.886,0.13275464,0.005688714835709603,0.0024999997,0.0025,0.0025,0.85,500,,4999.91762907683,0.005688714835709603,400.0,4999.91762907683,100,4999.91762907683,500.0,4999.907,1.0,1.0,2,500.0,5.434597e-20,1.0,1.0
4905.973,0.12808265,0.011614842776478665,0.0020000003,0.002,0.002,0.85,500,,4999.901318278026,0.011614842776478665,500.00000664260017,4999.901318278026,100,4999.901318278026,500.0,4999.9067,1.0,1.0,1,500.0,5.431875e-20,1.0,1.0
4789.858,0.104764655,0.011085282814470904,0.009999998,0.01,0.01,0.85,500,,4999.899998249847,0.011085282814470904,100.0,4999.899998249847,100,4999.899998249847,500.0,4999.9,1.0,1.0,2,500.0,3.5044917e-18,1.0,1.0
4851.384,0.09462009,0.006935103821058249,0.0049999994,0.005,0.005,0.85,500,,4999.911331029684,0.006935103821058249,200.00000010221265,4999.911331029684,100,4999.911331029684,500.0,4999.906,1.0,1.0,2,500.0,2.179301e-19,1.0,1.0
4878.637,0.095522396,0.009561207074779064,0.0033333336,0.0033333334,0.0033333334,0.85,500,,4999.903483914209,0.009561207074779064,299.999969473632,4999.903483914209,100,4999.903483914209,500.0,4999.905,1.0,1.0,2,500.0,5.4391416e-20,1.0,1.0
4894.883,0.096984506,0.01032382723154038,0.0024999997,0.0025,0.0025,0.85,500,,4999.899005754333,0.01032382723154038,400.0,4999.899005754333,100,4999.899005754333,500.0,4999.904,1.0,1.0,2,500.0,5.434597e-20,1.0,1.0
4905.9756,0.09431375,0.00649759661117532,0.0020000003,0.002,0.002,0.85,500,,4999.92616638415,0.00649759661117532,500.00000664260017,4999.92616638415,100,4999.92616638415,500.0,4999.909,1.0,1.0,1,500.0,5.431875e-20,1.0,1.0
4789.8633,0.093005456,0.008735936982337432,0.009999998,0.01,0.01,0.85,500,,4999.905112746465,0.008735936982337432,100.0,4999.905112746465,100,4999.905112746465,500.0,4999.9053,1.0,1.0,2,500.0,3.5044917e-18,1.0,1.0
4851.387,0.09455977,0.009292679582697659,0.0049999994,0.005,0.005,0.85,500,,4999.913208186848,0.009292679582697659,200.00000010221265,4999.913208186848,100,4999.913208186848,500.0,4999.909,1.0,1.0,2,500.0,2.179301e-19,1.0,1.0
4878.637,0.09338657,0.008237989713573772,0.0033333336,0.0033333334,0.0033333334,0.85,500,,4999.895351716882,0.008237989713573772,299.999969473632,4999.895351716882,100,4999.895351716882,500.0,4999.905,1.0,1.0,2,500.0,5.4391416e-20,1.0,1.0
4894.883,0.09933037,0.013420684605372862,0.0024999997,0.0025,0.0025,0.85,500,,4999.900305593231,0.013420684605372862,400.0,4999.900305593231,100,4999.900305593231,500.0,4999.904,1.0,1.0,2,500.0,5.434597e-20,1.0,1.0
4905.974,0.09788539,0.00832079067492531,0.0020000003,0.002,0.002,0.85,500,,4999.919263216891,0.00832079067492531,500.00000664260017,4999.919263216891,100,4999.919263216891,500.0,4999.9077,1.0,1.0,1,500.0,5.431875e-20,1.0,1.0
4789.8765,0.07884464,0.006281689468186344,0.009999998,0.01,0.01,0.85,500,,4999.918486515924,0.006281689468186344,100.0,4999.918486515924,100,4999.918486515924,500.0,4999.9185,1.0,1.0,2,500.0,3.5044917e-18,1.0,1.0
4851.3916,0.08144286,0.0070677115258348635,0.0049999994,0.005,0.005,0.85,500,,4999.90867945384,0.0070677115258348635,200.00000010221265,4999.90867945384,100,4999.90867945384,500.0,4999.9136,1.0,1.0,2,500.0,2.179301e-19,1.0,1.0
4878.6465,0.07989883,0.005943076271905064,0.0033333336,0.0033333334,0.0033333334,0.85,500,,4999.914553356464,0.005943076271905064,299.999969473632,4999.914553356464,100,4999.914553356464,500.0,4999.914,1.0,1.0,2,500.0,5.4391416e-20,1.0,1.0
4894.894,0.0795668,0.00621797791652554,0.0024999997,0.0025,0.0025,0.85,500,,4999.918662712245,0.00621797791652554,400.0,4999.918662712245,100,4999.918662712245,500.0,4999.915,1.0,1.0,2,500.0,5.434597e-20,1.0,1.0
4905.979,0.08490429,0.010674858873742967,0.0020000003,0.002,0.002,0.85,500,,4999.901127222524,0.010674858873742967,500.00000664260017,4999.901127222524,100,4999.901127222524,500.0,4999.9126,1.0,1.0,1,500.0,5.431875e-20,1.0,1.0
4789.8647,0.09528253,0.009170046583232526,0.009999998,0.01,0.01,0.85,500,,4999.906169303659,0.009170046583232526,100.0,4999.906169303659,100,4999.906169303659,500.0,4999.9067,1.0,1.0,2,500.0,3.5044917e-18,1.0,1.0
4851.387,0.088830896,0.00675536331553274,0.0049999994,0.005,0.005,0.85,500,,4999.91267134575,0.00675536331553274,200.00000010221265,4999.91267134575,100,4999.91267134575,500.0,4999.909,1.0,1.0,2,500.0,2.179301e-19,1.0,1.0
4878.6343,0.104248464,0.016642232868843348,0.0033333336,0.0033333334,0.0033333334,0.85,500,,4999.88664628892,0.016642232868843348,299.999969473632,4999.88664628892,100,4999.88664628892,500.0,4999.902,1.0,1.0,2,500.0,5.4391416e-20,1.0,1.0
4894.8774,0.11499081,0.020338120528180546,0.0024999997,0.0025,0.0025,0.85,500,,4999.8876565247,0.020338120528180546,400.0,4999.8876565247,100,4999.8876565247,500.0,4999.8984,1.0,1.0,2,500.0,5.434597e-20,1.0,1.0
4905.9663,0.11240903,0.010354580604428265,0.0020000003,0.002,0.002,0.85,500,,4999.905170238086,0.010354580604428265,500.00000664260017,4999.905170238086,100,4999.905170238086,500.0,4999.9,1.0,1.0,1,500.0,5.431875e-20,1.0,1.0
4789.8555,0.08927637,0.00805391761723044,0.009999998,0.01,0.01,0.85,500,,4999.897935862922,0.00805391761723044,100.0,4999.897935862922,100,4999.897935862922,500.0,4999.8975,1.0,1.0,2,500.0,3.5044917e-18,1.0,1.0
4851.3794,0.09450736,0.009953071531606695,0.0049999994,0.005,0.005,0.85,500,,4999.9063374364605,0.009953071531606695,200.00000010221265,4999.9063374364605,100,4999.9063374364605,500.0,4999.9014,1.0,1.0,2,500.0,2.179301e-19,1.0,1.0
4878.6445,0.0861476,0.0038691694178743024,0.0033333336,0.0033333334,0.0033333334,0.85,500,,4999.931462336274,0.0038691694178743024,299.999969473632,4999.931462336274,100,4999.931462336274,500.0,4999.912,1.0,1.0,2,500.0,5.4391416e-20,1.0,1.0
4894.891,0.08847031,0.009129649612219083,0.0024999997,0.0025,0.0025,0.85,500,,4999.911169419487,0.009129649612219083,400.0,4999.911169419487,100,4999.911169419487,500.0,4999.912,1.0,1.0,2,500.0,5.434597e-20,1.0,1.0
4905.9766,0.0908568,0.00996510228936774,0.002,0.002000251,0.0019994762,0.85,500,3.9430654e-09,4999.900555117115,0.00996510228936774,499.99998312851477,4999.900555117115,100,4999.900555117115,500.0,4999.91,1.0000005,1.0,1,500.0,1.5771903e-14,1.000126,0.99973863
4789.864,0.08654497,0.007566118037102865,0.009999998,0.01,0.01,0.85,500,,4999.905189563255,0.007566118037102865,100.0,4999.905189563255,100,4999.905189563255,500.0,4999.906,1.0,1.0,2,500.0,3.5044917e-18,1.0,1.0
4851.384,0.08736505,0.007853226594728441,0.0049999994,0.005,0.005,0.85,500,,4999.905996429735,0.007853226594728441,200.00000010221265,4999.905996429735,100,4999.905996429735,500.0,4999.906,1.0,1.0,2,500.0,2.179301e-19,1.0,1.0
4878.643,0.088282086,0.008023398585433916,0.0033333336,0.0033333334,0.0033333334,0.85,500,,4999.9216484137805,0.008023398585433916,299.999969473632,4999.9216484137805,100,4999.9216484137805,500.0,4999.9106,1.0,1.0,2,500.0,5.4391416e-20,1.0,1.0
4894.8906,0.09438884,0.012374066210669315,0.0024999997,0.0025,0.0025,0.85,500,,4999.910736913992,0.012374066210669315,400.0,4999.910736913992,100,4999.910736913992,500.0,4999.9116,1.0,1.0,2,500.0,5.434597e-20,1.0,1.0
4905.9766,0.0934384,0.008077895266620422,0.0020000003,0.002,0.002,0.85,500,,4999.905417393753,0.008077895266620422,500.00000664260017,4999.905417393753,100,4999.905417393753,500.0,4999.91,1.0,1.0,1,500.0,5.431875e-20,1.0,1.0
4789.8726,0.09098782,0.008357322056190707,0.009999998,0.01,0.01,0.85,500,,4999.914575207861,0.008357322056190707,100.0,4999.914575207861,100,4999.914575207861,500.0,4999.9146,1.0,1.0,2,500.0,3.5044917e-18,1.0,1.0
4851.387,0.097470455,0.010763607760339456,0.0049999994,0.005,0.005,0.85,500,,4999.903362349005,0.010763607760339456,200.00000010221265,4999.903362349005,100,4999.903362349005,500.0,4999.909,1.0,1.0,2,500.0,2.179301e-19,1.0,1.0
4878.6396,0.09642552,0.008962740095999717,0.0033333336,0.0033333334,0.0033333334,0.85,500,,4999.903874449573,0.008962740095999717,299.999969473632,4999.903874449573,100,4999.903874449573,500.0,4999.907,1.0,1.0,2,500.0,5.4391416e-20,1.0,1.0
4894.8843,0.10058766,0.012662520952699007,0.0024999997,0.0025,0.0025,0.85,500,,4999.899220950488,0.012662520952699007,400.0,4999.899220950488,100,4999.899220950488,500.0,4999.9053,1.0,1.0,2,500.0,5.434597e-20,1.0,1.0
4905.973,0.098190375,0.007795364011500397,0.0020000003,0.002,0.002,0.85,500,,4999.909881840905,0.007795364011500397,500.00000664260017,4999.909881840905,100,4999.909881840905,500.0,4999.9067,1.0,1.0,1,500.0,5.431875e-20,1.0,1.0
4789.8647,0.089604855,0.008115158005272965,0.009999998,0.01,0.01,0.85,500,,4999.906606184205,0.008115158005272965,100.0,4999.906606184205,100,4999.906606184205,500.0,4999.9067,1.0,1.0,2,500.0,3.5044917e-18,1.0,1.0
4851.3794,0.08881549,0.00777878644809571,0.0049999994,0.005,0.005,0.85,500,,4999.896547785735,0.00777878644809571,200.00000010221265,4999.896547785735,100,4999.896547785735,500.0,4999.9014,1.0,1.0,2,500.0,2.179301e-19,1.0,1.0
4878.6387,0.089875676,0.008415593156495467,0.0033333336,0.0033333334,0.0033333334,0.85,500,,4999.915282397406,0.008415593156495467,299.999969473632,4999.915282397406,100,4999.915282397406,500.0,4999.9062,1.0,1.0,2,500.0,5.4391416e-20,1.0,1.0
4894.8843,0.095167406,0.012108659920141469,0.0024999997,0.0025,0.0025,0.85,500,,4999.903786256403,0.012108659920141469,400.0,4999.903786256403,100,4999.903786256403,500.0,4999.9053,1.0,1.0,2,500.0,5.434597e-20,1.0,1.0
4905.974,0.096074305,0.009962339265312472,0.0020000003,0.002,0.002,0.85,500,,4999.914689568808,0.009962339265312472,500.00000664260017,4999.914689568808,100,4999.914689568808,500.0,4999.9077,1.0,1.0,1,500.0,5.431875e-20,1.0,1.0
4789.861,0.088664144,0.007942018206788684,0.009999998,0.01,0.01,0.85,500,,4999.903057369611,0.007942018206788684,100.0,4999.903057369611,100,4999.903057369611,500.0,4999.903,1.0,1.0,2,500.0,3.5044917e-18,1.0,1.0
4851.3804,0.09227308,0.009257430153161642,0.0049999994,0.005,0.005,0.85,500,,4999.900891667634,0.009257430153161642,200.00000010221265,4999.900891667634,100,4999.900891667634,500.0,4999.9023,1.0,1.0,2,500.0,2.179301e-19,1.0,1.0
4878.6353,0.09952611,0.01281620975168145,0.0033333336,0.0033333334,0.0033333334,0.85,500,,4999.903883848908,0.01281620975168145,299.999969473632,4999.903883848908,100,4999.903883848908,500.0,4999.903,1.0,1.0,2,500.0,5.4391416e-20,1.0,1.0
4894.8804,0.10476411,0.014304747748381606,0.0024999997,0.0025,0.0025,0.85,500,,4999.896505297036,0.014304747748381606,400.0,4999.896505297036,100,4999.896505297036,500.0,4999.9014,1.0,1.0,2,500.0,5.434597e-20,1.0,1.0
4905.9707,0.10080039,0.006775091292418793,0.0020000003,0.002,0.002,0.85,500,,4999.916770653478,0.006775091292418793,500.00000664260017,4999.916770653478,100,4999.916770653478,500.0,4999.9043,1.0,1.0,1,500.0,5.431875e-20,1.0,1.0
4789.872,0.087002225,0.007643625498873322,0.009999998,0.01,0.01,0.85,500,,4999.913844617946,0.007643625498873322,100.0,4999.913844617946,100,4999.913844617946,500.0,4999.914,1.0,1.0,2,500.0,3.5044917e-18,1.0,1.0
4851.395,0.085592605,0.007136553860214568,0.0049999994,0.005,0.005,0.85,500,,4999.919845254266,0.007136553860214568,200.00000010221265,4999.919845254266,100,4999.919845254266,500.0,4999.917,1.0,1.0,2,500.0,2.179301e-19,1.0,1.0
4878.645,0.08511794,0.007034638956084968,0.0033333336,0.0033333334,0.0033333334,0.85,500,,4999.903544687156,0.007034638956084968,299.999969473632,4999.903544687156,100,4999.903544687156,500.0,4999.9126,1.0,1.0,2,500.0,5.4391416e-20,1.0,1.0
4894.893,0.08457401,0.006931072008625119,0.0024999997,0.0025,0.0025,0.85,500,,4999.9173180854405,0.006931072008625119,400.0,4999.9173180854405,100,4999.9173180854405,500.0,4999.914,1.0,1.0,2,500.0,5.434597e-20,1.0,1.0
4905.98,0.08507642,0.007642415946544459,0.0020000003,0.002,0.002,0.85,500,,4999.910037869663,0.007642415946544459,500.00000664260017,4999.910037869663,100,4999.910037869663,500.0,4999.9136,1.0,1.0,1,500.0,5.431875e-20,1.0,1.0
4789.8696,0.12564304,0.015945644179425008,0.009999998,0.01,0.01,0.85,500,,4999.91142454013,0.015945644179425008,100.0,4999.91142454013,100,4999.91142454013,500.0,4999.9116,1.0,1.0,2,500.0,3.5044917e-18,1.0,1.0
4851.3706,0.15639044,0.03276340209247308,0.0049999994,0.005,0.005,0.85,500,,4999.874239722351,0.03276340209247308,200.00000010221265,4999.874239722351,100,4999.874239722351,500.0,4999.8926,1.0,1.0,2,500.0,2.179301e-19,1.0,1.0
4878.6323,0.13795075,0.007953985172993016,0.0033333336,0.0033333334,0.0033333334,0.85,500,,4999.914026888569,0.007953985172993016,299.999969473632,4999.914026888569,100,4999.914026888569,500.0,4999.9,1.0,1.0,2,500.0,5.4391416e-20,1.0,1.0
4894.879,0.12855798,0.00910851033843277,0.0024999997,0.0025,0.0025,0.85,500,,4999.899738527574,0.00910851033843277,400.0,4999.899738527574,100,4999.899738527574,500.0,4999.9,1.0,1.0,2,500.0,5.434597e-20,1.0,1.0
4905.971,0.12047639,0.00618492638773433,0.0020000003,0.002,0.002,0.85,500,,4999.9203918406765,0.00618492638773433,500.00000664260017,4999.9203918406765,100,4999.9203918406765,500.0,4999.905,1.0,1.0,1,500.0,5.431875e-20,1.0,1.0
4789.8755,0.08435735,0.0071856174533434,0.009999998,0.01,0.01,0.85,500,,4999.917309568005,0.0071856174533434,100.0,4999.917309568005,100,4999.917309568005,500.0,4999.9175,1.0,1.0,2,500.0,3.5044917e-18,1.0,1.0
4851.3833,0.09267504,0.00990638884673105,0.0049999994,0.005,0.005,0.85,500,,4999.894700015044,0.00990638884673105,200.00000010221265,4999.894700015044,100,4999.894700015044,500.0,4999.9053,1.0,1.0,2,500.0,2.179301e-19,1.0,1.0
4878.635,0.109484024,0.018919218778794707,0.0033333336,0.0033333334,0.0033333334,0.85,500,,4999.8970800061,0.018919218778794707,299.999969473632,4999.8970800061,100,4999.8970800061,500.0,4999.9023,1.0,1.0,2,500.0,5.4391416e-20,1.0,1.0
4894.8833,0.10627089,0.009286825799290223,0.0024999997,0.0025,0.0025,0.85,500,,4999.908324110159,0.009286825799290223,400.0,4999.908324110159,100,4999.908324110159,500.0,4999.9043,1.0,1.0,2,500.0,5.434597e-20,1.0,1.0
4905.9717,0.10378027,0.008883492988802128,0.002,0.0020029987,0.001992487,0.85,500,5.661489e-07,4999.906031104103,0.008883492988802128,499.9996894969879,4999.906031104103,100,4999.906031104103,499.9998211861296,4999.9053,0.99995124,1.0000004,1,500.0,2.2648164e-12,1.0014505,0.99619496
4789.8623,0.18776636,0.03560361616614091,0.009999998,0.01,0.01,0.85,500,,4999.904501990518,0.03560361616614091,100.0,4999.904501990518,100,4999.904501990518,500.0,4999.9043,1.0,1.0,2,500.0,3.5044917e-18,1.0,1.0
4851.3765,0.18937448,0.03675852243655717,0.0049999994,0.005,0.005,0.85,500,,4999.892085236387,0.03675852243655717,200.00000010221265,4999.892085236387,100,4999.892085236387,500.0,4999.8984,1.0,1.0,2,500.0,2.179301e-19,1.0,1.0
4878.634,0.16355462,0.008571196166236889,0.0033333336,0.0033333334,0.0033333334,0.85,500,,4999.906160576666,0.008571196166236889,299.999969473632,4999.906160576666,100,4999.906160576666,500.0,4999.9014,1.0,1.0,2,500.0,5.4391416e-20,1.0,1.0
4882.3813,249.68243,249990.4041572658,0.0024999997,0.0025,0.0025,0.85,500,,4949.904923310272,249990.4041572658,400.0,4949.904923310272,100,4949.904923310272,500.0,4987.4023,1.0,1.0,2,495.01,5.434597e-20,1.0,1.0
4901.7227,46.709595,0.008659886629318464,0.002,0.0025509533,0.00039522018,0.85,500,0.045343164,4999.912092023771,0.008659886629318464,478.675943822548,4999.912092023771,100,4999.912092023771,477.7475097194183,4997.819,1.0078783,1.0465779,1,500.0,1.7854825e-07,1.2855253,0.19916694
4789.8623,0.10199365,0.010510377249267094,0.009999998,0.01,0.01,0.85,500,,4999.904132372299,0.010510377249267094,100.0,4999.904132372299,100,4999.904132372299,500.0,4999.9043,1.0,1.0,2,500.0,3.5044917e-18,1.0,1.0
4851.3887,0.09245778,0.006663891268357742,0.0049999994,0.005,0.005,0.85,500,,4999.918090546762,0.006663891268357742,200.00000010221265,4999.918090546762,100,4999.918090546762,500.0,4999.9106,1.0,1.0,2,500.0,2.179301e-19,1.0,1.0
4878.6426,0.089944474,0.007244701933983396,0.0033333336,0.0033333334,0.0033333334,0.85,500,,4999.910218008677,0.007244701933983396,299.999969473632,4999.910218008677,100,4999.910218008677,500.0,4999.91,1.0,1.0,2,500.0,5.4391416e-20,1.0,1.0
4894.886,0.090274855,0.008272349360959278,0.0024999997,0.0025,0.0025,0.85,500,,4999.897122213857,0.008272349360959278,400.0,4999.897122213857,100,4999.897122213857,500.0,4999.907,1.0,1.0,2,500.0,5.434597e-20,1.0,1.0
4905.976,0.08910416,0.007091024634430853,0.0020000003,0.002,0.002,0.85,500,,4999.91737468031,0.007091024634430853,500.00000664260017,4999.91737468031,100,4999.91737468031,500.0,4999.9097,1.0,1.0,1,500.0,5.431875e-20,1.0,1.0
4789.8765,0.07658649,0.005926459217779606,0.009999998,0.01,0.01,0.85,500,,4999.918630166912,0.005926459217779606,100.0,4999.918630166912,100,4999.918630166912,500.0,4999.9185,1.0,1.0,2,500.0,3.5044917e-18,1.0,1.0
4851.391,0.08182182,0.007544864978799577,0.0049999994,0.005,0.005,0.85,500,,4999.908366296965,0.007544864978799577,200.00000010221265,4999.908366296965,100,4999.908366296965,500.0,4999.913,1.0,1.0,2,500.0,2.179301e-19,1.0,1.0
4878.643,0.096849516,0.014843416051816194,0.0033333336,0.0033333334,0.0033333334,0.85,500,,4999.90486703818,0.014843416051816194,299.999969473632,4999.90486703818,100,4999.90486703818,500.0,4999.9106,1.0,1.0,2,500.0,5.4391416e-20,1.0,1.0
4894.89,0.094716884,0.007812955352813773,0.0024999997,0.0025,0.0025,0.85,500,,4999.914031613369,0.007812955352813773,400.0,4999.914031613369,100,4999.914031613369,500.0,4999.911,1.0,1.0,2,500.0,5.434597e-20,1.0,1.0
4905.9775,0.09281118,0.007237524493224223,0.0020000003,0.002,0.002,0.85,500,,4999.906769079441,0.007237524493224223,500.00000664260017,4999.906769079441,100,4999.906769079441,500.0,4999.911,1.0,1.0,1,500.0,5.431875e-20,1.0,1.0
4789.8643,0.09352437,0.008837153916152177,0.009999998,0.01,0.01,0.85,500,,4999.905911499414,0.008837153916152177,100.0,4999.905911499414,100,4999.905911499414,500.0,4999.9062,1.0,1.0,2,500.0,3.5044917e-18,1.0,1.0
4851.382,0.11030254,0.01574014289624554,0.0049999994,0.005,0.005,0.85,500,,4999.902047276986,0.01574014289624554,200.00000010221265,4999.902047276986,100,4999.902047276986,500.0,4999.904,1.0,1.0,2,500.0,2.179301e-19,1.0,1.0
4878.6367,0.1058527,0.009377000905104644,0.0033333336,0.0033333334,0.0033333334,0.85,500,,4999.904821108053,0.009377000905104644,299.999969473632,4999.904821108053,100,4999.904821108053,500.0,4999.9043,1.0,1.0,2,500.0,5.4391416e-20,1.0,1.0
4894.885,0.10259419,0.008549663129259321,0.0024999997,0.0025,0.0025,0.85,500,,4999.909782099643,0.008549663129259321,400.0,4999.909782099643,100,4999.909782099643,500.0,4999.906,1.0,1.0,2,500.0,5.434597e-20,1.0,1.0
4905.9688,0.10991322,0.01838035825357161,0.002,0.0020050483,0.0019865306,0.85,500,2.2629745e-06,4999.884100591761,0.01838035825357161,499.9988414660669,4999.884100591761,100,4999.884100591761,499.9992847452859,4999.9023,0.9999263,1.0000014,1,500.0,9.0532165e-12,1.0024503,0.99319214
4789.874,0.11691345,0.013797318725966281,0.009999998,0.01,0.01,0.85,500,,4999.916401252372,0.013797318725966281,100.0,4999.916401252372,100,4999.916401252372,500.0,4999.916,1.0,1.0,2,500.0,3.5044917e-18,1.0,1.0
4851.3906,0.10941287,0.010344972271337913,0.0049999994,0.005,0.005,0.85,500,,4999.909315463701,0.010344972271337913,200.00000010221265,4999.909315463701,100,4999.909315463701,500.0,4999.9126,1.0,1.0,2,500.0,2.179301e-19,1.0,1.0
4878.6426,0.10534631,0.009404487446499299,0.0033333336,0.0033333334,0.0033333334,0.85,500,,4999.904941869707,0.009404487446499299,299.999969473632,4999.904941869707,100,4999.904941869707,500.0,4999.91,1.0,1.0,2,500.0,5.4391416e-20,1.0,1.0
4894.887,0.10477917,0.01066471035642837,0.0024999997,0.0025,0.0025,0.85,500,,4999.9013023777115,0.01066471035642837,400.0,4999.9013023777115,100,4999.9013023777115,500.0,4999.908,1.0,1.0,2,500.0,5.434597e-20,1.0,1.0
4905.975,0.10239961,0.00860025964020361,0.0020000003,0.002,0.002,0.85,500,,4999.909901657135,0.00860025964020361,500.00000664260017,4999.909901657135,100,4999.909901657135,500.0,4999.9087,1.0,1.0,1,500.0,5.431875e-20,1.0,1.0
4789.862,0.10959348,0.012129040025721523,0.009999998,0.01,0.01,0.85,500,,4999.903808216748,0.012129040025721523,100.0,4999.903808216748,100,4999.903808216748,500.0,4999.904,1.0,1.0,2,500.0,3.5044917e-18,1.0,1.0
4851.39,0.094240926,0.005671066017824611,0.0049999994,0.005,0.005,0.85,500,,4999.920805953434,0.005671066017824611,200.00000010221265,4999.920805953434,100,4999.920805953434,500.0,4999.912,1.0,1.0,2,500.0,2.179301e-19,1.0,1.0
4878.648,0.0903646,0.006726880304102894,0.0033333336,0.0033333334,0.0033333334,0.85,500,,4999.922796610353,0.006726880304102894,299.999969473632,4999.922796610353,100,4999.922796610353,500.0,4999.9155,1.0,1.0,2,500.0,5.4391416e-20,1.0,1.0
4894.892,0.0892241,0.007355438874849311,0.0024999997,0.0025,0.0025,0.85,500,,4999.906500841655,0.007355438874849311,400.0,4999.906500841655,100,4999.906500841655,500.0,4999.913,1.0,1.0,2,500.0,5.434597e-20,1.0,1.0
4905.98,0.08838443,0.007264867930148199,0.0020000003,0.002,0.002,0.85,500,,4999.908845049812,0.007264867930148199,500.00000664260017,4999.908845049812,100,4999.908845049812,500.0,4999.9136,1.0,1.0,1,500.0,5.431875e-20,1.0,1.0
4789.8677,0.10421257,0.010967878164963652,0.009999998,0.01,0.01,0.85,500,,4999.910481532574,0.010967878164963652,100.0,4999.910481532574,100,4999.910481532574,500.0,4999.9097,1.0,1.0,2,500.0,3.5044917e-18,1.0,1.0
4851.392,0.09577804,0.007539567954450124,0.0049999994,0.005,0.005,0.85,500,,4999.917366418306,0.007539567954450124,200.00000010221265,4999.917366418306,100,4999.917366418306,500.0,4999.914,1.0,1.0,2,500.0,2.179301e-19,1.0,1.0
4878.6406,0.1018948,0.012729274196376783,0.0033333336,0.0033333334,0.0033333334,0.85,500,,4999.896780312378,0.012729274196376783,299.999969473632,4999.896780312378,100,4999.896780312378,500.0,4999.908,1.0,1.0,2,500.0,5.4391416e-20,1.0,1.0
4894.8833,0.10804292,0.015520831605577178,0.0024999997,0.0025,0.0025,0.85,500,,4999.892802428392,0.015520831605577178,400.0,4999.892802428392,100,4999.892802428392,500.0,4999.9043,1.0,1.0,2,500.0,5.434597e-20,1.0,1.0
4905.975,0.10403703,0.0074348078077827685,0.002,0.0020059624,0.0019867073,0.85,500,2.8896652e-06,4999.922096692578,0.0074348078077827685,499.99856252587205,4999.922096692578,100,4999.922096692578,499.99880790994666,4999.9087,0.9998993,1.0000024,1,500.0,1.15609865e-11,1.0028802,0.9932537
4789.861,0.098655626,0.009827080665553567,0.009999998,0.01,0.01,0.85,500,,4999.902875473138,0.009827080665553567,100.0,4999.902875473138,100,4999.902875473138,500.0,4999.903,1.0,1.0,2,500.0,3.5044917e-18,1.0,1.0
4851.393,0.08742822,0.005325689471437756,0.0049999994,0.005,0.005,0.85,500,,4999.9265900586415,0.005325689471437756,200.00000010221265,4999.9265900586415,100,4999.9265900586415,500.0,4999.915,1.0,1.0,2,500.0,2.179301e-19,1.0,1.0
4878.6436,0.0867604,0.007272340670178602,0.0033333336,0.0033333334,0.0033333334,0.85,500,,4999.9029753511695,0.007272340670178602,299.999969473632,4999.9029753511695,100,4999.9029753511695,500.0,4999.911,1.0,1.0,2,500.0,5.4391416e-20,1.0,1.0
4894.893,0.08743758,0.008004037370472018,0.0024999997,0.0025,0.0025,0.85,500,,4999.920556959567,0.008004037370472018,400.0,4999.920556959567,100,4999.920556959567,500.0,4999.914,1.0,1.0,2,500.0,5.434597e-20,1.0,1.0
4905.977,0.14056046,0.06872318231885365,0.0020000003,0.002,0.002,0.85,500,,4999.898312519269,0.06872318231885365,500.00000664260017,4999.898312519269,100,4999.898312519269,500.0,4999.9106,1.0,1.0,1,500.0,5.431875e-20,1.0,1.0
4789.8545,0.10662468,0.011481249085684622,0.009999998,0.01,0.01,0.85,500,,4999.896791784265,0.011481249085684622,100.0,4999.896791784265,100,4999.896791784265,500.0,4999.8965,1.0,1.0,2,500.0,3.5044917e-18,1.0,1.0
4851.3794,0.1056421,0.011007767281209016,0.0049999994,0.005,0.005,0.85,500,,4999.906997663415,0.011007767281209016,200.00000010221265,4999.906997663415,100,4999.906997663415,500.0,4999.9014,1.0,1.0,2,500.0,2.179301e-19,1.0,1.0
4878.634,0.10603563,0.011529699083698905,0.0033333336,0.0033333334,0.0033333334,0.85,500,,4999.900232701449,0.011529699083698905,299.999969473632,4999.900232701449,100,4999.900232701449,500.0,4999.9014,1.0,1.0,2,500.0,5.4391416e-20,1.0,1.0
4894.8804,0.10217693,0.008112009198273205,0.0024999997,0.0025,0.0025,0.85,500,,4999.902259874559,0.008112009198273205,400.0,4999.902259874559,100,4999.902259874559,500.0,4999.9014,1.0,1.0,2,500.0,5.434597e-20,1.0,1.0
4905.968,0.10468964,0.013153834051654805,0.0020000003,0.002,0.002,0.85,500,,4999.896963510643,0.013153834051654805,500.00000664260017,4999.896963510643,100,4999.896963510643,500.0,4999.9014,1.0,1.0,1,500.0,5.431875e-20,1.0,1.0
4789.8794,0.08164709,0.006732033895083849,0.009999998,0.01,0.01,0.85,500,,4999.921566358034,0.006732033895083849,100.0,4999.921566358034,100,4999.921566358034,500.0,4999.9214,1.0,1.0,2,500.0,3.5044917e-18,1.0,1.0
4851.398,0.08202469,0.006849699886291296,0.0049999994,0.005,0.005,0.85,500,,4999.918058533062,0.006849699886291296,200.00000010221265,4999.918058533062,100,4999.918058533062,500.0,4999.92,1.0,1.0,2,500.0,2.179301e-19,1.0,1.0
4878.6514,0.08398333,0.0077728459263143685,0.0033333336,0.0033333334,0.0033333334,0.85,500,,4999.916870035805,0.0077728459263143685,299.999969473632,4999.916870035805,100,4999.916870035805,500.0,4999.919,1.0,1.0,2,500.0,5.4391416e-20,1.0,1.0
4894.895,0.08498372,0.007690120337008029,0.0024999997,0.0025,0.0025,0.85,500,,4999.906463721854,0.007690120337008029,400.0,4999.906463721854,100,4999.906463721854,500.0,4999.916,1.0,1.0,2,500.0,5.434597e-20,1.0,1.0
4905.9824,0.08368136,0.006183301310692611,0.0020000003,0.002,0.002,0.85,500,,4999.914924539602,0.006183301310692611,500.00000664260017,4999.914924539602,100,4999.914924539602,500.0,4999.916,1.0,1.0,1,500.0,5.431875e-20,1.0,1.0
4789.877,0.10014021,0.01012761351564195,0.009999998,0.01,0.01,0.85,500,,4999.919457030149,0.01012761351564195,100.0,4999.919457030149,100,4999.919457030149,500.0,4999.919,1.0,1.0,2,500.0,3.5044917e-18,1.0,1.0
4851.384,0.10002673,0.00969791358836438,0.0049999994,0.005,0.005,0.85,500,,4999.89193971804,0.00969791358836438,200.00000010221265,4999.89193971804,100,4999.89193971804,500.0,4999.906,1.0,1.0,2,500.0,2.179301e-19,1.0,1.0
4878.64,0.09900968,0.00947027095690351,0.0033333336,0.0033333334,0.0033333334,0.85,500,,4999.911382373863,0.00947027095690351,299.999969473632,4999.911382373863,100,4999.911382373863,500.0,4999.9077,1.0,1.0,2,500.0,5.4391416e-20,1.0,1.0
4894.8853,0.1054893,0.015236270968451282,0.0024999997,0.0025,0.0025,0.85,500,,4999.903149865335,0.015236270968451282,400.0,4999.903149865335,100,4999.903149865335,500.0,4999.9062,1.0,1.0,2,500.0,5.434597e-20,1.0,1.0
4905.972,0.106495485,0.012262185301662443,0.0020000003,0.002,0.002,0.85,500,,4999.899033180461,0.012262185301662443,500.00000664260017,4999.899033180461,100,4999.899033180461,500.0,4999.906,1.0,1.0,1,500.0,5.431875e-20,1.0,1.0
