AvgEpLen,J,IterType,BatchSize,VarDiscRet,MinVanillaIw,VarVanillaIw,Bound,VarRet,MinNormIw,VarNormIw,MaxVanillaIw,VanillaAvgRet,AvgRet,AvgDiscRet,ESSRenyi,AvgVanillaIw,VarJ,Delta,ESSClassic,eRenyi2,MaxNormIw,EpsThisIter,AvgNormIw
500.0,23.9991,1,100,302.594969884,0.0673225,311.522,20.7874,302.594969884,7.12725e-05,0.000349151,42.513,-5.06895375081,-5.06895375081,-5.06895375081,38.5158708506,9.44578,0.836467,0.6,22.4386472255,2.59633,0.0450074,100,0.01
500.0,5.96463,,200,43.1458990157,0.0235222,26.1502,1.45063,302.594969884,3.12819e-05,4.62493e-05,14.8539,-5.06895375081,-5.06895375081,4.57440049405,32.8663577108,7.51944,5.09169,0.6,68.5933599906,6.08525,0.019754,100,0.01
500.0,23.9483,1,200,110.905221603,0.030017,1549.33,21.3029,110.905221603,1.05708e-05,0.000192144,125.87,3.30485156696,3.30485156696,3.30485156696,56.7727645297,14.1981,1.2659,0.6,23.1285448783,3.52282,0.0443263,100,0.005
500.0,-2.8455,2,200,102.025667866,1.0,,-5.09042,102.025667866,0.01,3.50449e-18,1.0,-2.84549561654,-2.84549561654,-2.84549561654,200.0,1.0,10.0501,0.6,100.0,1.0,0.01,100,0.01
500.0,0.370017,,300,104.866557581,0.00794473,57.8091,-5.37063,110.905221603,5.94991e-06,3.24234e-05,33.3144,3.30485156696,3.30485156696,-5.47001571918,22.9390028634,6.67635,15.732,0.6,87.3190830416,13.0782,0.0249496,100,0.005
500.0,23.5805,1,300,218.084382008,0.0425046,1788.94,19.93,218.084382008,1.14703e-05,0.000130279,162.44,-12.8581152277,-12.8581152277,-12.8581152277,83.7916356544,12.3521,2.86845,0.6,23.6480603249,3.58031,0.0438361,100,0.00333333
500.0,-3.67158,2,300,61.6439930327,1.0,,-5.01695,61.6439930327,0.01,3.50449e-18,1.0,-3.67158445724,-3.67158445724,-3.67158445724,300.0,1.0,7.81201,0.6,100.0,1.0,0.01,100,0.01
500.0,-6.33557,2,300,177.608870446,1.0,,-8.56931,177.608870446,0.005,2.1793e-19,1.0,-8.99955718016,-8.99955718016,-8.99955718016,300.0,1.0,11.2039,0.6,200.000000102,1.0,0.005,100,0.005
500.0,-9.13037,,400,197.609017148,0.00615613,19.6408,-21.461,218.084382008,4.82323e-06,1.20564e-05,23.5269,-12.8581152277,-12.8581152277,-11.455771294,8.77952954677,4.2545,19.0448,0.6,144.129339022,45.5605,0.0184329,100,0.00333333
500.0,23.7905,1,400,93.2436376442,0.0112794,3698.61,20.2654,93.2436376442,1.87275e-06,0.000101959,266.821,-9.20020346999,-9.20020346999,-9.20020346999,89.855485404,15.0573,2.40793,0.6,23.1579563184,4.45159,0.044301,100,0.0025
500.0,-0.670895,2,400,26.9141261979,1.0,,-1.76447,26.9141261979,0.01,3.50449e-18,1.0,-0.67089465016,-0.67089465016,-0.67089465016,400.0,1.0,5.16188,0.6,100.0,1.0,0.01,100,0.01
500.0,-2.11977,2,400,59.2905690824,1.0,,-3.41343,59.2905690824,0.005,2.1793e-19,1.0,-3.56864621068,-3.56864621068,-3.56864621068,400.0,1.0,6.69108,0.6,200.000000102,1.0,0.005,100,0.005
500.0,-1.72265,2,400,28.5055981646,1.0,,-2.77892,28.5055981646,0.00333333,5.43914e-20,1.0,-0.928407113588,-0.928407113588,-0.928407113588,400.0,1.0,6.29041,0.6,299.999969474,1.0,0.00333333,100,0.00333333
500.0,-6.5725,,500,97.931781154,0.00374784,302.542,-15.4238,93.2436376442,9.46242e-07,1.92854e-05,88.657,-9.20020346999,-9.20020346999,-5.70821462498,12.118928077,9.9019,17.84,0.6,98.0883839024,41.2578,0.0223838,100,0.0025
500.0,23.8228,1,500,46.5606394119,0.0075932,5370.22,20.4588,46.5606394119,9.428e-07,8.27907e-05,357.34,-7.43881290889,-7.43881290889,-7.43881290889,98.6727059835,16.1078,2.52467,0.6,23.0880173364,5.06726,0.0443687,100,0.002
500.0,-0.373093,2,500,124.129147848,1.0,,-1.78893,124.129147848,0.01,3.50449e-18,1.0,-0.373092573377,-0.373092573377,-0.373092573377,500.0,1.0,11.0855,0.6,100.0,1.0,0.01,100,0.01
500.0,-0.179746,2,500,63.1408243602,1.0,,-1.1809,63.1408243602,0.005,2.1793e-19,1.0,0.0136003107637,0.0136003107637,0.0136003107637,500.0,1.0,9.62995,0.6,200.000000102,1.0,0.005,100,0.005
500.0,1.90126,2,500,835.56889505,1.0,,-1.91752,835.56889505,0.00333333,5.43914e-20,1.0,6.06327105484,6.06327105484,6.06327105484,500.0,1.0,18.6071,0.6,299.999969474,1.0,0.00333333,100,0.00333333
500.0,0.509126,2,500,76.149850513,1.0,,-2.79803,76.149850513,0.0025,5.4346e-20,1.0,-3.6672735614,-3.6672735614,-3.6672735614,500.0,1.0,16.862,0.6,400.0,1.0,0.0025,100,0.0025
500.0,79.292,1,500,28.7722694801,0.00088379,27850.1,72.9794,28.7722694801,6.61488e-08,0.000156018,1089.87,-0.921698961571,-0.921698961571,-0.921698961571,109.785256338,26.7212,11.1056,0.6,12.523058367,4.55435,0.0815736,100,0.002
500.0,-5.79376,2,500,128.267329864,1.0,,-8.19186,128.267329864,0.01,3.50449e-18,1.0,-5.79375704097,-5.79375704097,-5.79375704097,500.0,1.0,11.2687,0.6,100.0,1.0,0.01,100,0.01
500.0,-8.68925,2,500,106.454270179,1.0,,-10.385,106.454270179,0.005,2.1793e-19,1.0,-11.5847371926,-11.5847371926,-11.5847371926,500.0,1.0,11.1611,0.6,200.000000102,1.0,0.005,100,0.005
500.0,-7.06694,2,500,26.3045299191,1.0,,-8.45149,26.3045299191,0.00333333,5.43914e-20,1.0,-3.82232371427,-3.82232371427,-3.82232371427,500.0,1.0,9.84843,0.6,299.999969474,1.0,0.00333333,100,0.00333333
500.0,-4.65963,2,500,164.49623189,1.0,,-5.93247,164.49623189,0.0025,5.4346e-20,1.0,2.56231003227,2.56231003227,2.56231003227,500.0,1.0,11.4386,0.6,400.0,1.0,0.0025,100,0.0025
500.0,30.3873,1,500,135.895492326,0.00310496,14289.1,27.4791,135.895492326,3.24336e-07,0.000155912,780.665,-6.02240693328,-6.02240693328,-6.02240693328,76.6212457763,19.1466,5.19884,0.6,12.5312983821,6.52561,0.0815461,100,0.002
500.0,8.7861,2,500,344.818384318,1.0,,4.96381,344.818384318,0.01,3.50449e-18,1.0,8.78610121701,8.78610121701,8.78610121701,500.0,1.0,18.4762,0.6,100.0,1.0,0.01,100,0.01
500.0,7.76777,2,500,213.595414826,1.0,,5.065,213.595414826,0.005,2.1793e-19,1.0,6.74944718847,6.74944718847,6.74944718847,500.0,1.0,16.6569,0.6,200.000000102,1.0,0.005,100,0.005
500.0,3.15651,2,500,108.54102661,1.0,,0.949708,108.54102661,0.00333333,5.43914e-20,1.0,-6.06601719223,-6.06601719223,-6.06601719223,500.0,1.0,16.227,0.6,299.999969474,1.0,0.00333333,100,0.00333333
500.0,2.93837,2,500,418.947225603,1.0,,1.02722,418.947225603,0.0025,5.4346e-20,1.0,2.28393749999,2.28393749999,2.28393749999,500.0,1.0,17.3585,0.6,400.0,1.0,0.0025,100,0.0025
500.0,46.3151,1,500,114.715750954,0.00742334,84904.3,42.5995,114.715750954,3.21006e-07,0.000158765,1902.55,0.0572176171203,0.0572176171203,0.0572176171203,105.822692372,46.2505,3.25016,0.6,12.3116598154,4.72488,0.0822715,100,0.002
500.0,9.01441,2,500,254.054541408,1.0,,5.54687,254.054541408,0.01,3.50449e-18,1.0,9.01441420195,9.01441420195,9.01441420195,500.0,1.0,15.8592,0.6,100.0,1.0,0.01,100,0.01
500.0,9.27291,2,500,544.53348052,1.0,,5.63912,544.53348052,0.005,2.1793e-19,1.0,9.53139975946,9.53139975946,9.53139975946,500.0,1.0,19.8839,0.6,200.000000102,1.0,0.005,100,0.005
500.0,9.68975,2,500,114.853509727,1.0,,6.72278,114.853509727,0.00333333,5.43914e-20,1.0,10.5234356181,10.5234356181,10.5234356181,500.0,1.0,17.3732,0.6,299.999969474,1.0,0.00333333,100,0.00333333
500.0,10.2845,2,500,723.874988599,1.0,,7.43469,723.874988599,0.0025,5.4346e-20,1.0,12.0685576106,12.0685576106,12.0685576106,500.0,1.0,20.1641,0.6,400.0,1.0,0.0025,100,0.0025
500.0,68.3376,1,500,364.434406228,0.00279332,32388.2,61.7148,364.434406228,1.8656e-07,0.000144471,1175.71,12.1875587097,12.1875587097,12.1875587097,74.0610885887,29.9456,9.19624,0.6,13.4969277283,6.75118,0.0785232,100,0.002
500.0,-3.45814,2,500,300.452020662,1.0,,-6.34753,300.452020662,0.01,3.50449e-18,1.0,-3.45813517523,-3.45813517523,-3.45813517523,500.0,1.0,17.2467,0.6,100.0,1.0,0.01,100,0.01
500.0,7.62939,2,500,281.488916735,1.0,,4.22111,281.488916735,0.005,2.1793e-19,1.0,18.7169119355,18.7169119355,18.7169119355,500.0,1.0,20.273,0.6,200.000000102,1.0,0.005,100,0.005
500.0,11.2,2,500,621.576228614,1.0,,8.41717,621.576228614,0.00333333,5.43914e-20,1.0,18.3412804673,18.3412804673,18.3412804673,500.0,1.0,22.4636,0.6,299.999969474,1.0,0.00333333,100,0.00333333
500.0,9.98726,2,500,136.071890934,1.0,,7.57725,136.071890934,0.0025,5.4346e-20,1.0,6.3490059836,6.3490059836,6.3490059836,500.0,1.0,20.4096,0.6,400.0,1.0,0.0025,100,0.0025
500.0,58.2889,1,500,433.418986252,0.000151217,18287.6,52.9595,433.418986252,1.38839e-08,0.000154162,883.24,7.88490986439,7.88490986439,7.88490986439,81.7980952761,21.7831,4.51019,0.6,12.6699854262,6.11261,0.081094,100,0.002
500.0,19.6281,2,500,395.647671871,1.0,,15.0116,395.647671871,0.01,3.50449e-18,1.0,19.6280968565,19.6280968565,19.6280968565,500.0,1.0,19.7912,0.6,100.0,1.0,0.01,100,0.01
500.0,19.1855,2,500,390.154350165,1.0,,15.9211,390.154350165,0.005,2.1793e-19,1.0,18.7428096691,18.7428096691,18.7428096691,500.0,1.0,19.7273,0.6,200.000000102,1.0,0.005,100,0.005
500.0,17.2817,2,500,596.226617046,1.0,,14.4648,596.226617046,0.00333333,5.43914e-20,1.0,13.4741049654,13.4741049654,13.4741049654,500.0,1.0,21.5279,0.6,299.999969474,1.0,0.00333333,100,0.00333333
500.0,18.2451,2,500,571.900854188,1.0,,15.6405,571.900854188,0.0025,5.4346e-20,1.0,21.1353124762,21.1353124762,21.1353124762,500.0,1.0,22.1792,0.6,400.0,1.0,0.0025,100,0.0025
500.0,61.7596,1,500,464.186322637,1.06912e-06,6059.81,56.2406,464.186322637,1.78954e-10,0.000169782,556.25,25.4080610707,25.4080610707,25.4080610707,89.0858954327,11.9485,13.7813,0.6,11.5312094374,5.61256,0.0931078,100,0.002
500.0,40.207,2,500,440.169256681,1.0,,34.5862,440.169256681,0.01,3.50449e-18,1.0,40.20698835,40.20698835,40.20698835,500.0,1.0,20.875,0.6,100.0,1.0,0.01,100,0.01
500.0,34.6579,2,500,526.02160602,1.0,,30.6834,526.02160602,0.005,2.1793e-19,1.0,29.1088272569,29.1088272569,29.1088272569,500.0,1.0,22.5623,0.6,200.000000102,1.0,0.005,100,0.005
500.0,29.0801,2,500,328.38011473,1.0,,25.8349,328.38011473,0.00333333,5.43914e-20,1.0,17.9243879032,17.9243879032,17.9243879032,500.0,1.0,22.5823,0.6,299.999969474,1.0,0.00333333,100,0.00333333
500.0,28.012,2,500,711.432600325,1.0,,25.2016,711.432600325,0.0025,5.4346e-20,1.0,24.8078292759,24.8078292759,24.8078292759,500.0,1.0,23.706,0.6,400.0,1.0,0.0025,100,0.0025
500.0,59.9223,1,500,319.940890418,0.0019332,2432.79,54.7364,319.940890418,4.56754e-07,0.000135804,322.559,38.5082426219,38.5082426219,38.5082426219,117.475779169,8.46498,4.81854,0.6,14.3336088106,4.2562,0.0762102,100,0.002
500.0,39.2766,2,500,498.764362298,1.0,,33.8745,498.764362298,0.01,3.50449e-18,1.0,39.2766226192,39.2766226192,39.2766226192,500.0,1.0,22.2211,0.6,100.0,1.0,0.01,100,0.01
500.0,44.2742,2,500,246.965752666,1.0,,39.9296,246.965752666,0.005,2.1793e-19,1.0,49.2718014792,49.2718014792,49.2718014792,500.0,1.0,19.8523,0.6,200.000000102,1.0,0.005,100,0.005
500.0,45.5819,2,500,215.832927218,1.0,,42.0345,215.832927218,0.00333333,5.43914e-20,1.0,48.197221461,48.197221461,48.197221461,500.0,1.0,18.3681,0.6,299.999969474,1.0,0.00333333,100,0.00333333
500.0,45.2336,2,500,696.070649207,1.0,,41.3837,696.070649207,0.0025,5.4346e-20,1.0,44.1886635191,44.1886635191,44.1886635191,500.0,1.0,20.632,0.6,400.0,1.0,0.0025,100,0.0025
500.0,93.223,1,500,544.426587332,0.0534053,24682.9,86.4405,544.426587332,4.22347e-06,0.000154371,1026.16,41.4346410826,41.4346410826,41.4346410826,128.875747834,25.2898,6.95717,0.6,12.653239124,3.87971,0.0811519,100,0.002
500.0,49.9704,2,500,802.281683678,1.0,,43.5572,802.281683678,0.01,3.50449e-18,1.0,49.9704152202,49.9704152202,49.9704152202,500.0,1.0,28.1826,0.6,100.0,1.0,0.01,100,0.01
500.0,53.1444,2,500,126.761897578,1.0,,48.6096,126.761897578,0.005,2.1793e-19,1.0,56.318382248,56.318382248,56.318382248,500.0,1.0,21.6783,0.6,200.000000102,1.0,0.005,100,0.005
500.0,51.497,2,500,333.713239666,1.0,,47.7944,333.713239666,0.00333333,5.43914e-20,1.0,48.2022907094,48.2022907094,48.2022907094,500.0,1.0,20.7088,0.6,299.999969474,1.0,0.00333333,100,0.00333333
500.0,51.8431,2,500,402.427709375,1.0,,48.5774,402.427709375,0.0025,5.4346e-20,1.0,52.8814080484,52.8814080484,52.8814080484,500.0,1.0,20.5329,0.6,400.0,1.0,0.0025,100,0.0025
500.0,77.7483,1,500,420.342442378,0.000687582,7242.64,72.0409,420.342442378,1.07769e-07,0.000177925,607.862,43.3721778657,43.3721778657,43.3721778657,130.957935638,12.7603,5.48768,0.6,11.0150902838,3.81802,0.0952742,100,0.002
500.0,54.4562,2,500,258.620235898,1.0,,47.8974,258.620235898,0.01,3.50449e-18,1.0,54.4561890546,54.4561890546,54.4561890546,500.0,1.0,16.0011,0.6,100.0,1.0,0.01,100,0.01
500.0,57.1925,2,500,421.826613434,1.0,,52.4764,421.826613434,0.005,2.1793e-19,1.0,59.9288913932,59.9288913932,59.9288913932,500.0,1.0,18.5556,0.6,200.000000102,1.0,0.005,100,0.005
500.0,56.1769,2,500,91.6652585429,1.0,,52.3262,91.6652585429,0.00333333,5.43914e-20,1.0,54.1454811559,54.1454811559,54.1454811559,500.0,1.0,16.1818,0.6,299.999969474,1.0,0.00333333,100,0.00333333
500.0,54.6856,2,500,680.835588084,1.0,,50.6413,680.835588084,0.0025,5.4346e-20,1.0,50.2120337629,50.2120337629,50.2120337629,500.0,1.0,19.2761,0.6,400.0,1.0,0.0025,100,0.0025
500.0,74.9977,1,500,369.040033275,0.00676168,1102.69,68.604,369.040033275,2.28609e-06,0.000126047,217.286,46.0320214999,46.0320214999,46.0320214999,160.050259924,5.9155,5.98883,0.6,15.4089462985,3.12402,0.0734634,100,0.002
500.0,56.1329,2,500,412.435369151,1.0,,48.8145,412.435369151,0.01,3.50449e-18,1.0,56.1329395885,56.1329395885,56.1329395885,500.0,1.0,20.2067,0.6,100.0,1.0,0.01,100,0.01
500.0,58.6139,2,500,318.748650434,1.0,,53.4389,318.748650434,0.005,2.1793e-19,1.0,61.0947938804,61.0947938804,61.0947938804,500.0,1.0,19.1857,0.6,200.000000102,1.0,0.005,100,0.005
500.0,56.5307,2,500,182.929514456,1.0,,52.3054,182.929514456,0.00333333,5.43914e-20,1.0,52.364399401,52.364399401,52.364399401,500.0,1.0,17.7325,0.6,299.999969474,1.0,0.00333333,100,0.00333333
500.0,55.8827,2,500,594.151371204,1.0,,52.2235,594.151371204,0.0025,5.4346e-20,1.0,53.9387997368,53.9387997368,53.9387997368,500.0,1.0,19.5995,0.6,400.0,1.0,0.0025,100,0.0025
500.0,85.2229,1,500,115.367604817,0.00152882,2109.85,77.7146,115.367604817,3.9109e-07,0.000138067,326.964,66.5108671325,66.5108671325,66.5108671325,95.0061982861,7.81826,8.47758,0.6,14.1052686237,5.26281,0.0836411,100,0.002
500.0,61.0265,2,500,389.357258775,1.0,,53.5407,389.357258775,0.01,3.50449e-18,1.0,61.0265270542,61.0265270542,61.0265270542,500.0,1.0,19.6332,0.6,100.0,1.0,0.01,100,0.01
500.0,61.0102,2,500,135.134784222,1.0,,55.7169,135.134784222,0.005,2.1793e-19,1.0,60.9938121288,60.9938121288,60.9938121288,500.0,1.0,16.1128,0.6,200.000000102,1.0,0.005,100,0.005
500.0,61.3762,2,500,168.206378834,1.0,,57.0543,168.206378834,0.00333333,5.43914e-20,1.0,62.1082850747,62.1082850747,62.1082850747,500.0,1.0,15.1281,0.6,299.999969474,1.0,0.00333333,100,0.00333333
500.0,61.5691,2,500,157.963969794,1.0,,57.8262,157.963969794,0.0025,5.4346e-20,1.0,62.1479344583,62.1479344583,62.1479344583,500.0,1.0,14.5207,0.6,400.0,1.0,0.0025,100,0.0025
500.0,90.3689,1,500,99.8434967827,0.0026149,3227.0,83.1736,99.8434967827,5.52749e-07,0.000144193,371.333,69.4610923817,69.4610923817,69.4610923817,108.239343455,9.46145,8.17802,0.6,13.5222463281,4.61939,0.078494,100,0.002
500.0,72.8845,2,500,80.131106657,1.0,,65.8358,80.131106657,0.01,3.50449e-18,1.0,72.8844713122,72.8844713122,72.8844713122,500.0,1.0,8.90673,0.6,100.0,1.0,0.01,100,0.01
500.0,73.9474,2,500,137.477359083,1.0,,68.9633,137.477359083,0.005,2.1793e-19,1.0,75.0103091271,75.0103091271,75.0103091271,500.0,1.0,10.4329,0.6,200.000000102,1.0,0.005,100,0.005
500.0,73.7986,2,500,89.9077836175,1.0,,69.5922,89.9077836175,0.00333333,5.43914e-20,1.0,73.5009575477,73.5009575477,73.5009575477,500.0,1.0,10.1133,0.6,299.999969474,1.0,0.00333333,100,0.00333333
500.0,72.521,2,500,90.2421839319,1.0,,68.8782,90.2421839319,0.0025,5.4346e-20,1.0,68.6882232874,68.6882232874,68.6882232874,500.0,1.0,10.1951,0.6,400.0,1.0,0.0025,100,0.0025
500.0,93.2938,1,500,175.711980161,0.0256013,6641.02,87.7519,175.711980161,3.80225e-06,0.000146485,532.617,72.6724125714,72.6724125714,72.6724125714,193.425699939,13.4664,6.9315,0.6,13.3162496,2.58497,0.0791033,100,0.002
500.0,75.6419,2,500,173.272504244,1.0,,68.0417,173.272504244,0.01,3.50449e-18,1.0,75.6418931372,75.6418931372,75.6418931372,500.0,1.0,13.0973,0.6,100.0,1.0,0.01,100,0.01
500.0,73.8086,2,500,165.91340816,1.0,,68.4345,165.91340816,0.005,2.1793e-19,1.0,71.9753789222,71.9753789222,71.9753789222,500.0,1.0,13.0866,0.6,200.000000102,1.0,0.005,100,0.005
500.0,73.8107,2,500,217.769959026,1.0,,69.1391,217.769959026,0.00333333,5.43914e-20,1.0,73.8148037575,73.8148037575,73.8148037575,500.0,1.0,13.6395,0.6,299.999969474,1.0,0.00333333,100,0.00333333
500.0,74.5311,2,500,135.06553136,1.0,,70.4854,135.06553136,0.0025,5.4346e-20,1.0,76.6921837035,76.6921837035,76.6921837035,500.0,1.0,13.2103,0.6,400.0,1.0,0.0025,100,0.0025
500.0,97.6981,1,500,305.566361571,0.000314827,2275.09,90.3288,305.566361571,7.7125e-08,0.000136535,311.963,62.5745334018,62.5745334018,62.5745334018,120.560509976,8.16408,8.50693,0.6,14.2590519957,4.14729,0.0764234,100,0.002
500.0,83.9115,2,500,49.9050434474,1.0,,76.3774,49.9050434474,0.01,3.50449e-18,1.0,83.9114936824,83.9114936824,83.9114936824,500.0,1.0,7.02894,0.6,100.0,1.0,0.01,100,0.01
500.0,79.9137,2,500,76.1764430565,1.0,,74.5863,76.1764430565,0.005,2.1793e-19,1.0,75.9158531861,75.9158531861,75.9158531861,500.0,1.0,8.85398,0.6,200.000000102,1.0,0.005,100,0.005
500.0,77.5855,2,500,121.543219682,1.0,,73.2357,121.543219682,0.00333333,5.43914e-20,1.0,72.9291090757,72.9291090757,72.9291090757,500.0,1.0,10.1593,0.6,299.999969474,1.0,0.00333333,100,0.00333333
500.0,77.7362,2,500,74.4694456294,1.0,,73.9692,74.4694456294,0.0025,5.4346e-20,1.0,78.1884480092,78.1884480092,78.1884480092,500.0,1.0,9.79328,0.6,400.0,1.0,0.0025,100,0.0025
500.0,89.6225,1,500,62.51309449,0.0646995,1143.68,84.7184,62.51309449,2.05312e-05,0.000115168,221.179,83.8874159411,83.8874159411,83.8874159411,236.025984161,6.30254,4.23306,0.6,16.8155077494,2.11841,0.0701874,100,0.002
500.0,77.0642,2,500,99.7178294116,1.0,,69.4546,99.7178294116,0.01,3.50449e-18,1.0,77.0641645876,77.0641645876,77.0641645876,500.0,1.0,9.93583,0.6,100.0,1.0,0.01,100,0.01
500.0,75.8533,2,500,229.465818067,1.0,,70.4725,229.465818067,0.005,2.1793e-19,1.0,74.6424862829,74.6424862829,74.6424862829,500.0,1.0,12.8223,0.6,200.000000102,1.0,0.005,100,0.005
500.0,76.9287,2,500,135.491345375,1.0,,72.5353,135.491345375,0.00333333,5.43914e-20,1.0,79.079352478,79.079352478,79.079352478,500.0,1.0,12.5153,0.6,299.999969474,1.0,0.00333333,100,0.00333333
500.0,75.4843,2,500,252.907408528,1.0,,71.6795,252.907408528,0.0025,5.4346e-20,1.0,71.1513091098,71.1513091098,71.1513091098,500.0,1.0,13.6502,0.6,400.0,1.0,0.0025,100,0.0025
500.0,91.9958,1,500,77.9887435604,0.00818349,481.73,85.885,77.9887435604,4.48003e-06,0.000144374,157.088,81.7241176508,81.7241176508,81.7241176508,155.966204566,3.65332,7.47316,0.6,13.5057610818,3.20582,0.0859977,100,0.002
500.0,82.5328,2,500,36.5083699149,1.0,,75.2606,36.5083699149,0.01,3.50449e-18,1.0,82.5328165275,82.5328165275,82.5328165275,500.0,1.0,6.01193,0.6,100.0,1.0,0.01,100,0.01
500.0,82.3008,2,500,122.500054991,1.0,,76.7487,122.500054991,0.005,2.1793e-19,1.0,82.0687611833,82.0687611833,82.0687611833,500.0,1.0,8.87485,0.6,200.000000102,1.0,0.005,100,0.005
500.0,80.5125,2,500,38.4795397188,1.0,,75.9793,38.4795397188,0.00333333,5.43914e-20,1.0,76.9360461718,76.9360461718,76.9360461718,500.0,1.0,8.46183,0.6,299.999969474,1.0,0.00333333,100,0.00333333
500.0,81.527,2,500,74.7837612776,1.0,,77.601,74.7837612776,0.0025,5.4346e-20,1.0,84.570284198,84.570284198,84.570284198,500.0,1.0,8.67745,0.6,400.0,1.0,0.0025,100,0.0025
500.0,93.8887,1,500,73.3311299172,0.0464135,4181.27,88.5438,73.3311299172,8.4107e-06,0.000137304,422.909,82.629217727,82.629217727,82.629217727,215.813307132,11.0368,3.92047,0.6,14.1814247648,2.31682,0.0766363,100,0.002
500.0,79.3578,2,500,86.0528407412,1.0,,71.8169,86.0528407412,0.01,3.50449e-18,1.0,79.357780752,79.357780752,79.357780752,500.0,1.0,9.22997,0.6,100.0,1.0,0.01,100,0.01
500.0,81.1617,2,500,82.1578775998,1.0,,75.7913,82.1578775998,0.005,2.1793e-19,1.0,82.9655268191,82.9655268191,82.9655268191,500.0,1.0,9.30152,0.6,200.000000102,1.0,0.005,100,0.005
500.0,82.2449,2,500,106.286110605,1.0,,77.5818,106.286110605,0.00333333,5.43914e-20,1.0,84.4113687432,84.4113687432,84.4113687432,500.0,1.0,9.75193,0.6,299.999969474,1.0,0.00333333,100,0.00333333
500.0,82.2713,2,500,64.2270251589,1.0,,78.233,64.2270251589,0.0025,5.4346e-20,1.0,82.3505036281,82.3505036281,82.3505036281,500.0,1.0,9.33934,0.6,400.0,1.0,0.0025,100,0.0025
500.0,97.6436,1,500,108.951166551,0.00881649,1062.94,90.7288,108.951166551,3.36901e-06,0.00015521,233.173,84.3083798306,84.3083798306,84.3083798306,136.427104937,5.23388,8.20212,0.6,12.58655003,3.66496,0.0891014,100,0.002
500.0,88.2875,2,500,28.0772489267,1.0,,80.465,28.0772489267,0.01,3.50449e-18,1.0,88.2875217552,88.2875217552,88.2875217552,500.0,1.0,5.27224,0.6,100.0,1.0,0.01,100,0.01
500.0,87.9545,2,500,29.3712211793,1.0,,82.4231,29.3712211793,0.005,2.1793e-19,1.0,87.6214223224,87.6214223224,87.6214223224,500.0,1.0,5.34303,0.6,200.000000102,1.0,0.005,100,0.005
500.0,86.8214,2,500,80.342952718,1.0,,82.3051,80.342952718,0.00333333,5.43914e-20,1.0,84.5552828037,84.5552828037,84.5552828037,500.0,1.0,6.93634,0.6,299.999969474,1.0,0.00333333,100,0.00333333
500.0,87.4277,2,500,18.8182756911,1.0,,83.4965,18.8182756911,0.0025,5.4346e-20,1.0,89.2464397669,89.2464397669,89.2464397669,500.0,1.0,6.46875,0.6,400.0,1.0,0.0025,100,0.0025
500.0,95.656,1,500,59.5329881824,0.0455908,3296.66,90.404,59.5329881824,9.28243e-06,0.000136661,375.584,84.9678851907,84.9678851907,84.9678851907,224.104406063,9.82302,3.85973,0.6,14.2462824588,2.2311,0.0764701,100,0.002
500.0,86.6168,2,500,46.9610614241,1.0,,78.9059,46.9610614241,0.01,3.50449e-18,1.0,86.6168493688,86.6168493688,86.6168493688,500.0,1.0,6.81846,0.6,100.0,1.0,0.01,100,0.01
500.0,83.1379,2,500,218.999483937,1.0,,77.5743,218.999483937,0.005,2.1793e-19,1.0,79.6590321704,79.6590321704,79.6590321704,500.0,1.0,11.9897,0.6,200.000000102,1.0,0.005,100,0.005
500.0,84.9035,2,500,17.3503000473,1.0,,80.3608,17.3503000473,0.00333333,5.43914e-20,1.0,88.4345614943,88.4345614943,88.4345614943,500.0,1.0,10.3825,0.6,299.999969474,1.0,0.00333333,100,0.00333333
500.0,85.0765,2,500,35.2956424412,1.0,,81.1424,35.2956424412,0.0025,5.4346e-20,1.0,85.5955495492,85.5955495492,85.5955495492,500.0,1.0,9.46953,0.6,400.0,1.0,0.0025,100,0.0025
500.0,94.1517,1,500,15.7861889674,0.121073,1321.76,88.8921,15.7861889674,3.72059e-05,0.00012482,238.083,87.3349122417,87.3349122417,87.3349122417,223.792390351,6.50827,4.43461,0.6,15.555761131,2.23421,0.0731632,100,0.002
500.0,86.7656,2,500,29.854575868,1.0,,79.1197,29.854575868,0.01,3.50449e-18,1.0,86.7655965758,86.7655965758,86.7655965758,500.0,1.0,5.43655,0.6,100.0,1.0,0.01,100,0.01
500.0,86.0349,2,500,33.4755691776,1.0,,80.6044,33.4755691776,0.005,2.1793e-19,1.0,85.3042360906,85.3042360906,85.3042360906,500.0,1.0,5.64644,0.6,200.000000102,1.0,0.005,100,0.005
500.0,85.9159,2,500,44.7479734717,1.0,,81.413,44.7479734717,0.00333333,5.43914e-20,1.0,85.677939078,85.677939078,85.677939078,500.0,1.0,6.00417,0.6,299.999969474,1.0,0.00333333,100,0.00333333
500.0,87.1889,2,500,18.6025956097,1.0,,83.2068,18.6025956097,0.0025,5.4346e-20,1.0,91.0078471603,91.0078471603,91.0078471603,500.0,1.0,6.04178,0.6,400.0,1.0,0.0025,100,0.0025
500.0,94.866,1,500,22.9663698614,0.0682081,1571.44,89.7615,22.9663698614,2.14906e-05,0.000155999,283.532,88.2530826488,88.2530826488,88.2530826488,243.433262971,6.34772,4.23757,0.6,12.5245007326,2.05395,0.0893335,100,0.002
500.0,89.6801,2,500,42.7614000593,1.0,,81.5605,42.7614000593,0.01,3.50449e-18,1.0,89.6801395624,89.6801395624,89.6801395624,500.0,1.0,6.50644,0.6,100.0,1.0,0.01,100,0.01
500.0,88.0723,2,500,111.757525857,1.0,,82.3308,111.757525857,0.005,2.1793e-19,1.0,86.464393358,86.464393358,86.464393358,500.0,1.0,8.89225,0.6,200.000000102,1.0,0.005,100,0.005
500.0,86.6773,2,500,106.965047969,1.0,,81.9895,106.965047969,0.00333333,5.43914e-20,1.0,83.8874469435,83.8874469435,83.8874469435,500.0,1.0,9.58671,0.6,299.999969474,1.0,0.00333333,100,0.00333333
500.0,86.5322,2,500,37.7369103366,1.0,,82.4723,37.7369103366,0.0025,5.4346e-20,1.0,86.0967355186,86.0967355186,86.0967355186,500.0,1.0,8.85052,0.6,400.0,1.0,0.0025,100,0.0025
500.0,92.145,1,500,10.6042501573,0.00109809,4.78477,87.3565,10.6042501573,1.65882e-06,1.09191e-05,13.5375,87.1942486305,87.1942486305,87.1942486305,287.531405765,1.32394,6.44087,0.6,134.253183901,1.73894,0.0204503,100,0.002
500.0,92.9796,2,500,7.05012383677,1.0,,85.1603,7.05012383677,0.01,3.50449e-18,1.0,92.9796094111,92.9796094111,92.9796094111,500.0,1.0,2.6419,0.6,100.0,1.0,0.01,100,0.01
500.0,92.0938,2,500,21.8450143828,1.0,,86.4714,21.8450143828,0.005,2.1793e-19,1.0,91.2079433706,91.2079433706,91.2079433706,500.0,1.0,3.8843,0.6,200.000000102,1.0,0.005,100,0.005
500.0,90.68,2,500,47.2930428282,1.0,,86.0894,47.2930428282,0.00333333,5.43914e-20,1.0,87.8525072861,87.8525072861,87.8525072861,500.0,1.0,5.44634,0.6,299.999969474,1.0,0.00333333,100,0.00333333
500.0,90.4163,2,500,44.0271340298,1.0,,86.4407,44.0271340298,0.0025,5.4346e-20,1.0,89.6249682875,89.6249682875,89.6249682875,500.0,1.0,5.77516,0.6,400.0,1.0,0.0025,100,0.0025
500.0,90.7522,1,500,15.5286241575,1.0,,87.1635,15.5286241575,0.002,5.43187e-20,1.0,92.0958986451,92.0958986451,92.0958986451,500.0,1.0,5.49618,0.6,500.000006643,1.0,0.002,100,0.002
500.0,89.6486,2,500,41.2033848627,1.0,,81.7384,41.2033848627,0.01,3.50449e-18,1.0,89.6485670811,89.6485670811,89.6485670811,500.0,1.0,6.38681,0.6,100.0,1.0,0.01,100,0.01
500.0,87.697,2,500,50.4256128588,1.0,,82.1036,50.4256128588,0.005,2.1793e-19,1.0,85.7453684239,85.7453684239,85.7453684239,500.0,1.0,7.01178,0.6,200.000000102,1.0,0.005,100,0.005
500.0,87.5882,2,500,32.3097493845,1.0,,83.0212,32.3097493845,0.00333333,5.43914e-20,1.0,87.3704877868,87.3704877868,87.3704877868,500.0,1.0,6.59262,0.6,299.999969474,1.0,0.00333333,100,0.00333333
500.0,87.5243,2,500,33.4569248437,1.0,,83.5692,33.4569248437,0.0025,5.4346e-20,1.0,87.3328033242,87.3328033242,87.3328033242,500.0,1.0,6.39451,0.6,400.0,1.0,0.0025,100,0.0025
500.0,87.7844,1,500,12.1155419658,0.999988,1.38632e-11,84.2468,12.1155419658,0.00199998,5.55466e-17,1.00001,88.8245339897,88.8245339897,88.8245339897,500.0,1.0,5.9482,0.6,500.000177241,1.0,0.00200001,100,0.002
500.0,89.602,2,500,19.2961451759,1.0,,81.6059,19.2961451759,0.01,3.50449e-18,1.0,89.6019628236,89.6019628236,89.6019628236,500.0,1.0,4.37072,0.6,100.0,1.0,0.01,100,0.01
500.0,88.0822,2,500,53.6397941794,1.0,,82.4281,53.6397941794,0.005,2.1793e-19,1.0,86.562445414,86.562445414,86.562445414,500.0,1.0,6.19782,0.6,200.000000102,1.0,0.005,100,0.005
500.0,88.9917,2,500,11.4549352676,1.0,,84.3751,11.4549352676,0.00333333,5.43914e-20,1.0,90.8105283678,90.8105283678,90.8105283678,500.0,1.0,5.57162,0.6,299.999969474,1.0,0.00333333,100,0.00333333
500.0,89.1829,2,500,12.2242623324,1.0,,85.1848,12.2242623324,0.0025,5.4346e-20,1.0,89.756593027,89.756593027,89.756593027,500.0,1.0,5.13979,0.6,400.0,1.0,0.0025,100,0.0025
500.0,89.3284,1,500,18.4237139195,1.0,,85.7524,18.4237139195,0.002,5.43187e-20,1.0,89.9102030402,89.9102030402,89.9102030402,500.0,1.0,4.98663,0.6,500.000006643,1.0,0.002,100,0.002
500.0,90.2008,2,500,17.2665582114,1.0,,82.2811,17.2665582114,0.01,3.50449e-18,1.0,90.2008077743,90.2008077743,90.2008077743,500.0,1.0,4.13447,0.6,100.0,1.0,0.01,100,0.01
500.0,90.849,2,500,9.52574471408,1.0,,85.249,9.52574471408,0.005,2.1793e-19,1.0,91.4972787973,91.4972787973,91.4972787973,500.0,1.0,3.69897,0.6,200.000000102,1.0,0.005,100,0.005
500.0,90.5898,2,500,12.5872485416,1.0,,86.0174,12.5872485416,0.00333333,5.43914e-20,1.0,90.071277692,90.071277692,90.071277692,500.0,1.0,3.66194,0.6,299.999969474,1.0,0.00333333,100,0.00333333
500.0,90.8036,2,500,14.9197658923,1.0,,86.8396,14.9197658923,0.0025,5.4346e-20,1.0,91.444863774,91.444863774,91.444863774,500.0,1.0,3.72654,0.6,400.0,1.0,0.0025,100,0.0025
500.0,90.142,1,500,30.0378358906,1.0,,86.5966,30.0378358906,0.002,5.43187e-20,1.0,87.4959442163,87.4959442163,87.4959442163,500.0,1.0,4.33677,0.6,500.000006643,1.0,0.002,100,0.002
500.0,89.2197,2,500,30.2095879388,1.0,,81.3543,30.2095879388,0.01,3.50449e-18,1.0,89.2196781292,89.2196781292,89.2196781292,500.0,1.0,5.46877,0.6,100.0,1.0,0.01,100,0.01
500.0,88.3713,2,500,20.9860705964,1.0,,82.8096,20.9860705964,0.005,2.1793e-19,1.0,87.5229863919,87.5229863919,87.5229863919,500.0,1.0,5.10505,0.6,200.000000102,1.0,0.005,100,0.005
500.0,88.4666,2,500,52.2943775299,1.0,,83.9255,52.2943775299,0.00333333,5.43914e-20,1.0,88.657128709,88.657128709,88.657128709,500.0,1.0,5.8864,0.6,299.999969474,1.0,0.00333333,100,0.00333333
500.0,88.103,2,500,46.5970508833,1.0,,84.1703,46.5970508833,0.0025,5.4346e-20,1.0,87.0122318604,87.0122318604,87.0122318604,500.0,1.0,6.15765,0.6,400.0,1.0,0.0025,100,0.0025
500.0,88.2222,1,500,11.5923612072,1.0,,84.7047,11.5923612072,0.002,5.43187e-20,1.0,88.698939827,88.698939827,88.698939827,500.0,1.0,5.71711,0.6,500.000006643,1.0,0.002,100,0.002
500.0,86.644,2,500,102.154867503,1.0,,78.8607,102.154867503,0.01,3.50449e-18,1.0,86.6439536261,86.6439536261,86.6439536261,500.0,1.0,10.0565,0.6,100.0,1.0,0.01,100,0.01
500.0,88.9607,2,500,22.3830388316,1.0,,83.2675,22.3830388316,0.005,2.1793e-19,1.0,91.2775092917,91.2775092917,91.2775092917,500.0,1.0,8.18619,0.6,200.000000102,1.0,0.005,100,0.005
500.0,88.3742,2,500,63.0234082483,1.0,,83.7257,63.0234082483,0.00333333,5.43914e-20,1.0,87.2010562268,87.2010562268,87.2010562268,500.0,1.0,8.13398,0.6,299.999969474,1.0,0.00333333,100,0.00333333
500.0,88.7333,2,500,19.1066992299,1.0,,84.7075,19.1066992299,0.0025,5.4346e-20,1.0,89.8104347634,89.8104347634,89.8104347634,500.0,1.0,7.39844,0.6,400.0,1.0,0.0025,100,0.0025
500.0,88.9702,1,500,20.4202825503,1.0,,85.3694,20.4202825503,0.002,5.43187e-20,1.0,89.9177904685,89.9177904685,89.9177904685,500.0,1.0,6.93233,0.6,500.000006643,1.0,0.002,100,0.002
500.0,92.9931,2,500,10.322350506,1.0,,84.8753,10.322350506,0.01,3.50449e-18,1.0,92.993145102,92.993145102,92.993145102,500.0,1.0,3.19674,0.6,100.0,1.0,0.01,100,0.01
500.0,90.423,2,500,19.2512929958,1.0,,84.6828,19.2512929958,0.005,2.1793e-19,1.0,87.8528250877,87.8528250877,87.8528250877,500.0,1.0,4.6092,0.6,200.000000102,1.0,0.005,100,0.005
500.0,89.7263,2,500,20.2209214709,1.0,,85.0395,20.2209214709,0.00333333,5.43914e-20,1.0,88.3330269127,88.3330269127,88.3330269127,500.0,1.0,4.66976,0.6,299.999969474,1.0,0.00333333,100,0.00333333
500.0,89.5642,2,500,18.0691413655,1.0,,85.5053,18.0691413655,0.0025,5.4346e-20,1.0,89.0778447275,89.0778447275,89.0778447275,500.0,1.0,4.5723,0.6,400.0,1.0,0.0025,100,0.0025
500.0,89.3891,1,500,18.3456205238,1.0,,85.7587,18.3456205238,0.002,5.43187e-20,1.0,88.6884880362,88.6884880362,88.6884880362,500.0,1.0,4.52547,0.6,500.000006643,1.0,0.002,100,0.002
500.0,91.1454,2,500,10.8838067724,1.0,,83.2053,10.8838067724,0.01,3.50449e-18,1.0,91.1454072938,91.1454072938,91.1454072938,500.0,1.0,3.28253,0.6,100.0,1.0,0.01,100,0.01
500.0,89.4899,2,500,12.2971954242,1.0,,83.8754,12.2971954242,0.005,2.1793e-19,1.0,87.8343519883,87.8343519883,87.8343519883,500.0,1.0,3.77033,0.6,200.000000102,1.0,0.005,100,0.005
500.0,88.7051,2,500,18.092247658,1.0,,84.1209,18.092247658,0.00333333,5.43914e-20,1.0,87.1356244124,87.1356244124,87.1356244124,500.0,1.0,4.084,0.6,299.999969474,1.0,0.00333333,100,0.00333333
500.0,89.3651,2,500,25.9567781993,1.0,,85.395,25.9567781993,0.0025,5.4346e-20,1.0,91.3449016429,91.3449016429,91.3449016429,500.0,1.0,4.49891,0.6,400.0,1.0,0.0025,100,0.0025
500.0,89.5654,1,500,21.6846047202,0.999994,4.43309e-12,86.0145,21.6846047202,0.00199999,1.75704e-17,1.0,90.3664539307,90.3664539307,90.3664539307,500.0,1.0,4.5438,0.6,499.999847801,1.0,0.00200001,100,0.002
500.0,90.6408,2,500,20.2671227184,1.0,,82.8129,20.2671227184,0.01,3.50449e-18,1.0,90.6407676363,90.6407676363,90.6407676363,500.0,1.0,4.47934,0.6,100.0,1.0,0.01,100,0.01
500.0,89.1715,2,500,46.2452152821,1.0,,83.6363,46.2452152821,0.005,2.1793e-19,1.0,87.7021473631,87.7021473631,87.7021473631,500.0,1.0,5.92305,0.6,200.000000102,1.0,0.005,100,0.005
500.0,88.6834,2,500,31.3715154845,1.0,,84.1639,31.3715154845,0.00333333,5.43914e-20,1.0,87.7072196485,87.7072196485,87.7072196485,500.0,1.0,5.84956,0.6,299.999969474,1.0,0.00333333,100,0.00333333
500.0,88.5228,2,500,21.266561896,1.0,,84.602,21.266561896,0.0025,5.4346e-20,1.0,88.0411354743,88.0411354743,88.0411354743,500.0,1.0,5.56811,0.6,400.0,1.0,0.0025,100,0.0025
500.0,88.8422,1,500,9.06440648913,1.0,,85.3354,9.06440648913,0.002,5.43187e-20,1.0,90.1199375107,90.1199375107,90.1199375107,500.0,1.0,5.19672,0.6,500.000006643,1.0,0.002,100,0.002
500.0,89.8756,2,500,15.3597856853,1.0,,82.126,15.3597856853,0.01,3.50449e-18,1.0,89.8756019885,89.8756019885,89.8756019885,500.0,1.0,3.89951,0.6,100.0,1.0,0.01,100,0.01
500.0,90.2476,2,500,28.0250239336,1.0,,84.5934,28.0250239336,0.005,2.1793e-19,1.0,90.6196352088,90.6196352088,90.6196352088,500.0,1.0,4.64907,0.6,200.000000102,1.0,0.005,100,0.005
500.0,89.7686,2,500,16.5318500944,1.0,,85.1519,16.5318500944,0.00333333,5.43914e-20,1.0,88.8106092197,88.8106092197,88.8106092197,500.0,1.0,4.50818,0.6,299.999969474,1.0,0.00333333,100,0.00333333
500.0,89.697,2,500,50.3725921906,1.0,,85.6758,50.3725921906,0.0025,5.4346e-20,1.0,89.4823496266,89.4823496266,89.4823496266,500.0,1.0,5.26548,0.6,400.0,1.0,0.0025,100,0.0025
500.0,89.2324,1,500,23.4651285215,1.0,,85.6357,23.4651285215,0.002,5.43187e-20,1.0,87.3739017603,87.3739017603,87.3739017603,500.0,1.0,5.26212,0.6,500.000006643,1.0,0.002,100,0.002
500.0,89.04,2,500,9.0531369049,1.0,,81.4574,9.0531369049,0.01,3.50449e-18,1.0,89.0400272045,89.0400272045,89.0400272045,500.0,1.0,2.99376,0.6,100.0,1.0,0.01,100,0.01
500.0,87.2874,2,500,106.992413125,1.0,,81.9257,106.992413125,0.005,2.1793e-19,1.0,85.5348408452,85.5348408452,85.5348408452,500.0,1.0,7.77908,0.6,200.000000102,1.0,0.005,100,0.005
500.0,88.1044,2,500,38.6855114204,1.0,,83.524,38.6855114204,0.00333333,5.43914e-20,1.0,89.7381780768,89.7381780768,89.7381780768,500.0,1.0,7.3786,0.6,299.999969474,1.0,0.00333333,100,0.00333333
500.0,87.8713,2,500,78.4504137108,1.0,,83.9046,78.4504137108,0.0025,5.4346e-20,1.0,87.1721601024,87.1721601024,87.1721601024,500.0,1.0,7.77253,0.6,400.0,1.0,0.0025,100,0.0025
500.0,87.1625,1,500,77.0794844566,1.0,,83.6146,77.0794844566,0.002,5.43187e-20,1.0,84.3273722417,84.3273722417,84.3273722417,500.0,1.0,8.09944,0.6,500.000006643,1.0,0.002,100,0.002
500.0,90.6562,2,500,30.2058266869,1.0,,82.6662,30.2058266869,0.01,3.50449e-18,1.0,90.6561709969,90.6561709969,90.6561709969,500.0,1.0,5.46843,0.6,100.0,1.0,0.01,100,0.01
500.0,88.5435,2,500,48.3222617114,1.0,,82.8938,48.3222617114,0.005,2.1793e-19,1.0,86.4309149321,86.4309149321,86.4309149321,500.0,1.0,6.5829,0.6,200.000000102,1.0,0.005,100,0.005
500.0,88.4383,2,500,35.7100144505,1.0,,83.8238,35.7100144505,0.00333333,5.43914e-20,1.0,88.2277803188,88.2277803188,88.2277803188,500.0,1.0,6.37936,0.6,299.999969474,1.0,0.00333333,100,0.00333333
500.0,89.0056,2,500,15.7010587741,1.0,,85.0094,15.7010587741,0.0025,5.4346e-20,1.0,90.7076761381,90.7076761381,90.7076761381,500.0,1.0,5.94759,0.6,400.0,1.0,0.0025,100,0.0025
500.0,88.2749,1,500,50.3741525448,0.999991,5.04709e-12,84.7005,50.3741525448,0.00199998,2.01681e-17,1.0,85.3518080446,85.3518080446,85.3518080446,499.996185332,1.0,6.35681,0.6,500.00034784,1.00001,0.00200001,100,0.002
500.0,88.7297,2,500,33.5536784953,1.0,,80.7479,33.5536784953,0.01,3.50449e-18,1.0,88.7297232517,88.7297232517,88.7297232517,500.0,1.0,5.76352,0.6,100.0,1.0,0.01,100,0.01
500.0,89.5565,2,500,10.367805111,1.0,,83.9125,10.367805111,0.005,2.1793e-19,1.0,90.3832851827,90.3832851827,90.3832851827,500.0,1.0,4.73547,0.6,200.000000102,1.0,0.005,100,0.005
500.0,89.9277,2,500,16.4354705388,1.0,,85.2657,16.4354705388,0.00333333,5.43914e-20,1.0,90.669938118,90.669938118,90.669938118,500.0,1.0,4.54412,0.6,299.999969474,1.0,0.00333333,100,0.00333333
500.0,89.6405,2,500,50.3427363451,1.0,,85.6032,50.3427363451,0.0025,5.4346e-20,1.0,88.7791148728,88.7791148728,88.7791148728,500.0,1.0,5.30979,0.6,400.0,1.0,0.0025,100,0.0025
500.0,89.5021,1,500,27.0957534471,1.0,,85.891,27.0957534471,0.002,5.43187e-20,1.0,88.9484498156,88.9484498156,88.9484498156,500.0,1.0,5.29119,0.6,500.000006643,1.0,0.002,100,0.002
500.0,88.8586,2,500,54.5337326739,1.0,,81.1255,54.5337326739,0.01,3.50449e-18,1.0,88.8586136039,88.8586136039,88.8586136039,500.0,1.0,7.34768,0.6,100.0,1.0,0.01,100,0.01
500.0,90.4035,2,500,15.9090448109,1.0,,84.7732,15.9090448109,0.005,2.1793e-19,1.0,91.9484158265,91.9484158265,91.9484158265,500.0,1.0,6.10376,0.6,200.000000102,1.0,0.005,100,0.005
500.0,90.6457,2,500,24.1487986685,1.0,,86.0486,24.1487986685,0.00333333,5.43914e-20,1.0,91.1300022819,91.1300022819,91.1300022819,500.0,1.0,5.73791,0.6,299.999969474,1.0,0.00333333,100,0.00333333
500.0,90.087,2,500,6.19170346321,1.0,,86.1058,6.19170346321,0.0025,5.4346e-20,1.0,88.4108062642,88.4108062642,88.4108062642,500.0,1.0,5.21169,0.6,400.0,1.0,0.0025,100,0.0025
500.0,90.136,1,500,35.0569102245,0.999999,1.22131e-13,86.5751,35.0569102245,0.002,5.72954e-19,1.0,90.3325490291,90.3325490291,90.3325490291,500.0,1.0,5.35539,0.6,499.999945607,1.0,0.002,100,0.002
500.0,86.6127,2,500,90.0994866535,1.0,,78.7627,90.0994866535,0.01,3.50449e-18,1.0,86.6126653965,86.6126653965,86.6126653965,500.0,1.0,9.44449,0.6,100.0,1.0,0.01,100,0.01
500.0,86.0251,2,500,37.6321595073,1.0,,80.4004,37.6321595073,0.005,2.1793e-19,1.0,85.4375551381,85.4375551381,85.4375551381,500.0,1.0,7.97323,0.6,200.000000102,1.0,0.005,100,0.005
500.0,87.9587,2,500,6.73796002305,1.0,,83.3661,6.73796002305,0.00333333,5.43914e-20,1.0,91.8259214129,91.8259214129,91.8259214129,500.0,1.0,7.21684,0.6,299.999969474,1.0,0.00333333,100,0.00333333
500.0,88.0435,2,500,36.4787443916,1.0,,84.0662,36.4787443916,0.0025,5.4346e-20,1.0,88.2976474459,88.2976474459,88.2976474459,500.0,1.0,6.93629,0.6,400.0,1.0,0.0025,100,0.0025
500.0,88.0739,1,500,81.8555987445,1.0,,84.5165,81.8555987445,0.002,5.43187e-20,1.0,88.1957536586,88.1957536586,88.1957536586,500.0,1.0,7.396,0.6,500.000006643,1.0,0.002,100,0.002
500.0,89.7538,2,500,68.1312200874,1.0,,81.7858,68.1312200874,0.01,3.50449e-18,1.0,89.7538296996,89.7538296996,89.7538296996,500.0,1.0,8.21279,0.6,100.0,1.0,0.01,100,0.01
500.0,88.3126,2,500,57.5157310843,1.0,,82.6783,57.5157310843,0.005,2.1793e-19,1.0,86.8713200143,86.8713200143,86.8713200143,500.0,1.0,8.01701,0.6,200.000000102,1.0,0.005,100,0.005
500.0,87.7797,2,500,31.0712449375,1.0,,83.1794,31.0712449375,0.00333333,5.43914e-20,1.0,86.7139390908,86.7139390908,86.7139390908,500.0,1.0,7.32596,0.6,299.999969474,1.0,0.00333333,100,0.00333333
500.0,88.4366,2,500,10.2929294769,1.0,,84.4526,10.2929294769,0.0025,5.4346e-20,1.0,90.4073798802,90.4073798802,90.4073798802,500.0,1.0,6.64036,0.6,400.0,1.0,0.0025,100,0.0025
500.0,89.1073,1,500,19.8083526324,1.0,,85.5439,19.8083526324,0.002,5.43187e-20,1.0,91.7899868362,91.7899868362,91.7899868362,500.0,1.0,6.40288,0.6,500.000006643,1.0,0.002,100,0.002
500.0,91.6207,2,500,25.3498891353,1.0,,83.5937,25.3498891353,0.01,3.50449e-18,1.0,91.6206538949,91.6206538949,91.6206538949,500.0,1.0,5.00963,0.6,100.0,1.0,0.01,100,0.01
500.0,90.9063,2,500,26.8937884338,1.0,,85.2304,26.8937884338,0.005,2.1793e-19,1.0,90.1920473572,90.1920473572,90.1920473572,500.0,1.0,5.13526,0.6,200.000000102,1.0,0.005,100,0.005
500.0,91.0467,2,500,18.9791831262,1.0,,86.4082,18.9791831262,0.00333333,5.43914e-20,1.0,91.3274106778,91.3274106778,91.3274106778,500.0,1.0,4.88703,0.6,299.999969474,1.0,0.00333333,100,0.00333333
500.0,90.4876,2,500,11.4417728927,1.0,,86.4706,11.4417728927,0.0025,5.4346e-20,1.0,88.8102161918,88.8102161918,88.8102161918,500.0,1.0,4.6564,0.6,400.0,1.0,0.0025,100,0.0025
500.0,90.2011,1,500,18.6892687821,1.0,,86.6082,18.6892687821,0.002,5.43187e-20,1.0,89.0552063862,89.0552063862,89.0552063862,500.0,1.0,4.62324,0.6,500.000006643,1.0,0.002,100,0.002
500.0,92.3284,2,500,14.0390733235,1.0,,84.4008,14.0390733235,0.01,3.50449e-18,1.0,92.3283980855,92.3283980855,92.3283980855,500.0,1.0,3.72809,0.6,100.0,1.0,0.01,100,0.01
500.0,92.1651,2,500,9.9681499945,1.0,,86.5595,9.9681499945,0.005,2.1793e-19,1.0,92.0018601824,92.0018601824,92.0018601824,500.0,1.0,3.45112,0.6,200.000000102,1.0,0.005,100,0.005
500.0,92.2709,2,500,5.432056854,1.0,,87.6939,5.432056854,0.00333333,5.43914e-20,1.0,92.4824058186,92.4824058186,92.4824058186,500.0,1.0,3.12332,0.6,299.999969474,1.0,0.00333333,100,0.00333333
500.0,92.0489,2,500,19.2827201723,1.0,,88.069,19.2827201723,0.0025,5.4346e-20,1.0,91.3831026952,91.3831026952,91.3831026952,500.0,1.0,3.49808,0.6,400.0,1.0,0.0025,100,0.0025
500.0,91.1626,1,500,154.558895295,1.0,,87.5275,154.558895295,0.002,5.43187e-20,1.0,87.6171423043,87.6171423043,87.6171423043,500.0,1.0,6.59807,0.6,500.000006643,1.0,0.002,100,0.002
500.0,88.2245,2,500,70.992277059,1.0,,80.4247,70.992277059,0.01,3.50449e-18,1.0,88.2245254584,88.2245254584,88.2245254584,500.0,1.0,8.38346,0.6,100.0,1.0,0.01,100,0.01
500.0,90.0254,2,500,31.1774758409,1.0,,84.3554,31.1774758409,0.005,2.1793e-19,1.0,91.8261996743,91.8261996743,91.8261996743,500.0,1.0,7.33601,0.6,200.000000102,1.0,0.005,100,0.005
500.0,89.8268,2,500,21.7263537944,1.0,,85.1973,21.7263537944,0.00333333,5.43914e-20,1.0,89.4295531296,89.4295531296,89.4295531296,500.0,1.0,6.56709,0.6,299.999969474,1.0,0.00333333,100,0.00333333
500.0,89.5485,2,500,45.9209424125,1.0,,85.5393,45.9209424125,0.0025,5.4346e-20,1.0,88.7137724697,88.7137724697,88.7137724697,500.0,1.0,6.62893,0.6,400.0,1.0,0.0025,100,0.0025
500.0,88.8681,1,500,43.991399263,1.0,,85.2821,43.991399263,0.002,5.43187e-20,1.0,86.1464576091,86.1464576091,86.1464576091,500.0,1.0,6.76138,0.6,500.000006643,1.0,0.002,100,0.002
500.0,90.7846,2,500,5.01685389327,1.0,,83.1285,5.01685389327,0.01,3.50449e-18,1.0,90.7845506819,90.7845506819,90.7845506819,500.0,1.0,2.22861,0.6,100.0,1.0,0.01,100,0.01
500.0,89.6727,2,500,67.2735499324,1.0,,84.0616,67.2735499324,0.005,2.1793e-19,1.0,88.560919788,88.560919788,88.560919788,500.0,1.0,6.0844,0.6,200.000000102,1.0,0.005,100,0.005
500.0,89.7481,2,500,5.37100447806,1.0,,85.1666,5.37100447806,0.00333333,5.43914e-20,1.0,89.8987902213,89.8987902213,89.8987902213,500.0,1.0,5.14429,0.6,299.999969474,1.0,0.00333333,100,0.00333333
500.0,88.2049,2,500,119.514659036,1.0,,84.2372,119.514659036,0.0025,5.4346e-20,1.0,83.5751522784,83.5751522784,83.5751522784,500.0,1.0,7.52146,0.6,400.0,1.0,0.0025,100,0.0025
500.0,88.0298,1,500,31.6953968734,0.999998,4.41334e-13,84.3792,31.6953968734,0.002,1.84466e-18,1.0,87.3297042882,87.3297042882,87.3297042882,500.0,1.0,7.18721,0.6,499.999969872,1.0,0.002,100,0.002
500.0,90.1833,2,500,26.4532753676,1.0,,82.187,26.4532753676,0.01,3.50449e-18,1.0,90.1833464325,90.1833464325,90.1833464325,500.0,1.0,5.11749,0.6,100.0,1.0,0.01,100,0.01
500.0,90.1304,2,500,36.459258455,1.0,,84.4762,36.459258455,0.005,2.1793e-19,1.0,90.0774313209,90.0774313209,90.0774313209,500.0,1.0,5.58073,0.6,200.000000102,1.0,0.005,100,0.005
500.0,89.7908,2,500,43.1517521491,1.0,,85.0864,43.1517521491,0.00333333,5.43914e-20,1.0,89.1114885797,89.1114885797,89.1114885797,500.0,1.0,5.93581,0.6,299.999969474,1.0,0.00333333,100,0.00333333
500.0,90.2324,2,500,26.8970248607,1.0,,86.1583,26.8970248607,0.0025,5.4346e-20,1.0,91.5575035542,91.5575035542,91.5575035542,500.0,1.0,5.80238,0.6,400.0,1.0,0.0025,100,0.0025
500.0,90.3291,1,500,13.0276481161,1.0,,86.6851,13.0276481161,0.002,5.43187e-20,1.0,90.7156023547,90.7156023547,90.7156023547,500.0,1.0,5.43608,0.6,500.000006643,1.0,0.002,100,0.002
500.0,93.6048,2,500,9.35319284384,1.0,,85.5906,9.35319284384,0.01,3.50449e-18,1.0,93.6047956927,93.6047956927,93.6047956927,500.0,1.0,3.04297,0.6,100.0,1.0,0.01,100,0.01
500.0,89.3925,2,500,53.6020789622,1.0,,83.7256,53.6020789622,0.005,2.1793e-19,1.0,85.1801572768,85.1801572768,85.1801572768,500.0,1.0,6.99332,0.6,200.000000102,1.0,0.005,100,0.005
500.0,88.0071,2,500,70.2773246377,1.0,,83.3802,70.2773246377,0.00333333,5.43914e-20,1.0,85.2364688284,85.2364688284,85.2364688284,500.0,1.0,7.72232,0.6,299.999969474,1.0,0.00333333,100,0.00333333
500.0,88.0499,2,500,46.3348780171,1.0,,84.0428,46.3348780171,0.0025,5.4346e-20,1.0,88.1780514596,88.1780514596,88.1780514596,500.0,1.0,7.4966,0.6,400.0,1.0,0.0025,100,0.0025
500.0,88.5963,1,500,19.4764454469,1.0,,85.0123,19.4764454469,0.002,5.43187e-20,1.0,90.7820444495,90.7820444495,90.7820444495,500.0,1.0,7.07177,0.6,500.000006643,1.0,0.002,100,0.002
500.0,88.3849,2,500,26.4432009204,1.0,,80.6181,26.4432009204,0.01,3.50449e-18,1.0,88.3849053444,88.3849053444,88.3849053444,500.0,1.0,5.11652,0.6,100.0,1.0,0.01,100,0.01
500.0,88.9961,2,500,18.4762753024,1.0,,83.3644,18.4762753024,0.005,2.1793e-19,1.0,89.6072621513,89.6072621513,89.6072621513,500.0,1.0,4.75486,0.6,200.000000102,1.0,0.005,100,0.005
500.0,87.6779,2,500,34.5097463736,1.0,,83.0796,34.5097463736,0.00333333,5.43914e-20,1.0,85.0415331254,85.0415331254,85.0415331254,500.0,1.0,5.47137,0.6,299.999969474,1.0,0.00333333,100,0.00333333
500.0,89.0599,2,500,9.88495325032,1.0,,85.038,9.88495325032,0.0025,5.4346e-20,1.0,93.2059115971,93.2059115971,93.2059115971,500.0,1.0,5.53428,0.6,400.0,1.0,0.0025,100,0.0025
500.0,88.7211,1,500,50.7904370989,1.0,,85.1238,50.7904370989,0.002,5.43187e-20,1.0,87.3662024925,87.3662024925,87.3662024925,500.0,1.0,5.91761,0.6,500.000006643,1.0,0.002,100,0.002
500.0,87.6367,2,500,102.451852965,1.0,,79.7998,102.451852965,0.01,3.50449e-18,1.0,87.6367103067,87.6367103067,87.6367103067,500.0,1.0,10.0711,0.6,100.0,1.0,0.01,100,0.01
500.0,89.169,2,500,46.2177039651,1.0,,83.4624,46.2177039651,0.005,2.1793e-19,1.0,90.7012648119,90.7012648119,90.7012648119,500.0,1.0,8.71432,0.6,200.000000102,1.0,0.005,100,0.005
500.0,88.7438,2,500,27.9383307266,1.0,,84.0844,27.9383307266,0.00333333,5.43914e-20,1.0,87.8935128974,87.8935128974,87.8935128974,500.0,1.0,7.75934,0.6,299.999969474,1.0,0.00333333,100,0.00333333
500.0,88.9245,2,500,18.8338895685,1.0,,84.8893,18.8338895685,0.0025,5.4346e-20,1.0,89.4662299564,89.4662299564,89.4662299564,500.0,1.0,7.06504,0.6,400.0,1.0,0.0025,100,0.0025
500.0,89.084,1,500,17.048129534,1.0,,85.4748,17.048129534,0.002,5.43187e-20,1.0,89.7221554926,89.7221554926,89.7221554926,500.0,1.0,6.58856,0.6,500.000006643,1.0,0.002,100,0.002
500.0,88.7602,2,500,19.2248162199,1.0,,81.0431,19.2248162199,0.01,3.50449e-18,1.0,88.7601796396,88.7601796396,88.7601796396,500.0,1.0,4.36263,0.6,100.0,1.0,0.01,100,0.01
500.0,88.7817,2,500,16.5435592318,1.0,,83.2226,16.5435592318,0.005,2.1793e-19,1.0,88.803224112,88.803224112,88.803224112,500.0,1.0,4.20783,0.6,200.000000102,1.0,0.005,100,0.005
500.0,88.055,2,500,114.093063545,1.0,,83.5118,114.093063545,0.00333333,5.43914e-20,1.0,86.6015721773,86.6015721773,86.6015721773,500.0,1.0,7.10709,0.6,299.999969474,1.0,0.00333333,100,0.00333333
500.0,88.5505,2,500,19.4538277529,1.0,,84.6159,19.4538277529,0.0025,5.4346e-20,1.0,90.036948626,90.036948626,90.036948626,500.0,1.0,6.59048,0.6,400.0,1.0,0.0025,100,0.0025
500.0,88.974,1,500,9.91281638769,1.0,,85.4549,9.91281638769,0.002,5.43187e-20,1.0,90.6682330535,90.6682330535,90.6682330535,500.0,1.0,6.11783,0.6,500.000006643,1.0,0.002,100,0.002
500.0,86.8747,2,500,19.9840298339,1.0,,79.0907,19.9840298339,0.01,3.50449e-18,1.0,86.874707919,86.874707919,86.874707919,500.0,1.0,4.44794,0.6,100.0,1.0,0.01,100,0.01
500.0,87.6093,2,500,20.5877718547,1.0,,82.0696,20.5877718547,0.005,2.1793e-19,1.0,88.3438771991,88.3438771991,88.3438771991,500.0,1.0,4.54122,0.6,200.000000102,1.0,0.005,100,0.005
500.0,89.138,2,500,22.3909052117,1.0,,84.5454,22.3909052117,0.00333333,5.43914e-20,1.0,92.1955692702,92.1955692702,92.1955692702,500.0,1.0,5.08052,0.6,299.999969474,1.0,0.00333333,100,0.00333333
500.0,89.8283,2,500,4.71815428749,1.0,,85.851,4.71815428749,0.0025,5.4346e-20,1.0,91.8991959936,91.8991959936,91.8991959936,500.0,1.0,4.68572,0.6,400.0,1.0,0.0025,100,0.0025
500.0,89.5034,1,500,18.917710827,1.0,,85.9459,18.917710827,0.002,5.43187e-20,1.0,88.2036226942,88.2036226942,88.2036226942,500.0,1.0,4.66185,0.6,500.000006643,1.0,0.002,100,0.002
500.0,90.9005,2,500,16.7349031845,1.0,,82.9461,16.7349031845,0.01,3.50449e-18,1.0,90.900530736,90.900530736,90.900530736,500.0,1.0,4.07033,0.6,100.0,1.0,0.01,100,0.01
500.0,89.7009,2,500,17.5636985994,1.0,,84.0763,17.5636985994,0.005,2.1793e-19,1.0,88.5013191795,88.5013191795,88.5013191795,500.0,1.0,4.29149,0.6,200.000000102,1.0,0.005,100,0.005
500.0,88.4671,2,500,145.782049798,1.0,,83.8747,145.782049798,0.00333333,5.43914e-20,1.0,85.9996156882,85.9996156882,85.9996156882,500.0,1.0,7.96432,0.6,299.999969474,1.0,0.00333333,100,0.00333333
500.0,89.1616,2,500,7.73598177261,1.0,,85.1844,7.73598177261,0.0025,5.4346e-20,1.0,91.2448472459,91.2448472459,91.2448472459,500.0,1.0,7.13681,0.6,400.0,1.0,0.0025,100,0.0025
500.0,89.8652,1,500,13.4729545056,1.0,,86.2487,13.4729545056,0.002,5.43187e-20,1.0,92.679616212,92.679616212,92.679616212,500.0,1.0,6.73759,0.6,500.000006643,1.0,0.002,100,0.002
500.0,90.5966,2,500,13.6000001846,1.0,,82.7246,13.6000001846,0.01,3.50449e-18,1.0,90.5965760936,90.5965760936,90.5965760936,500.0,1.0,3.66933,0.6,100.0,1.0,0.01,100,0.01
500.0,89.0145,2,500,7.51532312925,1.0,,83.4482,7.51532312925,0.005,2.1793e-19,1.0,87.4324712605,87.4324712605,87.4324712605,500.0,1.0,3.5993,0.6,200.000000102,1.0,0.005,100,0.005
500.0,88.5039,2,500,31.0793416094,1.0,,83.959,31.0793416094,0.00333333,5.43914e-20,1.0,87.4826921854,87.4826921854,87.4826921854,500.0,1.0,4.40616,0.6,299.999969474,1.0,0.00333333,100,0.00333333
500.0,88.1439,2,500,43.0998379556,1.0,,84.2079,43.0998379556,0.0025,5.4346e-20,1.0,87.0639178861,87.0639178861,87.0639178861,500.0,1.0,5.0613,0.6,400.0,1.0,0.0025,100,0.0025
500.0,88.1608,1,500,34.842338139,1.0,,84.6404,34.842338139,0.002,5.43187e-20,1.0,88.2284852157,88.2284852157,88.2284852157,500.0,1.0,5.23386,0.6,500.000006643,1.0,0.002,100,0.002
500.0,89.3111,2,500,22.8310162228,1.0,,81.4186,22.8310162228,0.01,3.50449e-18,1.0,89.3111122858,89.3111122858,89.3111122858,500.0,1.0,4.75423,0.6,100.0,1.0,0.01,100,0.01
500.0,90.2124,2,500,11.4514922358,1.0,,84.5265,11.4514922358,0.005,2.1793e-19,1.0,91.1136493536,91.1136493536,91.1136493536,500.0,1.0,4.21689,0.6,200.000000102,1.0,0.005,100,0.005
500.0,89.9353,2,500,14.4503448924,1.0,,85.2928,14.4503448924,0.00333333,5.43914e-20,1.0,89.3810604576,89.3810604576,89.3810604576,500.0,1.0,4.09597,0.6,299.999969474,1.0,0.00333333,100,0.00333333
500.0,89.8476,2,500,58.6845872635,1.0,,85.827,58.6845872635,0.0025,5.4346e-20,1.0,89.5843942661,89.5843942661,89.5843942661,500.0,1.0,5.20867,0.6,400.0,1.0,0.0025,100,0.0025
500.0,89.2665,1,500,41.6837041917,1.0,,85.6704,41.6837041917,0.002,5.43187e-20,1.0,86.9423100897,86.9423100897,86.9423100897,500.0,1.0,5.59536,0.6,500.000006643,1.0,0.002,100,0.002
500.0,88.2507,2,500,33.0212924576,1.0,,80.6393,33.0212924576,0.01,3.50449e-18,1.0,88.2506698057,88.2506698057,88.2506698057,500.0,1.0,5.71761,0.6,100.0,1.0,0.01,100,0.01
500.0,87.4223,2,500,45.8727531807,1.0,,81.8943,45.8727531807,0.005,2.1793e-19,1.0,86.5939232561,86.5939232561,86.5939232561,500.0,1.0,6.30387,0.6,200.000000102,1.0,0.005,100,0.005
500.0,87.0903,2,500,40.9900889052,1.0,,82.5767,40.9900889052,0.00333333,5.43914e-20,1.0,86.4262582285,86.4262582285,86.4262582285,500.0,1.0,6.34348,0.6,299.999969474,1.0,0.00333333,100,0.00333333
500.0,88.0803,2,500,24.7203855045,1.0,,84.1402,24.7203855045,0.0025,5.4346e-20,1.0,91.05054618,91.05054618,91.05054618,500.0,1.0,6.26408,0.6,400.0,1.0,0.0025,100,0.0025
500.0,88.6624,1,500,25.0210163504,1.0,,85.0996,25.0210163504,0.002,5.43187e-20,1.0,90.9907144679,90.9907144679,90.9907144679,500.0,1.0,6.14007,0.6,500.000006643,1.0,0.002,100,0.002
500.0,90.9723,2,500,15.571568308,1.0,,83.132,15.571568308,0.01,3.50449e-18,1.0,90.9723264022,90.9723264022,90.9723264022,500.0,1.0,3.9263,0.6,100.0,1.0,0.01,100,0.01
500.0,89.7895,2,500,68.944772341,1.0,,84.1046,68.944772341,0.005,2.1793e-19,1.0,88.6066985504,88.6066985504,88.6066985504,500.0,1.0,6.57531,0.6,200.000000102,1.0,0.005,100,0.005
500.0,90.1174,2,500,29.0834252766,1.0,,85.4757,29.0834252766,0.00333333,5.43914e-20,1.0,90.7732709491,90.7732709491,90.7732709491,500.0,1.0,6.21576,0.6,299.999969474,1.0,0.00333333,100,0.00333333
500.0,90.9434,2,500,17.3315216726,1.0,,86.8135,17.3315216726,0.0025,5.4346e-20,1.0,93.4212607885,93.4212607885,93.4212607885,500.0,1.0,5.94247,0.6,400.0,1.0,0.0025,100,0.0025
500.0,90.6585,1,500,27.3114578505,1.0,,86.9646,27.3114578505,0.002,5.43187e-20,1.0,89.518907388,89.518907388,89.518907388,500.0,1.0,5.82947,0.6,500.000006643,1.0,0.002,100,0.002
500.0,88.0565,2,500,82.597073596,1.0,,80.2054,82.597073596,0.01,3.50449e-18,1.0,88.0564966137,88.0564966137,88.0564966137,500.0,1.0,9.04274,0.6,100.0,1.0,0.01,100,0.01
500.0,88.2126,2,500,11.4743953063,1.0,,82.6611,11.4743953063,0.005,2.1793e-19,1.0,88.3687660448,88.3687660448,88.3687660448,500.0,1.0,6.82567,0.6,200.000000102,1.0,0.005,100,0.005
500.0,88.4618,2,500,62.5991272929,1.0,,83.8496,62.5991272929,0.00333333,5.43914e-20,1.0,88.9601858373,88.9601858373,88.9601858373,500.0,1.0,7.20012,0.6,299.999969474,1.0,0.00333333,100,0.00333333
500.0,88.6362,2,500,49.0341886541,1.0,,84.6418,49.0341886541,0.0025,5.4346e-20,1.0,89.1592766919,89.1592766919,89.1592766919,500.0,1.0,7.14902,0.6,400.0,1.0,0.0025,100,0.0025
500.0,88.6062,1,500,50.0085489559,1.0,,85.0336,50.0085489559,0.002,5.43187e-20,1.0,88.4863294163,88.4863294163,88.4863294163,500.0,1.0,7.12685,0.6,500.000006643,1.0,0.002,100,0.002
500.0,90.3702,2,500,16.4961732516,1.0,,82.4528,16.4961732516,0.01,3.50449e-18,1.0,90.3702459675,90.3702459675,90.3702459675,500.0,1.0,4.04119,0.6,100.0,1.0,0.01,100,0.01
500.0,89.94,2,500,36.5383529926,1.0,,84.3415,36.5383529926,0.005,2.1793e-19,1.0,89.5097740674,89.5097740674,89.5097740674,500.0,1.0,5.14171,0.6,200.000000102,1.0,0.005,100,0.005
500.0,89.2868,2,500,23.8015460757,1.0,,84.7075,23.8015460757,0.00333333,5.43914e-20,1.0,87.9802516542,87.9802516542,87.9802516542,500.0,1.0,5.13155,0.6,299.999969474,1.0,0.00333333,100,0.00333333
500.0,89.668,2,500,13.490234182,1.0,,85.7022,13.490234182,0.0025,5.4346e-20,1.0,90.8116704807,90.8116704807,90.8116704807,500.0,1.0,4.8502,0.6,400.0,1.0,0.0025,100,0.0025
500.0,89.4307,1,500,8.09481640447,1.0,,85.8836,8.09481640447,0.002,5.43187e-20,1.0,88.4815139012,88.4815139012,88.4815139012,500.0,1.0,4.54396,0.6,500.000006643,1.0,0.002,100,0.002
500.0,86.1146,2,500,49.659292941,1.0,,78.3466,49.659292941,0.01,3.50449e-18,1.0,86.1146150471,86.1146150471,86.1146150471,500.0,1.0,7.01161,0.6,100.0,1.0,0.01,100,0.01
500.0,88.1806,2,500,13.622073542,1.0,,82.6756,13.622073542,0.005,2.1793e-19,1.0,90.2465863943,90.2465863943,90.2465863943,500.0,1.0,5.96595,0.6,200.000000102,1.0,0.005,100,0.005
500.0,87.1495,2,500,32.2147645426,1.0,,82.6547,32.2147645426,0.00333333,5.43914e-20,1.0,85.087321139,85.087321139,85.087321139,500.0,1.0,6.04033,0.6,299.999969474,1.0,0.00333333,100,0.00333333
500.0,87.8242,2,500,21.1326941625,1.0,,83.8892,21.1326941625,0.0025,5.4346e-20,1.0,89.8483098826,89.8483098826,89.8483098826,500.0,1.0,5.82754,0.6,400.0,1.0,0.0025,100,0.0025
500.0,88.5033,1,500,8.49896991201,1.0,,84.9837,8.49896991201,0.002,5.43187e-20,1.0,91.2195674394,91.2195674394,91.2195674394,500.0,1.0,5.54035,0.6,500.000006643,1.0,0.002,100,0.002
500.0,87.2989,2,500,40.0807676419,1.0,,79.6084,40.0807676419,0.01,3.50449e-18,1.0,87.2989408456,87.2989408456,87.2989408456,500.0,1.0,6.2992,0.6,100.0,1.0,0.01,100,0.01
500.0,89.0045,2,500,16.1679726964,1.0,,83.3076,16.1679726964,0.005,2.1793e-19,1.0,90.7100847985,90.7100847985,90.7100847985,500.0,1.0,5.54546,0.6,200.000000102,1.0,0.005,100,0.005
500.0,88.5147,2,500,30.1395887004,1.0,,83.8632,30.1395887004,0.00333333,5.43914e-20,1.0,87.5350174137,87.5350174137,87.5350174137,500.0,1.0,5.56124,0.6,299.999969474,1.0,0.00333333,100,0.00333333
500.0,88.3297,2,500,24.061263169,1.0,,84.3014,24.061263169,0.0025,5.4346e-20,1.0,87.7746499893,87.7746499893,87.7746499893,500.0,1.0,5.40864,0.6,400.0,1.0,0.0025,100,0.0025
500.0,88.6654,1,500,14.0881178936,1.0,,85.0623,14.0881178936,0.002,5.43187e-20,1.0,90.0080915513,90.0080915513,90.0080915513,500.0,1.0,5.16167,0.6,500.000006643,1.0,0.002,100,0.002
500.0,91.1831,2,500,15.1291277711,1.0,,83.1853,15.1291277711,0.01,3.50449e-18,1.0,91.1831070981,91.1831070981,91.1831070981,500.0,1.0,3.87012,0.6,100.0,1.0,0.01,100,0.01
500.0,89.7415,2,500,23.6640629008,1.0,,84.0862,23.6640629008,0.005,2.1793e-19,1.0,88.2997762798,88.2997762798,88.2997762798,500.0,1.0,4.61314,0.6,200.000000102,1.0,0.005,100,0.005
500.0,89.425,2,500,30.5923802654,1.0,,84.8075,30.5923802654,0.00333333,5.43914e-20,1.0,88.7922250542,88.7922250542,88.7922250542,500.0,1.0,4.94804,0.6,299.999969474,1.0,0.00333333,100,0.00333333
500.0,89.4873,2,500,14.1921605888,1.0,,85.4884,14.1921605888,0.0025,5.4346e-20,1.0,89.6739879789,89.6739879789,89.6739879789,500.0,1.0,4.6783,0.6,400.0,1.0,0.0025,100,0.0025
500.0,89.7513,1,500,24.9914304707,1.0,,86.1746,24.9914304707,0.002,5.43187e-20,1.0,90.8076222885,90.8076222885,90.8076222885,500.0,1.0,4.76827,0.6,500.000006643,1.0,0.002,100,0.002
500.0,87.7101,2,500,36.7803703308,1.0,,79.8703,36.7803703308,0.01,3.50449e-18,1.0,87.7101205994,87.7101205994,87.7101205994,500.0,1.0,6.03428,0.6,100.0,1.0,0.01,100,0.01
500.0,88.2954,2,500,15.7006003667,1.0,,82.7519,15.7006003667,0.005,2.1793e-19,1.0,88.8807764912,88.8807764912,88.8807764912,500.0,1.0,5.13037,0.6,200.000000102,1.0,0.005,100,0.005
500.0,88.7034,2,500,17.6496464334,1.0,,84.1771,17.6496464334,0.00333333,5.43914e-20,1.0,89.5191523815,89.5191523815,89.5191523815,500.0,1.0,4.8687,0.6,299.999969474,1.0,0.00333333,100,0.00333333
500.0,89.402,2,500,5.94165749781,1.0,,85.4821,5.94165749781,0.0025,5.4346e-20,1.0,91.4981322674,91.4981322674,91.4981322674,500.0,1.0,4.55119,0.6,400.0,1.0,0.0025,100,0.0025
500.0,89.7509,1,500,21.2117440924,1.0,,86.2004,21.2117440924,0.002,5.43187e-20,1.0,91.1463124254,91.1463124254,91.1463124254,500.0,1.0,4.61057,0.6,500.000006643,1.0,0.002,100,0.002
500.0,88.9582,2,500,15.5842690857,1.0,,81.1692,15.5842690857,0.01,3.50449e-18,1.0,88.9582368141,88.9582368141,88.9582368141,500.0,1.0,3.9279,0.6,100.0,1.0,0.01,100,0.01
500.0,90.4032,2,500,7.93132211918,1.0,,84.8275,7.93132211918,0.005,2.1793e-19,1.0,91.8481735221,91.8481735221,91.8481735221,500.0,1.0,3.70515,0.6,200.000000102,1.0,0.005,100,0.005
500.0,89.0151,2,500,27.2100163963,1.0,,84.4626,27.2100163963,0.00333333,5.43914e-20,1.0,86.238866879,86.238866879,86.238866879,500.0,1.0,4.68883,0.6,299.999969474,1.0,0.00333333,100,0.00333333
500.0,88.2886,2,500,26.6055668692,1.0,,84.346,26.6055668692,0.0025,5.4346e-20,1.0,86.1091176199,86.1091176199,86.1091176199,500.0,1.0,4.96559,0.6,400.0,1.0,0.0025,100,0.0025
500.0,87.8816,1,500,98.1446444222,1.0,,84.2915,98.1446444222,0.002,5.43187e-20,1.0,86.2533389517,86.2533389517,86.2533389517,500.0,1.0,6.3104,0.6,500.000006643,1.0,0.002,100,0.002
500.0,87.6377,2,500,38.0834057532,1.0,,79.6271,38.0834057532,0.01,3.50449e-18,1.0,87.6376666675,87.6376666675,87.6376666675,500.0,1.0,6.14024,0.6,100.0,1.0,0.01,100,0.01
500.0,87.4542,2,500,19.8855092112,1.0,,81.7899,19.8855092112,0.005,2.1793e-19,1.0,87.2708269388,87.2708269388,87.2708269388,500.0,1.0,5.35987,0.6,200.000000102,1.0,0.005,100,0.005
500.0,88.8046,2,500,30.1426428421,1.0,,84.1797,30.1426428421,0.00333333,5.43914e-20,1.0,91.5052054949,91.5052054949,91.5052054949,500.0,1.0,5.72241,0.6,299.999969474,1.0,0.00333333,100,0.00333333
500.0,88.5418,2,500,33.5633527734,1.0,,84.5365,33.5633527734,0.0025,5.4346e-20,1.0,87.7533520503,87.7533520503,87.7533520503,500.0,1.0,5.75097,0.6,400.0,1.0,0.0025,100,0.0025
500.0,87.5123,1,500,213.975129421,1.0,,83.9299,213.975129421,0.002,5.43187e-20,1.0,83.3944508807,83.3944508807,83.3944508807,500.0,1.0,8.54781,0.6,500.000006643,1.0,0.002,100,0.002
500.0,88.2475,2,500,16.1263295788,1.0,,80.5435,16.1263295788,0.01,3.50449e-18,1.0,88.2474886367,88.2474886367,88.2474886367,500.0,1.0,3.99563,0.6,100.0,1.0,0.01,100,0.01
500.0,88.6441,2,500,12.6453637301,1.0,,83.1966,12.6453637301,0.005,2.1793e-19,1.0,89.0407534152,89.0407534152,89.0407534152,500.0,1.0,3.79464,0.6,200.000000102,1.0,0.005,100,0.005
500.0,89.7396,2,500,57.0239611491,1.0,,85.0739,57.0239611491,0.00333333,5.43914e-20,1.0,91.9305980584,91.9305980584,91.9305980584,500.0,1.0,5.55136,0.6,299.999969474,1.0,0.00333333,100,0.00333333
500.0,88.3009,2,500,65.603631416,1.0,,84.2603,65.603631416,0.0025,5.4346e-20,1.0,83.9847208198,83.9847208198,83.9847208198,500.0,1.0,6.74981,0.6,400.0,1.0,0.0025,100,0.0025
500.0,88.1092,1,500,12.0808235568,1.0,,84.4952,12.0808235568,0.002,5.43187e-20,1.0,87.3426326195,87.3426326195,87.3426326195,500.0,1.0,6.24395,0.6,500.000006643,1.0,0.002,100,0.002
500.0,85.9833,2,500,16.8678030087,1.0,,78.5037,16.8678030087,0.01,3.50449e-18,1.0,85.9833292445,85.9833292445,85.9833292445,500.0,1.0,4.08646,0.6,100.0,1.0,0.01,100,0.01
500.0,87.2345,2,500,33.191965284,1.0,,81.7718,33.191965284,0.005,2.1793e-19,1.0,88.4856521236,88.4856521236,88.4856521236,500.0,1.0,5.13274,0.6,200.000000102,1.0,0.005,100,0.005
500.0,88.4221,2,500,11.9903281028,1.0,,83.855,11.9903281028,0.00333333,5.43914e-20,1.0,90.7972699623,90.7972699623,90.7972699623,500.0,1.0,4.93365,0.6,299.999969474,1.0,0.00333333,100,0.00333333
500.0,89.0565,2,500,2.04495150841,1.0,,85.1013,2.04495150841,0.0025,5.4346e-20,1.0,90.9596177425,90.9596177425,90.9596177425,500.0,1.0,4.46868,0.6,400.0,1.0,0.0025,100,0.0025
500.0,89.5065,1,500,12.4738946836,1.0,,85.9472,12.4738946836,0.002,5.43187e-20,1.0,91.3065362061,91.3065362061,91.3065362061,500.0,1.0,4.38807,0.6,500.000006643,1.0,0.002,100,0.002
500.0,91.0616,2,500,20.1646161063,1.0,,83.2526,20.1646161063,0.01,3.50449e-18,1.0,91.0616108261,91.0616108261,91.0616108261,500.0,1.0,4.46799,0.6,100.0,1.0,0.01,100,0.01
500.0,89.7568,2,500,30.8441675353,1.0,,84.2349,30.8441675353,0.005,2.1793e-19,1.0,88.4519733219,88.4519733219,88.4519733219,500.0,1.0,5.19152,0.6,200.000000102,1.0,0.005,100,0.005
500.0,89.5556,2,500,47.7150926303,1.0,,84.9441,47.7150926303,0.00333333,5.43914e-20,1.0,89.1533137893,89.1533137893,89.1533137893,500.0,1.0,5.81333,0.6,299.999969474,1.0,0.00333333,100,0.00333333
500.0,89.404,2,500,29.5131242929,1.0,,85.4103,29.5131242929,0.0025,5.4346e-20,1.0,88.9491971734,88.9491971734,88.9491971734,500.0,1.0,5.7201,0.6,400.0,1.0,0.0025,100,0.0025
500.0,89.6744,1,500,11.9474317908,1.0,,86.0554,11.9474317908,0.002,5.43187e-20,1.0,90.7555778217,90.7555778217,90.7555778217,500.0,1.0,5.36969,0.6,500.000006643,1.0,0.002,100,0.002
500.0,90.341,2,500,27.5634037329,1.0,,82.3627,27.5634037329,0.01,3.50449e-18,1.0,90.3410460771,90.3410460771,90.3410460771,500.0,1.0,5.22377,0.6,100.0,1.0,0.01,100,0.01
500.0,89.5661,2,500,40.6797170948,1.0,,83.9246,40.6797170948,0.005,2.1793e-19,1.0,88.7911147606,88.7911147606,88.7911147606,500.0,1.0,5.86352,0.6,200.000000102,1.0,0.005,100,0.005
500.0,89.0566,2,500,39.8622391818,1.0,,84.4503,39.8622391818,0.00333333,5.43914e-20,1.0,88.03771075,88.03771075,88.03771075,500.0,1.0,6.04932,0.6,299.999969474,1.0,0.00333333,100,0.00333333
500.0,89.485,2,500,13.9295615252,1.0,,85.4959,13.9295615252,0.0025,5.4346e-20,1.0,90.7702286515,90.7702286515,90.7702286515,500.0,1.0,5.60748,0.6,400.0,1.0,0.0025,100,0.0025
500.0,89.9764,1,500,15.4695769582,1.0,,86.4084,15.4695769582,0.002,5.43187e-20,1.0,91.9419509628,91.9419509628,91.9419509628,500.0,1.0,5.40221,0.6,500.000006643,1.0,0.002,100,0.002
500.0,88.8008,2,500,67.0928495383,1.0,,80.8777,67.0928495383,0.01,3.50449e-18,1.0,88.8008192883,88.8008192883,88.8008192883,500.0,1.0,8.14996,0.6,100.0,1.0,0.01,100,0.01
500.0,88.4878,2,500,19.1210236549,1.0,,82.8853,19.1210236549,0.005,2.1793e-19,1.0,88.1748266217,88.1748266217,88.1748266217,500.0,1.0,6.54017,0.6,200.000000102,1.0,0.005,100,0.005
500.0,88.6923,2,500,18.4897681219,1.0,,84.1179,18.4897681219,0.00333333,5.43914e-20,1.0,89.1012789265,89.1012789265,89.1012789265,500.0,1.0,5.89077,0.6,299.999969474,1.0,0.00333333,100,0.00333333
500.0,89.1725,2,500,9.93779076185,1.0,,85.211,9.93779076185,0.0025,5.4346e-20,1.0,90.6130703417,90.6130703417,90.6130703417,500.0,1.0,5.40159,0.6,400.0,1.0,0.0025,100,0.0025
500.0,88.4496,1,500,107.948425093,1.0,,84.888,107.948425093,0.002,5.43187e-20,1.0,85.5579503095,85.5579503095,85.5579503095,500.0,1.0,6.84149,0.6,500.000006643,1.0,0.002,100,0.002
500.0,89.2024,2,500,12.3476365993,1.0,,81.4591,12.3476365993,0.01,3.50449e-18,1.0,89.2024459335,89.2024459335,89.2024459335,500.0,1.0,3.49631,0.6,100.0,1.0,0.01,100,0.01
500.0,89.2172,2,500,6.90643887226,1.0,,83.7418,6.90643887226,0.005,2.1793e-19,1.0,89.2319428006,89.2319428006,89.2319428006,500.0,1.0,3.08723,0.6,200.000000102,1.0,0.005,100,0.005
500.0,89.1323,2,500,6.12778895954,1.0,,84.6617,6.12778895954,0.00333333,5.43914e-20,1.0,88.9624715476,88.9624715476,88.9624715476,500.0,1.0,2.89665,0.6,299.999969474,1.0,0.00333333,100,0.00333333
500.0,89.4069,2,500,11.0958606294,1.0,,85.4647,11.0958606294,0.0025,5.4346e-20,1.0,90.2307400364,90.2307400364,90.2307400364,500.0,1.0,3.04391,0.6,400.0,1.0,0.0025,100,0.0025
500.0,89.333,1,500,20.9095687424,1.0,,85.807,20.9095687424,0.002,5.43187e-20,1.0,89.037310811,89.037310811,89.037310811,500.0,1.0,3.4021,0.6,500.000006643,1.0,0.002,100,0.002
500.0,90.2441,2,500,27.6088472853,1.0,,82.5036,27.6088472853,0.01,3.50449e-18,1.0,90.2440813533,90.2440813533,90.2440813533,500.0,1.0,5.22808,0.6,100.0,1.0,0.01,100,0.01
500.0,88.4941,2,500,60.5834193188,1.0,,82.9246,60.5834193188,0.005,2.1793e-19,1.0,86.7441184539,86.7441184539,86.7441184539,500.0,1.0,6.83503,0.6,200.000000102,1.0,0.005,100,0.005
500.0,89.5335,2,500,8.25556998901,1.0,,84.9859,8.25556998901,0.00333333,5.43914e-20,1.0,91.6122078798,91.6122078798,91.6122078798,500.0,1.0,6.0025,0.6,299.999969474,1.0,0.00333333,100,0.00333333
500.0,89.6381,2,500,18.4889421763,1.0,,85.6998,18.4889421763,0.0025,5.4346e-20,1.0,89.9520517761,89.9520517761,89.9520517761,500.0,1.0,5.62418,0.6,400.0,1.0,0.0025,100,0.0025
500.0,89.0718,1,500,75.4892606849,1.0,,85.4101,75.4892606849,0.002,5.43187e-20,1.0,86.80654139,86.80654139,86.80654139,500.0,1.0,6.44475,0.6,500.000006643,1.0,0.002,100,0.002
500.0,90.777,2,500,21.3274168988,1.0,,82.9102,21.3274168988,0.01,3.50449e-18,1.0,90.7769752291,90.7769752291,90.7769752291,500.0,1.0,4.59501,0.6,100.0,1.0,0.01,100,0.01
500.0,90.7975,2,500,18.5042861937,1.0,,85.1057,18.5042861937,0.005,2.1793e-19,1.0,90.8179452371,90.8179452371,90.8179452371,500.0,1.0,4.4404,0.6,200.000000102,1.0,0.005,100,0.005
500.0,90.7454,2,500,23.9318410586,1.0,,86.0385,23.9318410586,0.00333333,5.43914e-20,1.0,90.6411634294,90.6411634294,90.6411634294,500.0,1.0,4.58778,0.6,299.999969474,1.0,0.00333333,100,0.00333333
500.0,91.1295,2,500,11.1656445914,1.0,,87.0532,11.1656445914,0.0025,5.4346e-20,1.0,92.2819292053,92.2819292053,92.2819292053,500.0,1.0,4.35798,0.6,400.0,1.0,0.0025,100,0.0025
500.0,90.7023,1,500,23.8460310139,1.0,,87.0564,23.8460310139,0.002,5.43187e-20,1.0,88.9934963885,88.9934963885,88.9934963885,500.0,1.0,4.54369,0.6,500.000006643,1.0,0.002,100,0.002
500.0,91.6096,2,500,20.4752712104,1.0,,83.6295,20.4752712104,0.01,3.50449e-18,1.0,91.6095666248,91.6095666248,91.6095666248,500.0,1.0,4.50228,0.6,100.0,1.0,0.01,100,0.01
500.0,91.5762,2,500,12.7123445259,1.0,,85.9137,12.7123445259,0.005,2.1793e-19,1.0,91.542847679,91.542847679,91.542847679,500.0,1.0,4.05327,0.6,200.000000102,1.0,0.005,100,0.005
500.0,91.6859,2,500,17.720006805,1.0,,87.0625,17.720006805,0.00333333,5.43914e-20,1.0,91.90533184,91.90533184,91.90533184,500.0,1.0,4.10175,0.6,299.999969474,1.0,0.00333333,100,0.00333333
500.0,90.0801,2,500,55.1334910014,1.0,,86.0761,55.1334910014,0.0025,5.4346e-20,1.0,85.2625104632,85.2625104632,85.2625104632,500.0,1.0,5.83096,0.6,400.0,1.0,0.0025,100,0.0025
500.0,90.4108,1,500,16.6064734883,1.0,,86.8189,16.6064734883,0.002,5.43187e-20,1.0,91.7337315713,91.7337315713,91.7337315713,500.0,1.0,5.56109,0.6,500.000006643,1.0,0.002,100,0.002
500.0,84.9335,2,500,91.0863501888,1.0,,77.3748,91.0863501888,0.01,3.50449e-18,1.0,84.9335376073,84.9335376073,84.9335376073,500.0,1.0,9.49608,0.6,100.0,1.0,0.01,100,0.01
500.0,87.3858,2,500,18.3377491428,1.0,,81.8416,18.3377491428,0.005,2.1793e-19,1.0,89.8381364455,89.8381364455,89.8381364455,500.0,1.0,7.75749,0.6,200.000000102,1.0,0.005,100,0.005
500.0,87.6015,2,500,28.5438251793,1.0,,83.0747,28.5438251793,0.00333333,5.43914e-20,1.0,88.0329127,88.0329127,88.0329127,500.0,1.0,7.04497,0.6,299.999969474,1.0,0.00333333,100,0.00333333
500.0,88.2214,2,500,48.843823993,1.0,,84.1996,48.843823993,0.0025,5.4346e-20,1.0,90.0810795085,90.0810795085,90.0810795085,500.0,1.0,7.1039,0.6,400.0,1.0,0.0025,100,0.0025
500.0,88.49,1,500,10.6196278744,1.0,,84.8927,10.6196278744,0.002,5.43187e-20,1.0,89.5642055175,89.5642055175,89.5642055175,500.0,1.0,6.53938,0.6,500.000006643,1.0,0.002,100,0.002
500.0,87.3817,2,500,70.9132612711,1.0,,79.465,70.9132612711,0.01,3.50449e-18,1.0,87.3817312237,87.3817312237,87.3817312237,500.0,1.0,8.37879,0.6,100.0,1.0,0.01,100,0.01
500.0,86.4943,2,500,26.4223266182,1.0,,80.8964,26.4223266182,0.005,2.1793e-19,1.0,85.6068505394,85.6068505394,85.6068505394,500.0,1.0,6.99776,0.6,200.000000102,1.0,0.005,100,0.005
500.0,87.3689,2,500,20.789196,1.0,,82.7208,20.789196,0.00333333,5.43914e-20,1.0,89.1181983814,89.1181983814,89.1181983814,500.0,1.0,6.40595,0.6,299.999969474,1.0,0.00333333,100,0.00333333
500.0,87.8806,2,500,19.3462948111,1.0,,83.8552,19.3462948111,0.0025,5.4346e-20,1.0,89.4157880158,89.4157880158,89.4157880158,500.0,1.0,6.02917,0.6,400.0,1.0,0.0025,100,0.0025
500.0,88.3779,1,500,10.1732013307,1.0,,84.7774,10.1732013307,0.002,5.43187e-20,1.0,90.3666555753,90.3666555753,90.3666555753,500.0,1.0,5.66426,0.6,500.000006643,1.0,0.002,100,0.002
500.0,85.5176,2,500,62.7107804596,1.0,,77.8089,62.7107804596,0.01,3.50449e-18,1.0,85.5175548277,85.5175548277,85.5175548277,500.0,1.0,7.87932,0.6,100.0,1.0,0.01,100,0.01
500.0,87.8713,2,500,56.1392925028,1.0,,82.2726,56.1392925028,0.005,2.1793e-19,1.0,90.2250141612,90.2250141612,90.2250141612,500.0,1.0,8.02314,0.6,200.000000102,1.0,0.005,100,0.005
500.0,87.2078,2,500,94.7345237293,1.0,,82.6365,94.7345237293,0.00333333,5.43914e-20,1.0,85.8807511865,85.8807511865,85.8807511865,500.0,1.0,8.66353,0.6,299.999969474,1.0,0.00333333,100,0.00333333
500.0,87.3815,2,500,24.3317755488,1.0,,83.4226,24.3317755488,0.0025,5.4346e-20,1.0,87.9026228154,87.9026228154,87.9026228154,500.0,1.0,7.8997,0.6,400.0,1.0,0.0025,100,0.0025
500.0,86.3972,1,500,52.6003857151,1.0,,82.8562,52.6003857151,0.002,5.43187e-20,1.0,82.4599322826,82.4599322826,82.4599322826,500.0,1.0,8.0134,0.6,500.000006643,1.0,0.002,100,0.002
500.0,89.4081,2,500,47.7928526443,1.0,,81.6315,47.7928526443,0.01,3.50449e-18,1.0,89.4080523047,89.4080523047,89.4080523047,500.0,1.0,6.87859,0.6,100.0,1.0,0.01,100,0.01
500.0,86.6808,2,500,93.0696629999,1.0,,81.164,93.0696629999,0.005,2.1793e-19,1.0,83.9534957814,83.9534957814,83.9534957814,500.0,1.0,8.78436,0.6,200.000000102,1.0,0.005,100,0.005
500.0,87.3999,2,500,25.8738438262,1.0,,82.8721,25.8738438262,0.00333333,5.43914e-20,1.0,88.8381664677,88.8381664677,88.8381664677,500.0,1.0,7.81127,0.6,299.999969474,1.0,0.00333333,100,0.00333333
500.0,87.3214,2,500,128.631443619,1.0,,83.3773,128.631443619,0.0025,5.4346e-20,1.0,87.0860142467,87.0860142467,87.0860142467,500.0,1.0,8.81004,0.6,400.0,1.0,0.0025,100,0.0025
500.0,87.7481,1,500,7.96468535169,1.0,,84.2203,7.96468535169,0.002,5.43187e-20,1.0,89.4546050235,89.4546050235,89.4546050235,500.0,1.0,8.02487,0.6,500.000006643,1.0,0.002,100,0.002
500.0,88.0136,2,500,36.6055129623,1.0,,80.2852,36.6055129623,0.01,3.50449e-18,1.0,88.0135831651,88.0135831651,88.0135831651,500.0,1.0,6.01992,0.6,100.0,1.0,0.01,100,0.01
500.0,86.8308,2,500,73.5169343157,1.0,,81.1366,73.5169343157,0.005,2.1793e-19,1.0,85.6479923906,85.6479923906,85.6479923906,500.0,1.0,7.47727,0.6,200.000000102,1.0,0.005,100,0.005
500.0,86.9644,2,500,42.878142709,1.0,,82.3151,42.878142709,0.00333333,5.43914e-20,1.0,87.2315716058,87.2315716058,87.2315716058,500.0,1.0,7.17346,0.6,299.999969474,1.0,0.00333333,100,0.00333333
500.0,87.3275,2,500,33.4577045253,1.0,,83.3011,33.4577045253,0.0025,5.4346e-20,1.0,88.4168663699,88.4168663699,88.4168663699,500.0,1.0,6.87534,0.6,400.0,1.0,0.0025,100,0.0025
500.0,87.2261,1,500,25.3965778461,1.0,,83.6248,25.3965778461,0.002,5.43187e-20,1.0,86.8207087741,86.8207087741,86.8207087741,500.0,1.0,6.54873,0.6,500.000006643,1.0,0.002,100,0.002
500.0,86.0774,2,500,86.7310427702,1.0,,78.1811,86.7310427702,0.01,3.50449e-18,1.0,86.0773798727,86.0773798727,86.0773798727,500.0,1.0,9.26627,0.6,100.0,1.0,0.01,100,0.01
500.0,88.0691,2,500,51.5690383801,1.0,,82.3743,51.5690383801,0.005,2.1793e-19,1.0,90.0608609919,90.0608609919,90.0608609919,500.0,1.0,8.51032,0.6,200.000000102,1.0,0.005,100,0.005
500.0,89.0663,2,500,10.8583967111,1.0,,84.4165,10.8583967111,0.00333333,5.43914e-20,1.0,91.0605039933,91.0605039933,91.0605039933,500.0,1.0,7.33863,0.6,299.999969474,1.0,0.00333333,100,0.00333333
500.0,88.8131,2,500,60.1165169002,1.0,,84.7863,60.1165169002,0.0025,5.4346e-20,1.0,88.0538036534,88.0538036534,88.0538036534,500.0,1.0,7.44733,0.6,400.0,1.0,0.0025,100,0.0025
500.0,89.1263,1,500,19.2666041162,1.0,,85.5246,19.2666041162,0.002,5.43187e-20,1.0,90.3790132266,90.3790132266,90.3790132266,500.0,1.0,6.96974,0.6,500.000006643,1.0,0.002,100,0.002
500.0,87.5697,2,500,28.8135953301,1.0,,79.7881,28.8135953301,0.01,3.50449e-18,1.0,87.5697394994,87.5697394994,87.5697394994,500.0,1.0,5.34092,0.6,100.0,1.0,0.01,100,0.01
500.0,88.7521,2,500,24.1842566236,1.0,,83.2374,24.1842566236,0.005,2.1793e-19,1.0,89.9344378866,89.9344378866,89.9344378866,500.0,1.0,5.2566,0.6,200.000000102,1.0,0.005,100,0.005
500.0,89.0868,2,500,38.9783973112,1.0,,84.5512,38.9783973112,0.00333333,5.43914e-20,1.0,89.7562635071,89.7562635071,89.7562635071,500.0,1.0,5.61322,0.6,299.999969474,1.0,0.00333333,100,0.00333333
500.0,88.1965,2,500,59.3132888964,1.0,,84.2685,59.3132888964,0.0025,5.4346e-20,1.0,85.5255838088,85.5255838088,85.5255838088,500.0,1.0,6.3788,0.6,400.0,1.0,0.0025,100,0.0025
500.0,88.8371,1,500,28.1166601103,1.0,,85.154,28.1166601103,0.002,5.43187e-20,1.0,91.3993391276,91.3993391276,91.3993391276,500.0,1.0,6.30553,0.6,500.000006643,1.0,0.002,100,0.002
500.0,90.7957,2,500,22.366532262,1.0,,82.6526,22.366532262,0.01,3.50449e-18,1.0,90.7956705116,90.7956705116,90.7956705116,500.0,1.0,4.70562,0.6,100.0,1.0,0.01,100,0.01
500.0,90.7722,2,500,19.1081710265,1.0,,85.0142,19.1081710265,0.005,2.1793e-19,1.0,90.7487299749,90.7487299749,90.7487299749,500.0,1.0,4.53106,0.6,200.000000102,1.0,0.005,100,0.005
500.0,91.1157,2,500,10.2841752921,1.0,,86.4143,10.2841752921,0.00333333,5.43914e-20,1.0,91.8027868062,91.8027868062,91.8027868062,500.0,1.0,4.16135,0.6,299.999969474,1.0,0.00333333,100,0.00333333
500.0,90.8308,2,500,44.348691442,1.0,,86.7464,44.348691442,0.0025,5.4346e-20,1.0,89.9760810523,89.9760810523,89.9760810523,500.0,1.0,4.92011,0.6,400.0,1.0,0.0025,100,0.0025
500.0,90.3836,1,500,96.2449511437,1.0,,86.7304,96.2449511437,0.002,5.43187e-20,1.0,88.5948835612,88.5948835612,88.5948835612,500.0,1.0,6.26277,0.6,500.000006643,1.0,0.002,100,0.002
500.0,86.2531,2,500,55.4710883164,1.0,,78.6417,55.4710883164,0.01,3.50449e-18,1.0,86.2531118215,86.2531118215,86.2531118215,500.0,1.0,7.41056,0.6,100.0,1.0,0.01,100,0.01
500.0,87.5714,2,500,62.8727304151,1.0,,81.9309,62.8727304151,0.005,2.1793e-19,1.0,88.8897644022,88.8897644022,88.8897644022,500.0,1.0,7.76648,0.6,200.000000102,1.0,0.005,100,0.005
500.0,88.2427,2,500,18.377812436,1.0,,83.573,18.377812436,0.00333333,5.43914e-20,1.0,89.5852238198,89.5852238198,89.5852238198,500.0,1.0,6.86862,0.6,299.999969474,1.0,0.00333333,100,0.00333333
500.0,88.6774,2,500,31.7766701498,1.0,,84.6334,31.7766701498,0.0025,5.4346e-20,1.0,89.9816118814,89.9816118814,89.9816118814,500.0,1.0,6.6193,0.6,400.0,1.0,0.0025,100,0.0025
500.0,89.2032,1,500,13.3843046577,1.0,,85.5861,13.3843046577,0.002,5.43187e-20,1.0,91.3065104806,91.3065104806,91.3065104806,500.0,1.0,6.22962,0.6,500.000006643,1.0,0.002,100,0.002
500.0,87.5005,2,500,17.4674440453,1.0,,79.8317,17.4674440453,0.01,3.50449e-18,1.0,87.5004707116,87.5004707116,87.5004707116,500.0,1.0,4.15846,0.6,100.0,1.0,0.01,100,0.01
500.0,87.689,2,500,26.7689950962,1.0,,82.0737,26.7689950962,0.005,2.1793e-19,1.0,87.8775677071,87.8775677071,87.8775677071,500.0,1.0,4.68322,0.6,200.000000102,1.0,0.005,100,0.005
500.0,88.418,2,500,18.939322097,1.0,,83.8331,18.939322097,0.00333333,5.43914e-20,1.0,89.8758131539,89.8758131539,89.8758131539,500.0,1.0,4.68342,0.6,299.999969474,1.0,0.00333333,100,0.00333333
500.0,88.4117,2,500,84.4122353308,1.0,,84.4411,84.4122353308,0.0025,5.4346e-20,1.0,88.392970486,88.392970486,88.392970486,500.0,1.0,6.11089,0.6,400.0,1.0,0.0025,100,0.0025
500.0,88.7473,1,500,11.2590741826,1.0,,85.1959,11.2590741826,0.002,5.43187e-20,1.0,90.0898658562,90.0898658562,90.0898658562,500.0,1.0,5.70563,0.6,500.000006643,1.0,0.002,100,0.002
500.0,89.9054,2,500,3.86530097605,1.0,,82.3479,3.86530097605,0.01,3.50449e-18,1.0,89.9054116137,89.9054116137,89.9054116137,500.0,1.0,1.95618,0.6,100.0,1.0,0.01,100,0.01
500.0,89.662,2,500,12.8099578984,1.0,,84.2493,12.8099578984,0.005,2.1793e-19,1.0,89.4186660087,89.4186660087,89.4186660087,500.0,1.0,2.88331,0.6,200.000000102,1.0,0.005,100,0.005
500.0,90.5184,2,500,8.24852615245,1.0,,85.9186,8.24852615245,0.00333333,5.43914e-20,1.0,92.2310500088,92.2310500088,92.2310500088,500.0,1.0,3.11945,0.6,299.999969474,1.0,0.00333333,100,0.00333333
500.0,90.9198,2,500,3.72470871173,1.0,,86.9363,3.72470871173,0.0025,5.4346e-20,1.0,92.1240346283,92.1240346283,92.1240346283,500.0,1.0,2.95017,0.6,400.0,1.0,0.0025,100,0.0025
500.0,90.4501,1,500,23.6379575982,1.0,,86.8872,23.6379575982,0.002,5.43187e-20,1.0,88.5715189978,88.5715189978,88.5715189978,500.0,1.0,3.53913,0.6,500.000006643,1.0,0.002,100,0.002
500.0,91.9822,2,500,8.99212807655,1.0,,84.0549,8.99212807655,0.01,3.50449e-18,1.0,91.9822416651,91.9822416651,91.9822416651,500.0,1.0,2.98366,0.6,100.0,1.0,0.01,100,0.01
500.0,89.0103,2,500,69.9560302739,1.0,,83.4048,69.9560302739,0.005,2.1793e-19,1.0,86.0383987377,86.0383987377,86.0383987377,500.0,1.0,6.92182,0.6,200.000000102,1.0,0.005,100,0.005
500.0,89.4588,2,500,38.6762031594,1.0,,84.8727,38.6762031594,0.00333333,5.43914e-20,1.0,90.3556640598,90.3556640598,90.3556640598,500.0,1.0,6.71613,0.6,299.999969474,1.0,0.00333333,100,0.00333333
500.0,88.7349,2,500,41.0406741252,1.0,,84.7492,41.0406741252,0.0025,5.4346e-20,1.0,86.563186665,86.563186665,86.563186665,500.0,1.0,6.74978,0.6,400.0,1.0,0.0025,100,0.0025
500.0,89.0571,1,500,12.9866941907,1.0,,85.4922,12.9866941907,0.002,5.43187e-20,1.0,90.3457347845,90.3457347845,90.3457347845,500.0,1.0,6.27966,0.6,500.000006643,1.0,0.002,100,0.002
500.0,87.501,2,500,42.0928853737,1.0,,79.8661,42.0928853737,0.01,3.50449e-18,1.0,87.5010346499,87.5010346499,87.5010346499,500.0,1.0,6.45538,0.6,100.0,1.0,0.01,100,0.01
500.0,88.4768,2,500,39.6094284694,1.0,,82.9386,39.6094284694,0.005,2.1793e-19,1.0,89.4525944027,89.4525944027,89.4525944027,500.0,1.0,6.43388,0.6,200.000000102,1.0,0.005,100,0.005
500.0,89.6155,2,500,32.1072422806,1.0,,84.9994,32.1072422806,0.00333333,5.43914e-20,1.0,91.8929336944,91.8929336944,91.8929336944,500.0,1.0,6.38633,0.6,299.999969474,1.0,0.00333333,100,0.00333333
500.0,89.9915,2,500,10.0950692718,1.0,,85.9938,10.0950692718,0.0025,5.4346e-20,1.0,91.1195209813,91.1195209813,91.1195209813,500.0,1.0,5.78892,0.6,400.0,1.0,0.0025,100,0.0025
500.0,90.4236,1,500,20.493553432,1.0,,86.8406,20.493553432,0.002,5.43187e-20,1.0,92.1519033798,92.1519033798,92.1519033798,500.0,1.0,5.62261,0.6,500.000006643,1.0,0.002,100,0.002
500.0,89.1809,2,500,38.6468111915,1.0,,81.0828,38.6468111915,0.01,3.50449e-18,1.0,89.1808906349,89.1808906349,89.1808906349,500.0,1.0,6.18549,0.6,100.0,1.0,0.01,100,0.01
500.0,89.1873,2,500,9.54333437172,1.0,,83.4611,9.54333437172,0.005,2.1793e-19,1.0,89.1937557349,89.1937557349,89.1937557349,500.0,1.0,4.88407,0.6,200.000000102,1.0,0.005,100,0.005
500.0,89.5605,2,500,6.91594311746,1.0,,84.885,6.91594311746,0.00333333,5.43914e-20,1.0,90.3067889376,90.3067889376,90.3067889376,500.0,1.0,4.29692,0.6,299.999969474,1.0,0.00333333,100,0.00333333
500.0,88.9248,2,500,21.9840596575,1.0,,84.8758,21.9840596575,0.0025,5.4346e-20,1.0,87.0178418445,87.0178418445,87.0178418445,500.0,1.0,4.52779,0.6,400.0,1.0,0.0025,100,0.0025
500.0,89.143,1,500,22.7957797978,1.0,,85.5214,22.7957797978,0.002,5.43187e-20,1.0,90.0154816378,90.0154816378,90.0154816378,500.0,1.0,4.59397,0.6,500.000006643,1.0,0.002,100,0.002
500.0,88.289,2,500,35.7739137618,1.0,,80.5827,35.7739137618,0.01,3.50449e-18,1.0,88.289016242,88.289016242,88.289016242,500.0,1.0,5.95115,0.6,100.0,1.0,0.01,100,0.01
500.0,88.4221,2,500,83.9668885569,1.0,,82.8482,83.9668885569,0.005,2.1793e-19,1.0,88.5552893049,88.5552893049,88.5552893049,500.0,1.0,7.69996,0.6,200.000000102,1.0,0.005,100,0.005
500.0,88.9606,2,500,15.7230001612,1.0,,84.4096,15.7230001612,0.00333333,5.43914e-20,1.0,90.0375751391,90.0375751391,90.0375751391,500.0,1.0,6.73014,0.6,299.999969474,1.0,0.00333333,100,0.00333333
500.0,89.6762,2,500,15.7045771985,1.0,,85.7349,15.7045771985,0.0025,5.4346e-20,1.0,91.8229543471,91.8229543471,91.8229543471,500.0,1.0,6.27647,0.6,400.0,1.0,0.0025,100,0.0025
500.0,89.958,1,500,33.2115034611,1.0,,86.3192,33.2115034611,0.002,5.43187e-20,1.0,91.0852671437,91.0852671437,91.0852671437,500.0,1.0,6.19749,0.6,500.000006643,1.0,0.002,100,0.002
500.0,87.7657,2,500,41.2305615334,1.0,,79.9071,41.2305615334,0.01,3.50449e-18,1.0,87.7657062767,87.7657062767,87.7657062767,500.0,1.0,6.38892,0.6,100.0,1.0,0.01,100,0.01
500.0,89.364,2,500,8.55433361879,1.0,,83.8071,8.55433361879,0.005,2.1793e-19,1.0,90.9622349214,90.9622349214,90.9622349214,500.0,1.0,5.21517,0.6,200.000000102,1.0,0.005,100,0.005
500.0,89.3722,2,500,32.2382655866,1.0,,84.835,32.2382655866,0.00333333,5.43914e-20,1.0,89.3886890935,89.3886890935,89.3886890935,500.0,1.0,5.36384,0.6,299.999969474,1.0,0.00333333,100,0.00333333
500.0,89.106,2,500,17.9022729824,1.0,,85.1172,17.9022729824,0.0025,5.4346e-20,1.0,88.3072066337,88.3072066337,88.3072066337,500.0,1.0,5.1207,0.6,400.0,1.0,0.0025,100,0.0025
500.0,88.5993,1,500,50.6120822335,1.0,,85.0317,50.6120822335,0.002,5.43187e-20,1.0,86.5728629413,86.5728629413,86.5728629413,500.0,1.0,5.65907,0.6,500.000006643,1.0,0.002,100,0.002
500.0,87.1386,2,500,48.3607924844,1.0,,78.9152,48.3607924844,0.01,3.50449e-18,1.0,87.1386320573,87.1386320573,87.1386320573,500.0,1.0,6.91933,0.6,100.0,1.0,0.01,100,0.01
500.0,87.8644,2,500,19.97510882,1.0,,82.0495,19.97510882,0.005,2.1793e-19,1.0,88.5901031199,88.5901031199,88.5901031199,500.0,1.0,5.86114,0.6,200.000000102,1.0,0.005,100,0.005
500.0,88.4053,2,500,28.6870302477,1.0,,83.6575,28.6870302477,0.00333333,5.43914e-20,1.0,89.4870552701,89.4870552701,89.4870552701,500.0,1.0,5.74054,0.6,299.999969474,1.0,0.00333333,100,0.00333333
500.0,88.8858,2,500,29.0026540919,1.0,,84.7741,29.0026540919,0.0025,5.4346e-20,1.0,90.3276989558,90.3276989558,90.3276989558,500.0,1.0,5.70846,0.6,400.0,1.0,0.0025,100,0.0025
500.0,89.1993,1,500,9.13756746794,1.0,,85.5216,9.13756746794,0.002,5.43187e-20,1.0,90.4527786724,90.4527786724,90.4527786724,500.0,1.0,5.31707,0.6,500.000006643,1.0,0.002,100,0.002
500.0,81.6247,2,500,111.175201546,1.0,,73.8569,111.175201546,0.01,3.50449e-18,1.0,81.6246778857,81.6246778857,81.6246778857,500.0,1.0,10.4911,0.6,100.0,1.0,0.01,100,0.01
500.0,84.3454,2,500,28.6726915031,1.0,,78.8528,28.6726915031,0.005,2.1793e-19,1.0,87.066148859,87.066148859,87.066148859,500.0,1.0,8.75369,0.6,200.000000102,1.0,0.005,100,0.005
500.0,85.588,2,500,46.2470525175,1.0,,81.0751,46.2470525175,0.00333333,5.43914e-20,1.0,88.0732478984,88.0732478984,88.0732478984,500.0,1.0,8.33273,0.6,299.999969474,1.0,0.00333333,100,0.00333333
500.0,86.6101,2,500,20.70896902,1.0,,82.6761,20.70896902,0.0025,5.4346e-20,1.0,89.676529853,89.676529853,89.676529853,500.0,1.0,7.76759,0.6,400.0,1.0,0.0025,100,0.0025
500.0,87.2476,1,500,47.9489958455,1.0,,83.6633,47.9489958455,0.002,5.43187e-20,1.0,89.7974521795,89.7974521795,89.7974521795,500.0,1.0,7.70635,0.6,500.000006643,1.0,0.002,100,0.002
500.0,84.415,2,500,85.8012140408,1.0,,76.563,85.8012140408,0.01,3.50449e-18,1.0,84.4149652519,84.4149652519,84.4149652519,500.0,1.0,9.21646,0.6,100.0,1.0,0.01,100,0.01
500.0,85.6574,2,500,41.2489879514,1.0,,80.1053,41.2489879514,0.005,2.1793e-19,1.0,86.8999081017,86.8999081017,86.8999081017,500.0,1.0,8.02705,0.6,200.000000102,1.0,0.005,100,0.005
500.0,87.147,2,500,38.2073369931,1.0,,82.6137,38.2073369931,0.00333333,5.43914e-20,1.0,90.1261107279,90.1261107279,90.1261107279,500.0,1.0,7.74608,0.6,299.999969474,1.0,0.00333333,100,0.00333333
500.0,87.1294,2,500,12.0596753571,1.0,,83.2034,12.0596753571,0.0025,5.4346e-20,1.0,87.0765050608,87.0765050608,87.0765050608,500.0,1.0,6.92726,0.6,400.0,1.0,0.0025,100,0.0025
500.0,87.4518,1,500,13.8055446218,1.0,,83.9403,13.8055446218,0.002,5.43187e-20,1.0,88.7414806463,88.7414806463,88.7414806463,500.0,1.0,6.44507,0.6,500.000006643,1.0,0.002,100,0.002
500.0,91.6047,2,500,16.5383952458,1.0,,83.822,16.5383952458,0.01,3.50449e-18,1.0,91.6047469397,91.6047469397,91.6047469397,500.0,1.0,4.04636,0.6,100.0,1.0,0.01,100,0.01
500.0,90.5635,2,500,23.3405742231,1.0,,84.942,23.3405742231,0.005,2.1793e-19,1.0,89.5222806993,89.5222806993,89.5222806993,500.0,1.0,4.56336,0.6,200.000000102,1.0,0.005,100,0.005
500.0,90.7472,2,500,13.9148362682,1.0,,86.1326,13.9148362682,0.00333333,5.43914e-20,1.0,91.1145754285,91.1145754285,91.1145754285,500.0,1.0,4.30607,0.6,299.999969474,1.0,0.00333333,100,0.00333333
500.0,90.2883,2,500,82.556903681,1.0,,86.2919,82.556903681,0.0025,5.4346e-20,1.0,88.9115532218,88.9115532218,88.9115532218,500.0,1.0,5.91365,0.6,400.0,1.0,0.0025,100,0.0025
500.0,90.1875,1,500,43.579941208,1.0,,86.5749,43.579941208,0.002,5.43187e-20,1.0,89.7846761562,89.7846761562,89.7846761562,500.0,1.0,6.05363,0.6,500.000006643,1.0,0.002,100,0.002
500.0,89.1894,2,500,16.2814269171,1.0,,81.4971,16.2814269171,0.01,3.50449e-18,1.0,89.1893979754,89.1893979754,89.1893979754,500.0,1.0,4.0148,0.6,100.0,1.0,0.01,100,0.01
500.0,87.7203,2,500,52.0643685464,1.0,,82.281,52.0643685464,0.005,2.1793e-19,1.0,86.2511476795,86.2511476795,86.2511476795,500.0,1.0,5.99913,0.6,200.000000102,1.0,0.005,100,0.005
500.0,87.5229,2,500,32.7516802495,1.0,,82.8313,32.7516802495,0.00333333,5.43914e-20,1.0,87.1282928998,87.1282928998,87.1282928998,500.0,1.0,5.90584,0.6,299.999969474,1.0,0.00333333,100,0.00333333
500.0,88.4998,2,500,35.7061802456,1.0,,84.4368,35.7061802456,0.0025,5.4346e-20,1.0,91.4305809979,91.4305809979,91.4305809979,500.0,1.0,6.15301,0.6,400.0,1.0,0.0025,100,0.0025
500.0,88.7791,1,500,11.5919203133,1.0,,85.1449,11.5919203133,0.002,5.43187e-20,1.0,89.8957499737,89.8957499737,89.8957499737,500.0,1.0,5.73538,0.6,500.000006643,1.0,0.002,100,0.002
500.0,87.7348,2,500,16.5879577085,1.0,,79.9472,16.5879577085,0.01,3.50449e-18,1.0,87.7347544169,87.7347544169,87.7347544169,500.0,1.0,4.05242,0.6,100.0,1.0,0.01,100,0.01
500.0,89.4777,2,500,5.12788250527,1.0,,83.9711,5.12788250527,0.005,2.1793e-19,1.0,91.220748202,91.220748202,91.220748202,500.0,1.0,3.71314,0.6,200.000000102,1.0,0.005,100,0.005
500.0,88.9979,2,500,27.5556933849,1.0,,84.4931,27.5556933849,0.00333333,5.43914e-20,1.0,88.038345788,88.038345788,88.038345788,500.0,1.0,4.32959,0.6,299.999969474,1.0,0.00333333,100,0.00333333
500.0,88.3505,2,500,7.22623960259,1.0,,84.4492,7.22623960259,0.0025,5.4346e-20,1.0,86.4081120777,86.4081120777,86.4081120777,500.0,1.0,4.13584,0.6,400.0,1.0,0.0025,100,0.0025
500.0,88.6916,1,500,3.98707693901,1.0,,85.2022,3.98707693901,0.002,5.43187e-20,1.0,90.0563241263,90.0563241263,90.0563241263,500.0,1.0,3.86512,0.6,500.000006643,1.0,0.002,100,0.002
500.0,89.4405,2,500,20.687562969,1.0,,81.6385,20.687562969,0.01,3.50449e-18,1.0,89.4405169608,89.4405169608,89.4405169608,500.0,1.0,4.52556,0.6,100.0,1.0,0.01,100,0.01
500.0,90.1653,2,500,29.8466194409,1.0,,84.5532,29.8466194409,0.005,2.1793e-19,1.0,90.8900766243,90.8900766243,90.8900766243,500.0,1.0,5.05368,0.6,200.000000102,1.0,0.005,100,0.005
500.0,89.5561,2,500,13.668457723,1.0,,84.9738,13.668457723,0.00333333,5.43914e-20,1.0,88.3375990779,88.3375990779,88.3375990779,500.0,1.0,4.72011,0.6,299.999969474,1.0,0.00333333,100,0.00333333
500.0,89.307,2,500,44.7357689591,1.0,,85.2614,44.7357689591,0.0025,5.4346e-20,1.0,88.55978857,88.55978857,88.55978857,500.0,1.0,5.28846,0.6,400.0,1.0,0.0025,100,0.0025
500.0,89.7226,1,500,3.76958792495,1.0,,86.1041,3.76958792495,0.002,5.43187e-20,1.0,91.3849605302,91.3849605302,91.3849605302,500.0,1.0,4.8797,0.6,500.000006643,1.0,0.002,100,0.002
500.0,89.4775,2,500,27.0817366906,1.0,,81.4509,27.0817366906,0.01,3.50449e-18,1.0,89.4774691746,89.4774691746,89.4774691746,500.0,1.0,5.17793,0.6,100.0,1.0,0.01,100,0.01
500.0,89.0515,2,500,38.0424696695,1.0,,83.3759,38.0424696695,0.005,2.1793e-19,1.0,88.6256286893,88.6256286893,88.6256286893,500.0,1.0,5.69367,0.6,200.000000102,1.0,0.005,100,0.005
500.0,88.6252,2,500,10.3408654201,1.0,,83.991,10.3408654201,0.00333333,5.43914e-20,1.0,87.7725705599,87.7725705599,87.7725705599,500.0,1.0,5.03864,0.6,299.999969474,1.0,0.00333333,100,0.00333333
500.0,88.4855,2,500,70.7149841204,1.0,,84.4722,70.7149841204,0.0025,5.4346e-20,1.0,88.0661929081,88.0661929081,88.0661929081,500.0,1.0,6.04992,0.6,400.0,1.0,0.0025,100,0.0025
500.0,89.001,1,500,33.050199527,1.0,,85.3778,33.050199527,0.002,5.43187e-20,1.0,91.0630634273,91.0630634273,91.0630634273,500.0,1.0,6.07356,0.6,500.000006643,1.0,0.002,100,0.002
500.0,90.8152,2,500,9.41975446092,1.0,,82.9886,9.41975446092,0.01,3.50449e-18,1.0,90.8151520305,90.8151520305,90.8151520305,500.0,1.0,3.05378,0.6,100.0,1.0,0.01,100,0.01
500.0,90.3936,2,500,33.8513028566,1.0,,84.7641,33.8513028566,0.005,2.1793e-19,1.0,89.9720579948,89.9720579948,89.9720579948,500.0,1.0,4.64724,0.6,200.000000102,1.0,0.005,100,0.005
500.0,90.208,2,500,23.384913976,1.0,,85.6115,23.384913976,0.00333333,5.43914e-20,1.0,89.8367757829,89.8367757829,89.8367757829,500.0,1.0,4.70997,0.6,299.999969474,1.0,0.00333333,100,0.00333333
500.0,89.0784,2,500,84.5637597231,1.0,,85.0469,84.5637597231,0.0025,5.4346e-20,1.0,85.6894417167,85.6894417167,85.6894417167,500.0,1.0,6.43395,0.6,400.0,1.0,0.0025,100,0.0025
500.0,89.177,1,500,21.9912492834,1.0,,85.5712,21.9912492834,0.002,5.43187e-20,1.0,89.5716217665,89.5716217665,89.5716217665,500.0,1.0,6.12452,0.6,500.000006643,1.0,0.002,100,0.002
500.0,92.9796,2,500,6.55536953384,1.0,,85.2428,6.55536953384,0.01,3.50449e-18,1.0,92.9796399672,92.9796399672,92.9796399672,500.0,1.0,2.54751,0.6,100.0,1.0,0.01,100,0.01
500.0,90.748,2,500,19.2047391517,1.0,,85.2772,19.2047391517,0.005,2.1793e-19,1.0,88.5163448048,88.5163448048,88.5163448048,500.0,1.0,4.21088,0.6,200.000000102,1.0,0.005,100,0.005
500.0,90.4686,2,500,33.7698257647,1.0,,85.9006,33.7698257647,0.00333333,5.43914e-20,1.0,89.9098947816,89.9098947816,89.9098947816,500.0,1.0,4.80844,0.6,299.999969474,1.0,0.00333333,100,0.00333333
500.0,90.2679,2,500,31.0236792237,1.0,,86.3119,31.0236792237,0.0025,5.4346e-20,1.0,89.6655927305,89.6655927305,89.6655927305,500.0,1.0,5.01399,0.6,400.0,1.0,0.0025,100,0.0025
500.0,89.8673,1,500,8.67949968224,1.0,,86.329,8.67949968224,0.002,5.43187e-20,1.0,88.2650656778,88.2650656778,88.2650656778,500.0,1.0,4.74051,0.6,500.000006643,1.0,0.002,100,0.002
500.0,88.3472,2,500,21.65393703,1.0,,80.7089,21.65393703,0.01,3.50449e-18,1.0,88.3472097763,88.3472097763,88.3472097763,500.0,1.0,4.63005,0.6,100.0,1.0,0.01,100,0.01
500.0,88.6971,2,500,22.1811349696,1.0,,82.944,22.1811349696,0.005,2.1793e-19,1.0,89.0470663606,89.0470663606,89.0470663606,500.0,1.0,4.67127,0.6,200.000000102,1.0,0.005,100,0.005
500.0,89.1128,2,500,11.1251094363,1.0,,84.4154,11.1251094363,0.00333333,5.43914e-20,1.0,89.9440592184,89.9440592184,89.9440592184,500.0,1.0,4.3086,0.6,299.999969474,1.0,0.00333333,100,0.00333333
500.0,89.6448,2,500,8.55847684116,1.0,,85.5767,8.55847684116,0.0025,5.4346e-20,1.0,91.2408118884,91.2408118884,91.2408118884,500.0,1.0,4.10978,0.6,400.0,1.0,0.0025,100,0.0025
500.0,89.1938,1,500,68.0957534106,1.0,,85.5552,68.0957534106,0.002,5.43187e-20,1.0,87.389741287,87.389741287,87.389741287,500.0,1.0,5.27341,0.6,500.000006643,1.0,0.002,100,0.002
