InitialBound,MeanIW,MinIW,InitialReturnStd,EpRewMean,Iteration,Bound,EpLenMean,J_sample_variance,EpisodesSoFar,TimestepsSoFar,Weights,EmpiricalD2,EpThisIter,InitialReturnMin,TimeElapsed,InitialReturnMax,InitialReturnMean,StdIW,ReturnMeanIW,MaxIW
2572.1897,1.3339578,0.0039777593,3.275067,-108.67197648780628,1,3433.5903,17.45,33991916.0,100,1745,[-0.689  0.919 -0.673  0.288  0.   ],4.720793,100,-4.7708664,4.34686279296875,9.20005,3.7384034e-06,2.272125,3433.5903,18.893276
2676.8215,7.399896,1.5196349e-08,2.941484,-108.7572537315943,2,19919.477,16.89,29586465000.0,200,3434,[-0.62   0.982 -0.571  0.192 -0.077],10053861000.0,100,-4.1783752,14.862393617630005,11.733063,7.6293946e-07,64.91236,19919.477,831.4536
2678.586,15.661233,4.850433e-06,2.4723852,-108.83514829215126,3,42001.68,16.89,125726400000.0,300,5123,[-0.546  1.126 -0.426  0.339 -0.2  ],86148200000.0,100,-3.5820694,26.97283411026001,7.0695496,8.163453e-06,133.23006,42001.68,1340.1409
2619.701,1.0682265,0.1496154,2.3230062,-109.51219619601203,4,2799.0469,17.3,3590805.8,400,6853,[-0.634  0.986 -0.381  0.331 -0.06 ],1.684295,100,-3.6979675,41.74555444717407,7.1449203,-6.1035155e-07,0.7248796,2799.0469,6.818715
2587.92,24.52912,2.0198177e-29,2.8263073,-109.55817384647311,5,63467.668,17.48,401127180000.0,500,8601,[-0.653  0.957 -0.415  0.283 -0.051],inf,100,-4.398056,51.66968131065369,13.818314,-2.4414062e-06,244.94148,63467.668,4253.816
2397.7927,1.1802808,0.0015214673,2.361142,-111.20688352973991,6,2830.2356,18.87,10850926.0,600,10488,[-0.294  0.476 -0.772  0.728  0.205],3.307896,100,-3.7807083,64.78554487228394,7.252983,-9.384155e-06,1.3771502,2830.2356,7.817412
2332.2786,1.1691242,0.0036372424,2.2484984,-111.46525754332859,7,2729.3665,19.35,40454384.0,700,12423,[-0.26   0.528 -0.735  0.784  0.058],20.193007,100,-3.9288406,76.85977602005005,7.065689,-2.4414062e-06,2.7611284,2729.3665,20.44171
2221.587,12.333024,1.3350055e-25,1.8919951,-112.88070625131769,8,27461.633,20.35,58881520000.0,800,14458,[-0.216  0.419 -0.707  0.774  0.062],2340508.5,100,-3.5353699,88.09123158454895,4.072487,-1.3809204e-05,109.879196,27461.633,1119.9785
1993.6887,1.7372261,4.683931e-08,1.9283539,-115.01695270648561,9,3463.133,22.57,538225660.0,900,16715,[-0.274  0.255 -0.766  1.022 -0.467],13687.878,100,-3.4202957,102.41436243057251,4.1474,-1.2207031e-06,11.673895,3463.133,214.03232
2050.4814,3.6180806,4.9066657e-05,1.6232576,-115.19163422553946,10,7441.5825,22.1,4007692800.0,1000,18925,[-0.24   0.231 -0.68   1.005 -0.575],49234.035,100,-2.5711136,114.97602105140686,7.1045,-9.460449e-06,31.093855,7441.5825,315.92584
2010.839,24.76478,6.504393e-05,1.519289,-116.10262676108832,11,50242.49,22.6,228166100000.0,1100,21185,[-0.337  0.217 -0.619  1.022 -0.53 ],inf,100,-2.522972,128.61791682243347,4.8310165,1.1444092e-06,242.16246,50242.49,2520.906
1953.7826,6.4382215,4.3013204e-10,1.5421786,-116.9847284493836,12,12667.763,23.27,13887373000.0,1200,23512,[-0.166  0.093 -0.714  1.227 -0.203],11309974.0,100,-2.217804,142.72642350196838,6.5405045,-5.7983398e-06,61.27761,12667.763,634.5785
1970.257,1.788449,1.2598461e-11,1.3798658,-116.74788183148097,13,3536.8347,23.08,311072740.0,1300,25820,[-0.049  0.081 -0.812  1.476 -0.38 ],109021390000.0,100,-2.2503204,157.29434895515442,4.214325,2.9754638e-06,9.038617,3536.8347,149.79066
1863.6614,1.4147716,0.0023907525,1.5739298,-117.8715660470705,14,2642.775,24.32,87805910.0,1400,28252,[-0.149 -0.043 -0.913  1.712 -0.369],152.49551,100,-2.4688568,170.37267446517944,5.1555557,1.4953614e-05,5.123396,2642.775,78.30619
1842.1919,2.0365946,1.463427e-06,1.8363934,-117.85310328577201,15,3752.7117,24.54,191400380.0,1500,30706,[-0.23  -0.083 -0.899  1.635 -0.379],40259.047,100,-2.8359146,183.4520709514618,5.6340485,1.1520386e-05,7.7018766,3752.7117,323.96265
1936.5284,1.4199872,0.00028042027,1.6698453,-117.15662777271376,16,2752.8923,23.47,83604220.0,1600,33053,[-0.185 -0.002 -0.89   1.725 -0.488],67.43484,100,-2.478363,197.79913973808289,5.8867035,-5.340576e-06,4.7638288,2752.8923,44.4914
1961.3943,2.238294,1.331629e-05,1.5700675,-116.62048185928998,17,4400.4233,23.14,1013137340.0,1700,35367,[-0.166  0.038 -0.916  1.659 -0.548],408649.53,100,-2.3012009,209.0360119342804,4.8945465,2.1362305e-06,16.378746,4400.4233,164.26883
1850.671,4.4486985,1.0984282e-14,1.7998358,-117.44068191174898,18,8272.604,24.38,6443095000.0,1800,37805,[-0.127  0.031 -1.021  1.684 -0.501],inf,100,-2.7331848,223.46783351898193,5.5010834,-7.781982e-06,43.85859,8272.604,845.06635
2027.8969,9.775052,1.6936106e-12,1.8075857,-115.40185229724571,19,19866.65,22.33,38993760000.0,1900,40038,[-0.203 -0.141 -1.068  1.534 -0.327],658755400000000.0,100,-3.1674042,237.5436270236969,5.8113785,-6.1035157e-06,97.92425,19866.65,998.02844
1725.8126,4.487779,7.8450007e-13,1.9773834,-119.48906928288086,20,7779.6055,26.13,3350069000.0,2000,42651,[-0.296 -0.169 -0.921  1.665 -0.307],420716150000.0,100,-3.1953735,253.75995421409607,6.510002,-6.1035157e-06,33.76448,7779.6055,699.6242
1894.6744,27.893343,5.1530037e-15,2.1020854,-116.78965027524744,21,53224.773,23.81,280856200000.0,2100,45032,[-0.308 -0.309 -1.066  1.656 -0.364],12221904000000.0,100,-3.0251923,268.04267263412476,6.4294662,2.7465821e-06,283.88885,53224.773,2932.4792
1929.7852,1.7156416,0.00083931827,2.0659153,-116.74181674744459,22,3311.4604,23.46,178481420.0,2200,47378,[-0.472 -0.452 -1.127  1.638 -0.545],1419.5359,100,-3.5834122,283.53962755203247,6.331032,1.6784668e-06,7.0094147,3311.4604,200.72755
1847.1803,10.530253,8.031022e-06,2.4152565,-117.45842337119302,23,19561.844,24.41,34831647000.0,2300,49819,[-0.588 -0.433 -1.08   1.586 -0.434],803395.4,100,-3.235382,297.1147515773773,7.287369,6.408691e-06,101.24076,19561.844,1361.5073
2068.6782,1.2395936,0.00010890316,2.0934734,-115.2072888212448,24,2566.2896,21.94,14958596.0,2400,52013,[-0.552 -0.498 -1.187  1.514 -0.468],12.352135,100,-3.0886917,311.69477224349976,6.9295044,3.0517579e-06,1.8839709,2566.2896,13.25271
1940.844,1.7402213,0.00013703304,2.2056,-116.35673572815365,25,3388.2727,23.29,128069096.0,2500,54342,[-0.568 -0.543 -1.22   1.47  -0.589],112.631134,100,-3.3793488,324.803902387619,6.530342,-9.918213e-07,5.913856,3388.2727,46.582207
1964.9618,3.8588588,5.0532762e-08,2.2896109,-116.04869960119296,26,7599.0635,23.01,1996295400.0,2600,56643,[-0.458 -0.555 -1.242  1.546 -0.611],1645.2412,100,-3.5249405,337.65450525283813,6.2614136,-3.5095215e-06,22.886038,7599.0635,176.31627
2092.5479,1.9993334,0.00015653248,2.042534,-114.87732896486051,27,4200.276,21.69,320385630.0,2700,58812,[-0.396 -0.478 -1.248  1.55  -0.705],77.12053,100,-2.8018875,350.19402289390564,7.7974777,1.2207031e-06,8.719318,4200.276,109.11614
2079.7468,38.01821,1.8523158e-10,2.5342858,-114.7339289542641,28,79598.48,21.77,589666600000.0,2800,60989,[-0.476 -0.526 -1.259  1.545 -0.716],6347952.5,100,-3.4262924,362.7879662513733,6.9126053,7.705688e-06,377.05078,79598.48,9476.556
2064.8674,2.0445225,3.816231e-05,2.4745336,-114.99875554747398,29,4241.3906,21.94,868289600.0,2900,63183,[-0.454 -0.58  -1.249  1.447 -0.8  ],15051.807,100,-3.3174133,377.9157407283783,7.599907,-9.9182125e-06,14.519477,4241.3906,149.5281
1941.6543,1.4998246,0.00070266746,2.036912,-116.15879234597026,30,2918.3362,23.25,83338450.0,3000,65508,[-0.517 -0.585 -1.215  1.52  -0.756],21.202215,100,-3.4987488,390.1407833099365,4.485489,-1.3732911e-06,4.7668004,2918.3362,78.38999
2142.6838,1.8551594,3.2440916e-05,1.9727205,-114.90645193925971,31,3988.6843,21.28,403358980.0,3100,67636,[-0.565 -0.534 -1.224  1.504 -0.7  ],700.4666,100,-2.810669,402.90849471092224,7.0262985,-1.0147095e-05,9.51426,3988.6843,95.93566
2126.7341,18.282934,3.3857845e-07,2.185679,-114.72905317297443,32,39106.42,21.38,147623740000.0,3200,69774,[-0.505 -0.605 -1.218  1.459 -0.776],40643224.0,100,-2.9410324,416.0486812591553,8.875771,-5.645752e-06,182.84377,39106.42,3118.1772
1978.2191,4.0154757,1.0074878e-07,2.5018349,-116.28349176018925,33,7987.0,22.92,2793352400.0,3300,72066,[-0.503 -0.624 -1.141  1.478 -0.733],51662.727,100,-3.023407,430.8047208786011,7.931526,2.4414062e-06,27.117071,7987.0,239.59877
1985.0519,3.3248355,0.00066637195,2.1492877,-116.76906450964862,34,6633.105,22.94,1841251800.0,3400,74360,[-0.52  -0.687 -1.108  1.459 -0.762],4018.3516,100,-3.0141678,444.59644746780396,7.4346695,-1.6021728e-06,21.728746,6633.105,347.59912
2079.175,1.1123308,0.09752821,2.2687035,-115.41726051663376,35,2313.822,21.88,7075553.0,3500,76548,[-0.552 -0.747 -1.188  1.468 -0.713],2.7651854,100,-3.2017746,458.56027913093567,6.841034,-1.2207031e-06,1.2924021,2313.822,15.415908
1852.9663,4.4097724,9.21717e-25,2.6467319,-117.2852841698713,36,8182.6636,24.32,6370384400.0,3600,78980,[-0.524 -0.772 -1.176  1.448 -0.687],inf,100,-3.478096,471.3626301288605,8.355217,9.155273e-07,43.223953,8182.6636,639.8771
1784.0894,1.1285443,0.0046236375,2.3793359,-118.86125637311227,37,2015.7899,25.34,19256956.0,3700,81514,[-0.51  -0.708 -1.057  1.64  -0.741],12.941892,100,-3.7290344,486.4605095386505,7.515938,8.163453e-06,2.4910998,2015.7899,22.071642
1726.5065,3.2157784,6.353879e-08,2.7846448,-119.48900960052244,38,5568.6284,26.11,2080625700.0,3800,84125,[-0.496 -0.739 -1.036  1.628 -0.743],5726.196,100,-3.6489563,499.0016508102417,7.671974,-3.2043456e-06,26.942719,5568.6284,1109.2816
1691.6989,7.305345,4.7951534e-08,2.6722054,-120.32387689491287,39,12491.535,26.68,13821613000.0,3900,86793,[-0.643 -0.775 -1.041  1.723 -0.828],3944872.2,100,-3.148117,513.0503237247467,7.4939575,-7.019043e-06,70.6628,12491.535,753.9418
1832.8934,2.973498,7.526614e-05,2.2940774,-118.54527463020175,40,5456.116,24.75,1025017600.0,4000,89268,[-0.487 -0.821 -1.097  1.646 -0.851],129492.96,100,-3.4220505,527.0855150222778,8.656288,3.890991e-06,17.920263,5456.116,813.329
1783.8184,1.0949014,0.032330506,2.5500605,-119.04224973847352,41,1953.8198,25.37,4842833.0,4100,91805,[-0.508 -0.799 -1.054  1.718 -0.859],3.6700015,100,-3.5793762,541.0256519317627,8.200813,-2.5939942e-06,1.2454666,1953.8198,8.203539
1678.4191,2.2696264,5.761669e-06,2.6057613,-120.24407172767533,42,3799.8716,26.83,738672060.0,4200,94488,[-0.481 -0.781 -1.053  1.731 -0.856],61834.28,100,-3.0566177,552.894478559494,7.767807,-1.8310546e-06,19.327065,3799.8716,2016.2401
1717.4393,19.501875,4.3070923e-21,2.5481865,-119.89550032339466,43,33675.676,26.29,112695270000.0,4300,97117,[-0.483 -0.797 -1.012  1.806 -0.864],8.704732e+21,100,-3.349205,566.4756574630737,7.6377335,7.400513e-06,197.26561,33675.676,2023.0479
1709.379,3.3729868,5.7496445e-11,2.2521536,-120.58803496152939,44,5791.4946,26.52,2434056200.0,4400,99769,[-0.4   -0.668 -0.952  1.813 -0.995],250016060.0,100,-2.8701782,581.2531907558441,6.95343,6.4849855e-06,29.013594,5791.4946,296.07727
1674.3097,2.2438447,1.3760972e-05,2.3128867,-121.48537461771998,45,3774.8555,27.12,429682240.0,4500,102481,[-0.403 -0.66  -0.892  1.886 -1.129],28288.893,100,-2.8969421,595.7221958637238,7.5881424,-7.400513e-06,12.538679,3774.8555,104.913055
1696.1908,1.0856391,0.0232785,2.5495718,-120.70950375744391,46,1843.3496,26.7,6893762.0,4600,105151,[-0.375 -0.625 -0.911  1.898 -1.112],2.821739,100,-3.5636063,609.422966003418,6.870117,6.713867e-06,1.5667487,1843.3496,14.381589
1660.8075,1.6537017,4.6572084e-05,2.2077537,-121.1860310985358,47,2752.957,27.23,101833470.0,4700,107874,[-0.397 -0.642 -0.913  1.913 -1.111],236.63066,100,-2.9777832,620.9250271320343,6.2717056,1.7547608e-06,6.1124697,2752.957,69.614265
1777.9148,1.2858121,0.004661959,2.246875,-119.65901347020815,48,2288.7578,25.55,10798887.0,4800,110429,[-0.398 -0.64  -0.95   1.908 -1.146],8.360217,100,-2.8452454,634.0591113567352,7.0450363,1.2969971e-06,1.8571306,2288.7578,16.646843
1780.0662,5.6720486,1.3377511e-13,2.1596937,-120.05156594702356,49,10134.281,25.6,9039565000.0,4900,112989,[-0.426 -0.615 -0.928  1.929 -1.139],8.782319e+22,100,-2.5962906,647.758941411972,7.21418,1.0147095e-05,53.655796,10134.281,925.6439
1595.6407,1.1203635,0.0077834707,2.49565,-122.45126380407822,50,1789.124,28.33,6385622.0,5000,115822,[-0.398 -0.573 -0.865  1.995 -1.137],7.1640596,100,-3.5640945,661.5330667495728,6.354637,8.392334e-06,1.6073406,1789.124,13.388069
1549.5482,10.116705,4.2980922e-05,2.4093077,-123.00208012290209,51,15902.14,29.08,22244063000.0,5100,118730,[-0.369 -0.6   -0.861  2.007 -1.139],2692.5193,100,-3.1661224,673.8205721378326,7.383461,3.967285e-06,98.065544,15902.14,1033.0673
1616.5203,1.7613138,3.7528866e-05,2.407066,-122.15954091658837,52,2857.8042,27.99,167578750.0,5200,121529,[-0.423 -0.607 -0.851  1.959 -1.158],683.7528,100,-2.6427994,689.3353772163391,7.956032,5.0354006e-06,8.034981,2857.8042,135.68396
1704.4468,1.2909273,0.015817046,2.2815564,-121.26151653863059,53,2205.9163,26.7,11005968.0,5300,124199,[-0.43  -0.59  -0.835  2.009 -1.155],10.139034,100,-2.8001251,703.4336574077606,6.778778,8.7738035e-06,1.9655249,2205.9163,12.751709
1613.8064,2.959605,1.3374828e-10,2.3990774,-121.83275539594868,54,4780.397,27.96,765115000.0,5400,126995,[-0.481 -0.585 -0.834  1.995 -1.132],3.1812022e+17,100,-3.303978,716.8657402992249,6.8320084,-1.0147095e-05,17.249466,4780.397,162.00117
1633.1862,2.8237987,2.6732216e-05,2.7047598,-121.05021488651327,55,4643.5254,27.55,983067800.0,5500,129750,[-0.519 -0.642 -0.868  1.948 -1.13 ],2269.2844,100,-3.9188766,732.2254478931427,7.2113647,5.340576e-07,19.38652,4643.5254,230.75877
1790.8025,1.5078281,0.00075920444,2.495,-119.65464407560972,56,2706.5159,25.4,52293644.0,5600,132290,[-0.522 -0.655 -0.915  1.948 -1.175],61.115265,100,-3.319046,746.0278751850128,7.946251,-1.2588501e-05,4.1023216,2706.5159,78.76693
1635.1218,4.197711,1.4702021e-13,2.7037892,-121.48999110546947,57,6877.2617,27.61,4109263000.0,5700,135051,[-0.523 -0.665 -0.899  1.908 -1.171],2.596528e+23,100,-3.4643402,759.6877474784851,7.4524612,-1.5258789e-06,39.32801,6877.2617,656.70135
1677.7369,2.2742302,5.208872e-05,2.7326963,-120.94856060072885,58,3825.8306,26.97,790898800.0,5800,137748,[-0.579 -0.696 -0.972  1.886 -1.151],304.7104,100,-3.3134613,773.6661841869354,8.444237,1.9836425e-06,16.881233,3825.8306,272.7897
1719.8472,1.0298517,0.12702863,2.210643,-120.84131705054037,59,1771.3483,26.44,531995.5,5900,140392,[-0.594 -0.729 -0.961  1.93  -1.179],1.2518978,100,-2.8031235,788.369163274765,7.27433,-7.400513e-06,0.42518,1771.3483,2.902022
1775.4243,3.0328379,8.412896e-07,2.4000144,-120.11332524986697,60,5405.9224,25.66,2119082900.0,6000,142958,[-0.603 -0.731 -0.968  1.925 -1.203],120302.34,100,-2.9016876,799.8837370872498,8.196129,7.705688e-06,26.131733,5405.9224,268.42633
1725.9303,1.7867082,0.0008811756,2.2369199,-120.51265113352359,61,3091.556,26.31,68704950.0,6100,145589,[-0.585 -0.725 -1.014  1.928 -1.179],318.91162,100,-2.9344177,813.5160226821899,6.271553,2.1362305e-06,4.833958,3091.556,51.697544
1593.2823,1.0929388,0.03665253,2.6421828,-121.68764225227518,62,1742.0768,28.21,8224886.5,6200,148410,[-0.57  -0.724 -0.991  1.964 -1.172],3.8188605,100,-3.3810196,827.6830878257751,8.703697,-4.4250487e-06,1.8167428,1742.0768,16.42534
1647.0494,3.0297737,7.368851e-06,2.4537947,-121.275775561086,63,5029.7803,27.42,977332740.0,6300,151152,[-0.592 -0.738 -0.988  1.992 -1.185],5750.7812,100,-3.0882874,841.2707321643829,7.8567123,2.5939942e-06,19.189377,5029.7803,272.1288
1682.4095,46.85671,8.001788e-06,2.46323,-121.05082769485747,64,79675.25,26.93,618226060000.0,6400,153845,[-0.611 -0.795 -1.021  2.024 -1.176],1530083.9,100,-3.1676254,855.392787694931,6.9627,-3.0517577e-07,473.52502,79675.25,7508.535
1578.0928,4.7191505,4.830447e-24,2.5703876,-122.80328453157406,65,7448.38,28.63,5470362600.0,6500,156708,[-0.593 -0.791 -0.979  2.05  -1.143],inf,100,-3.5707474,871.4077258110046,6.920517,4.5776366e-07,46.866287,7448.38,774.5881
1514.4781,1.3131353,0.023946986,2.788233,-123.77084610229888,66,1994.9874,29.73,14515920.0,6600,159681,[-0.569 -0.764 -0.858  2.089 -1.125],9.41974,100,-3.6120987,886.579127073288,8.52108,-9.002685e-06,2.5474331,1994.9874,30.538553
1601.9907,1.8185496,0.0007568438,2.396543,-122.94040402980889,67,2923.4548,28.33,111659384.0,6700,162514,[-0.609 -0.742 -0.849  2.097 -1.021],6614.83,100,-3.174263,899.8674848079681,6.2214584,-6.3323973e-06,6.6352468,2923.4548,69.82361
1626.9305,10.278047,4.308328e-12,2.1717596,-122.34769358252606,68,16851.672,27.88,23655946000.0,6800,165302,[-0.588 -0.758 -0.85   2.011 -0.995],2.0803342e+24,100,-2.8538895,913.8698446750641,6.0525055,-5.41687e-06,95.55888,16851.672,987.6619
1637.9476,5.5016227,1.5855738e-05,2.5370438,-122.2791095396432,69,9110.872,27.72,5305575000.0,6900,168074,[-0.763 -0.803 -0.918  2.048 -0.99 ],2643.682,100,-3.445282,930.250953912735,6.5039825,1.0375977e-05,45.520542,9110.872,1078.6125
1595.6964,20.578651,7.1789963e-10,2.7839236,-122.50047029850916,70,33134.434,28.32,105311150000.0,7000,170906,[-0.817 -0.835 -0.912  2.018 -1.047],881020440000.0,100,-3.5851898,945.9960927963257,8.218178,-2.2125244e-06,205.92024,33134.434,2546.7666
1624.8407,2.0206938,0.003801268,2.3670743,-123.13473221194445,71,3306.0012,28.05,260770140.0,7100,173711,[-0.805 -0.877 -0.859  2.001 -1.046],52.60932,100,-2.6540833,962.019273519516,9.224701,-6.790161e-06,10.092445,3306.0012,121.30602
1566.2994,3.8813262,4.093679e-07,2.7032502,-123.55599336440864,72,6091.3735,28.93,1687028900.0,7200,176604,[-0.839 -0.858 -0.869  2.038 -1.082],50345.68,100,-3.613884,975.991325378418,8.800934,1.2207031e-06,26.34505,6091.3735,261.21313
1606.3583,3.0635822,7.029497e-15,2.4349241,-123.42934296276715,73,4963.359,28.36,1721199700.0,7300,179440,[-0.809 -0.855 -0.919  2.053 -1.104],1.6358418e+21,100,-2.7266464,991.3886995315552,8.580986,3.2806397e-06,26.396841,4963.359,890.324
1568.691,1.4664334,1.7439983e-05,2.6424408,-123.36862382174778,74,2308.8582,28.87,56250680.0,7400,182327,[-0.729 -0.806 -0.901  2.105 -1.104],1031.2505,100,-2.9945831,1006.3921451568604,7.7697144,3.967285e-06,4.8488865,2308.8582,77.89925
1538.9639,5.5114446,1.6163406e-09,2.8484359,-123.27718360067814,75,8545.636,29.27,5894601700.0,7500,185254,[-0.769 -0.787 -0.909  2.155 -1.096],434520350.0,100,-3.4781952,1020.548499584198,7.369766,-1.5640258e-05,50.37143,8545.636,651.4231
1569.5415,2.5516922,1.7491702e-05,2.7931297,-123.26437036622563,76,4031.2773,28.83,586519600.0,7600,188137,[-0.755 -0.818 -0.861  2.2   -1.141],2237.6162,100,-3.4648132,1035.9864315986633,8.198639,8.926391e-06,15.511702,4031.2773,199.5286
1560.0754,1.5022423,0.00036199036,2.6569006,-124.07513253092294,77,2353.7551,29.12,50947250.0,7700,191049,[-0.758 -0.807 -0.826  2.236 -1.165],113.53014,100,-2.952118,1050.393887758255,8.403252,-7.6293944e-08,4.630894,2353.7551,52.414722
1541.4767,1.1838075,0.049779616,2.3480616,-124.23133747131733,78,1827.2812,29.42,2886611.5,7800,193991,[-0.797 -0.785 -0.817  2.279 -1.212],2.573729,100,-3.3427963,1064.6978316307068,7.777321,1.4495849e-06,1.1064328,1827.2812,7.5372987
1401.1096,5.1825213,5.0722057e-05,2.8868604,-126.82475087882436,79,7339.8135,32.16,3231025700.0,7900,197207,[-0.802 -0.795 -0.833  2.32  -1.245],28822.742,100,-3.4238815,1078.6868968009949,6.962799,7.6293946e-07,40.845272,7339.8135,457.60052
1466.2479,1.0864397,0.24450798,2.9294553,-124.68638020959976,80,1594.1387,30.65,766247.94,8000,200272,[-0.757 -0.801 -0.865  2.273 -1.217],1.4103945,100,-3.7069702,1094.1076400279999,8.235466,3.6621093e-06,0.60356426,1594.1387,3.6558008
1521.7039,1.1025017,0.02377788,2.6181278,-123.80929612600623,81,1679.1161,29.63,3117048.2,8100,203235,[-0.747 -0.792 -0.864  2.27  -1.231],2.969966,100,-3.7917023,1107.769804239273,7.463875,1.3732911e-06,1.1717082,1679.1161,7.425188
1556.7832,1.7390369,0.0029861587,2.363373,-123.76770984192082,82,2720.3816,29.11,128156500.0,8200,206146,[-0.719 -0.797 -0.876  2.266 -1.23 ],210.5777,100,-3.5879517,1121.0674538612366,7.642502,-1.1138916e-05,7.355986,2720.3816,75.65029
1522.1936,1.1097755,0.003464657,2.8502564,-124.10279717946547,83,1689.7014,29.68,4027974.2,8300,209114,[-0.676 -0.791 -0.854  2.255 -1.258],2.5075486,100,-3.3399048,1134.896624326706,7.72908,2.3651123e-06,1.3222696,1689.7014,17.686165
1482.5365,1.6383021,3.164981e-06,2.7722843,-124.78808788595059,84,2438.3667,30.42,132771416.0,8400,212156,[-0.686 -0.775 -0.842  2.266 -1.256],742963.8,100,-3.7794952,1148.6746933460236,7.1266327,-3.890991e-06,7.8052087,2438.3667,99.12372
1504.5977,1.6926626,1.5089902e-06,2.9118285,-124.33578933185261,85,2564.7444,29.99,251658260.0,8500,215155,[-0.704 -0.811 -0.875  2.259 -1.274],5084.037,100,-3.3244553,1163.0259101390839,8.573967,7.3242186e-06,10.663157,2564.7444,111.96468
1545.3602,4.437243,3.7588482e-10,2.7321148,-123.03156632359827,86,6898.634,29.13,4452366300.0,8600,218068,[-0.692 -0.779 -0.86   2.27  -1.279],6406738000.0,100,-3.6522827,1177.682635307312,7.4178467,-2.3651123e-06,43.415382,6898.634,447.36316
1513.5419,1.4880906,0.0008083828,2.4421244,-124.1217145677096,87,2259.835,29.82,83504984.0,8700,221050,[-0.679 -0.825 -0.942  2.335 -1.276],107.391495,100,-3.8361588,1192.9435858726501,5.8204575,5.340576e-07,6.086381,2259.835,95.70383
1586.9321,3.9406478,6.9524213e-09,2.7122037,-122.52910228194696,88,6298.282,28.45,2805027000.0,8800,223895,[-0.666 -0.814 -0.916  2.348 -1.295],236320170000000.0,100,-3.61895,1205.741854429245,7.8624954,1.9073486e-06,33.60586,6298.282,625.393
1503.5715,2.2183425,2.5533516e-05,2.6830473,-124.35143581487246,89,3355.2456,30.01,158751600.0,8900,226896,[-0.647 -0.773 -0.874  2.367 -1.237],216.9644,100,-3.6089706,1221.5476627349854,6.5032043,-4.272461e-06,8.434244,3355.2456,65.08937
1649.995,1.1346104,0.00087136653,2.4649787,-122.65762823230513,90,1873.1736,27.64,8299585.5,9000,229660,[-0.632 -0.791 -0.913  2.367 -1.25 ],144.06502,100,-2.9683151,1235.02179646492,8.15538,7.019043e-06,1.7517847,1873.1736,19.124453
1588.4095,1.1024697,0.010734072,2.29154,-123.12800363245589,91,1752.0894,28.55,2230841.0,9100,232515,[-0.609 -0.788 -0.894  2.386 -1.237],2.317598,100,-2.8712082,1247.7755649089813,6.339676,-5.340576e-06,0.94982326,1752.0894,7.3537607
1477.7441,8.984603,6.3245466e-06,2.8396618,-124.60718868475534,92,13427.118,30.46,8355264500.0,9200,235561,[-0.612 -0.809 -0.903  2.387 -1.247],1037.9443,100,-3.5463867,1260.358214378357,7.890747,-7.400513e-06,62.330948,13427.118,574.7986
1555.3679,4.806963,3.1971106e-06,2.658797,-123.39717859860737,93,7539.471,29.06,2900035000.0,9300,238467,[-0.634 -0.824 -0.884  2.453 -1.274],76480.13,100,-3.4001465,1276.1952867507935,7.252144,-5.1116945e-06,34.94487,7539.471,483.6021
1476.1697,3.105513,6.5943495e-06,2.5590963,-124.93475847488948,94,4623.1616,30.55,399979900.0,9400,241522,[-0.609 -0.803 -0.858  2.463 -1.249],1160.5538,100,-3.2985992,1291.8088269233704,6.002739,6.4849855e-06,13.68791,4623.1616,125.83211
1589.1184,25.283937,2.0707745e-07,2.2780287,-123.68261880647431,95,40521.133,28.65,132078240000.0,9500,244387,[-0.529 -0.812 -0.873  2.396 -1.314],91446890.0,100,-3.1662445,1306.7931530475616,7.1513214,-2.8991699e-06,231.1028,40521.133,4727.0415
1586.5123,1.3495125,0.007407276,2.4167714,-123.1961558753682,96,2149.9744,28.59,31284940.0,9600,247246,[-0.557 -0.795 -0.908  2.398 -1.295],25.304934,100,-3.1825943,1323.0631413459778,6.932358,2.0599366e-06,3.5834732,2149.9744,40.080505
1502.8507,1.7804878,1.2080876e-05,2.6127565,-124.38644961775155,97,2682.114,30.03,315202240.0,9700,250249,[-0.567 -0.816 -0.9    2.397 -1.3  ],38252.566,100,-3.5033722,1335.2380647659302,7.867264,-3.2806397e-06,11.941427,2682.114,150.81633
1547.5619,1.1900587,0.014105205,2.4140153,-123.90811852991774,98,1843.8428,29.27,7192208.0,9800,253176,[-0.529 -0.862 -0.896  2.454 -1.315],6.0658684,100,-3.020584,1349.4634611606598,6.5372696,-1.04522705e-05,1.7516781,1843.8428,14.975916
1555.1392,1.3588862,0.0028489723,2.5115955,-123.52503880997669,99,2118.2751,29.09,25058586.0,9900,256085,[-0.523 -0.855 -0.91   2.452 -1.333],8.36159,100,-3.2387009,1362.3210072517395,6.890915,-3.4332274e-06,3.2714539,2118.2751,54.41873
1556.955,1.0415212,0.11860059,2.6134605,-123.61256587523168,100,1621.9425,29.08,980171.56,10000,258993,[-0.555 -0.849 -0.917  2.474 -1.302],1.4347448,100,-3.2695236,1376.4830932617188,7.325554,1.1444092e-06,0.64272255,1621.9425,3.6179812
1588.0298,1.2804425,0.00900397,2.2908547,-123.42781726511008,101,2036.6904,28.61,14943286.0,10100,261854,[-0.557 -0.858 -0.916  2.475 -1.33 ],14.227367,100,-3.126068,1389.926244020462,8.606621,9.002685e-06,2.4639623,2036.6904,35.47109
1539.6492,1.8845881,6.333308e-05,2.4461496,-123.98051055697265,102,2912.7627,29.4,342491330.0,10200,264794,[-0.582 -0.864 -0.904  2.477 -1.315],12959.74,100,-3.01651,1402.4879486560822,6.5562973,5.7983398e-06,12.10937,2912.7627,120.18927
1486.7626,1.892321,0.00077647687,2.7220373,-124.66920792799438,103,2820.523,30.33,43783150.0,10300,267827,[-0.567 -0.83  -0.918  2.452 -1.278],27.571262,100,-3.2510147,1417.6609609127045,7.6672897,3.6621093e-06,4.4721885,2820.523,39.79431
1522.9835,7.045179,5.762309e-07,2.2941413,-124.04567170063467,104,10847.979,29.66,9456436000.0,10400,270793,[-0.56  -0.837 -0.913  2.503 -1.274],4182712.0,100,-3.109291,1432.0884759426117,5.8311462,-7.781982e-06,64.64628,10847.979,828.9474
1539.5676,3.1168485,7.4511067e-06,2.4557111,-124.0531801366234,105,4845.2563,29.42,945166140.0,10500,273735,[-0.53  -0.837 -0.872  2.503 -1.278],10865.767,100,-3.1910095,1448.403307914734,6.619484,-3.6621093e-06,20.36328,4845.2563,269.593
1511.5984,272.10416,1.3368264e-15,2.3593147,-124.52717720661634,106,411005.06,29.93,16590187000000.0,10600,276728,[-0.524 -0.794 -0.884  2.467 -1.279],1.08668065e+27,100,-3.0606003,1464.3282132148743,5.5427475,-8.31604e-06,2706.9614,411005.06,65044.85
1556.2601,2181.7878,1.7146215e-11,2.3189342,-123.86507541730151,107,3427343.5,29.14,1173961800000000.0,10700,279642,[-0.492 -0.747 -0.789  2.427 -1.274],47531090000.0,100,-2.9128418,1475.7937042713165,6.3891296,-3.0517577e-07,22119.215,3427343.5,359062.62
1501.3932,1.6842484,1.4127946e-11,2.2797866,-124.6273209744438,108,2530.9167,30.1,161046750.0,10800,282652,[-0.518 -0.759 -0.828  2.378 -1.32 ],6343934000000000.0,100,-2.944664,1491.5355722904205,5.756317,8.31604e-06,8.574968,2530.9167,189.95679
1512.7803,7.791289,4.6646204e-19,2.2780564,-124.39192757714609,109,11819.948,29.88,13110915000.0,10900,285640,[-0.49  -0.726 -0.772  2.394 -1.333],1.7596402e+25,100,-3.294426,1505.573734998703,6.9297256,1.9073486e-06,75.67643,11819.948,806.9111
1511.6805,7.3159966,3.228165e-06,2.2916882,-124.90109101644292,110,11188.592,29.99,10632275000.0,11000,288639,[-0.469 -0.709 -0.694  2.409 -1.341],30562.3,100,-2.9513626,1521.0422112941742,6.0280304,9.07898e-06,68.695206,11188.592,742.50085
1444.898,2.722597,7.467995e-06,2.3813689,-126.81996764844786,111,3968.1055,31.43,625281860.0,11100,291782,[-0.486 -0.674 -0.649  2.408 -1.345],7061.605,100,-2.7782135,1536.8514921665192,5.988594,2.2125244e-06,17.548738,3968.1055,171.85281
1629.8663,1.6516975,0.00014698836,2.0064487,-123.18339621337228,112,2698.5195,27.99,73381070.0,11200,294581,[-0.465 -0.671 -0.68   2.392 -1.352],647.31683,100,-2.705925,1551.5002274513245,5.693077,4.9591063e-06,5.372656,2698.5195,86.804115
1581.6647,3.0467918,1.1745058e-06,2.1321275,-124.16261212526544,113,4829.066,28.83,853399400.0,11300,297464,[-0.486 -0.691 -0.675  2.364 -1.375],788272.75,100,-2.866333,1565.833654165268,5.9548492,6.866455e-06,18.539854,4829.066,282.59866
1465.1471,1.4934369,5.32742e-07,2.2730281,-125.37539350664709,114,2200.8777,30.81,149948210.0,11400,300545,[-0.462 -0.715 -0.722  2.349 -1.362],55453860.0,100,-3.4423676,1581.8527896404266,5.545845,-2.2888185e-06,8.466831,2200.8777,88.701996
1502.8058,98.61844,2.5128729e-19,2.090689,-125.51888414295367,115,149370.06,30.26,2225258600000.0,11500,303571,[-0.41  -0.707 -0.704  2.371 -1.39 ],inf,100,-2.7231522,1596.281713962555,6.2580566,9.689331e-06,997.8227,149370.06,13290.697
1575.3276,1.6157486,0.0010714981,2.314399,-123.58992242620413,116,2557.786,28.82,55114800.0,11600,306453,[-0.442 -0.762 -0.792  2.393 -1.328],43.171417,100,-3.3579865,1611.3446595668793,6.339058,9.155274e-06,4.7961426,2557.786,68.03337
1624.9639,2.015365,0.0010709552,2.186367,-123.11194222933517,117,3297.2793,28.05,464638560.0,11700,309258,[-0.415 -0.786 -0.793  2.372 -1.324],2011.9851,100,-2.6731644,1625.3944268226624,5.878395,1.3732911e-06,13.497867,3297.2793,278.05145
1402.0142,20.50369,3.1796458e-28,2.5236034,-126.43917636659945,118,29092.553,32.07,72016250000.0,11800,312465,[-0.404 -0.804 -0.801  2.321 -1.324],8.220791e+33,100,-3.01326,1640.6608047485352,6.9469147,6.6375733e-06,194.13512,29092.553,2009.2953
1515.043,2.067889,3.3403623e-08,2.6374552,-124.02804857621769,119,3131.701,29.77,320403520.0,11900,315442,[-0.48  -0.856 -0.836  2.285 -1.331],5454777.0,100,-3.8934631,1655.6224524974823,6.2428894,8.392334e-07,12.297063,3131.701,394.21643
1566.407,1.0593132,0.16355452,2.2908568,-124.08468393308652,120,1660.1061,29.04,1190250.2,12000,318346,[-0.488 -0.798 -0.799  2.276 -1.329],1.4507681,100,-2.5918274,1670.1207439899445,6.4136734,-1.3732911e-06,0.6979115,1660.1061,5.3282967
1528.3835,2.3277328,0.00067818456,2.7001307,-124.18656201025557,121,3583.6187,29.6,430781660.0,12100,321306,[-0.51  -0.777 -0.787  2.27  -1.332],1326.8855,100,-3.5168228,1683.1962611675262,7.022873,9.155273e-07,13.82009,3583.6187,174.11584
1511.0907,1.2414668,0.00034888764,2.4562984,-124.88134851655093,122,1877.3691,30.0,33352916.0,12200,324306,[-0.488 -0.798 -0.781  2.239 -1.32 ],218.9885,100,-3.2444763,1697.9089682102203,7.599556,2.822876e-06,3.8347626,1877.3691,37.233006
1501.0189,3.044675,9.3241437e-07,2.2973049,-125.38303013319701,123,4602.5986,30.25,1443780500.0,12300,327331,[-0.482 -0.798 -0.757  2.259 -1.308],216331.28,100,-3.142128,1711.7388994693756,6.808998,1.0147095e-05,25.617502,4602.5986,263.27982
1445.5135,1.2249919,0.008563737,2.3501277,-126.30474399224842,124,1777.0308,31.31,21075090.0,12400,330462,[-0.524 -0.847 -0.762  2.296 -1.322],8.901977,100,-2.8375244,1727.6931443214417,7.113083,-2.822876e-06,3.22221,1777.0308,40.60428
1464.2467,1.9377687,1.6778001e-06,2.5226622,-125.67485419723712,125,2853.3997,30.88,98595670.0,12500,333550,[-0.493 -0.867 -0.769  2.272 -1.317],136.6686,100,-3.1807175,1740.7374215126038,7.7748947,-2.2125244e-06,6.850639,2853.3997,94.28592
1450.1786,8.591637,5.0623394e-10,2.3971088,-126.20662673392137,126,12533.328,31.21,13608621000.0,12600,336671,[-0.483 -0.86  -0.739  2.26  -1.33 ],875613040000000.0,100,-2.8699799,1755.5928914546967,6.74279,-2.2125244e-06,81.357506,12533.328,2334.1277
1477.0974,1.4032756,0.0011066346,1.910854,-126.4946287606981,127,2081.168,30.84,62702880.0,12700,339755,[-0.433 -0.848 -0.697  2.276 -1.322],266.2159,100,-2.5734253,1772.64280128479,6.5034103,7.476807e-06,5.435525,2081.168,77.97845
1407.8835,1.1675997,0.008120496,2.3409636,-127.6518423552767,128,1647.2495,32.21,12608997.0,12800,342976,[-0.402 -0.866 -0.681  2.282 -1.315],13.783186,100,-2.7278366,1787.6053836345673,5.617737,-1.5258789e-06,2.543288,1647.2495,27.291403
1479.4431,29.35374,1.9091317e-11,2.215355,-126.18805287510305,129,43629.3,30.74,184798430000.0,12900,346050,[-0.415 -0.867 -0.682  2.239 -1.314],4.6118626e+20,100,-2.884636,1801.2311391830444,6.8488235,-1.2283325e-05,291.3437,43629.3,3146.418
1465.4336,4.7138467,8.54562e-06,2.4167538,-125.97258632613855,130,6983.3384,30.92,2796179000.0,13000,349142,[-0.45  -0.845 -0.735  2.263 -1.27 ],5791.294,100,-2.8102798,1818.2741539478302,6.8750153,1.3427734e-05,36.296204,6983.3384,381.13855
1373.6992,1.9221914,1.006789e-06,2.8122823,-126.73406658054162,131,2656.8413,32.61,118342700.0,13100,352403,[-0.473 -0.854 -0.749  2.225 -1.273],30602.717,100,-3.851715,1833.8130557537079,6.7294083,-2.9754638e-06,8.007927,2656.8413,102.13068
1394.691,1.5031288,8.484453e-05,2.6413152,-126.9886969044295,132,2102.7632,32.3,116655070.0,13200,355633,[-0.496 -0.881 -0.771  2.212 -1.298],381.95758,100,-3.1263123,1848.650638103485,6.53022,-1.0681152e-06,7.8372803,2102.7632,77.376595
1486.851,7.2937775,7.159568e-28,2.5913434,-125.52302196196194,133,10885.88,30.49,11627945000.0,13300,358682,[-0.537 -0.886 -0.754  2.2   -1.279],3.2319943e+34,100,-3.2517776,1863.1646099090576,7.4094925,-4.653931e-06,72.67521,10885.88,860.7486
1407.1969,8.967157,4.201913e-10,2.461619,-127.65747379930151,134,12703.639,32.22,15030564000.0,13400,361904,[-0.494 -0.877 -0.676  2.254 -1.295],172373890.0,100,-3.0422058,1879.1227760314941,6.666847,1.3046265e-05,87.60728,12703.639,898.2941
1417.018,2.5510511,1.9775078e-07,2.3851109,-126.86004147986459,135,3634.44,31.89,787844030.0,13500,365093,[-0.479 -0.846 -0.71   2.271 -1.339],1762536.6,100,-2.9325027,1894.4317705631256,7.376381,3.3569336e-06,19.91132,3634.44,206.13617
1485.0775,3.185366,1.5757828e-07,2.3458004,-125.5324870840884,136,4761.073,30.52,1238273500.0,13600,368145,[-0.425 -0.892 -0.747  2.243 -1.32 ],1636754.4,100,-3.0034637,1909.1966762542725,7.168648,-9.689331e-06,23.934504,4761.073,362.14203
1448.9918,2.28716,0.0005745362,2.2844758,-126.51053441862706,137,3311.0698,31.29,505145180.0,13700,371274,[-0.423 -0.889 -0.707  2.273 -1.316],2908.4958,100,-2.7771301,1923.2033340930939,7.1993866,2.1362305e-06,15.60572,3311.0698,436.81207
1372.1943,1.3147584,0.00060103426,2.777752,-127.43301206297247,138,1809.4907,32.78,22215408.0,13800,374552,[-0.407 -0.887 -0.722  2.326 -1.25 ],28.692932,100,-3.4638824,1938.5925011634827,7.3587265,-1.0528564e-05,3.4516633,1809.4907,41.511192
1420.423,1.1937099,0.008804797,2.473678,-127.13920816567519,139,1698.8002,31.89,11916179.0,13900,377741,[-0.416 -0.866 -0.706  2.349 -1.266],12.83851,100,-3.1420288,1953.0667543411255,6.5493164,4.272461e-06,2.4513369,1698.8002,17.55474
1413.7587,15.863148,2.3854624e-10,2.2324004,-127.23171744112939,140,22648.78,32.02,44190695000.0,14000,380943,[-0.426 -0.875 -0.696  2.323 -1.246],8.515946e+27,100,-3.020546,1966.9779374599457,6.7756195,1.9836425e-06,150.14737,22648.78,1564.5513
1467.2626,1.722553,7.482863e-05,2.261082,-126.36511241544804,141,2536.5986,30.97,96562580.0,14100,384040,[-0.566 -0.832 -0.692  2.396 -1.156],470.43613,100,-2.869995,1982.8350155353546,6.16024,-4.5013426e-06,6.747316,2536.5986,56.677395
1299.612,4.4805665,6.9282137e-06,2.6805809,-128.86522488313562,142,5865.034,34.43,1874560800.0,14200,387483,[-0.609 -0.842 -0.667  2.424 -1.187],23773.422,100,-3.693306,1998.3120889663696,5.7553406,3.2806397e-06,33.429276,5865.034,416.12842
1394.1251,5.4573593,7.99297e-10,2.4432497,-127.53460205154975,143,7630.3965,32.41,4243632600.0,14300,390724,[-0.645 -0.779 -0.613  2.408 -1.203],89955240000.0,100,-3.0798645,2013.943990945816,6.774063,-5.41687e-06,47.993645,7630.3965,1850.0454
1377.9363,1.1823199,0.016305031,2.639834,-127.5824466907182,144,1631.3773,32.71,5147510.5,14400,393995,[-0.637 -0.812 -0.66   2.356 -1.191],4.4247055,100,-3.25383,2029.7152597904205,7.1974716,-2.1362305e-06,1.6603603,1631.3773,13.442792
1444.7723,4.8051577,1.7393453e-15,2.2115319,-127.03868964832736,145,7014.2754,31.46,3552250000.0,14500,397141,[-0.676 -0.808 -0.65   2.359 -1.2  ],1.907533e+19,100,-2.8777313,2044.2882950305939,6.5915985,3.0517579e-06,41.712997,7014.2754,433.0174
1256.2614,8.696881,1.6055949e-06,2.4530277,-131.46201789025352,146,11051.209,35.87,9807315000.0,14600,400728,[-0.698 -0.729 -0.58   2.236 -1.26 ],18227342.0,100,-2.6450653,2060.5360581874847,6.541565,6.1035157e-06,79.247894,11051.209,908.1131
1319.6638,18.444603,1.7904394e-25,2.4568534,-129.45056891631785,147,24455.262,34.17,59065060000.0,14700,404145,[-0.687 -0.757 -0.547  2.288 -1.262],inf,100,-2.874199,2077.490746974945,6.7296066,-2.0599366e-06,184.75615,24455.262,1883.1854
1300.1305,1.5041578,1.8467063e-05,2.252667,-130.22048388809642,148,1960.4913,34.71,43730770.0,14800,407616,[-0.595 -0.67  -0.496  2.276 -1.27 ],6653.3267,100,-2.7120056,2093.4226710796356,6.5347214,-6.8664554e-07,5.134509,1960.4913,61.909096
1338.048,3.6892855,1.484691e-22,2.2801561,-129.41492453692118,149,4975.9653,33.82,950194000.0,14900,410998,[-0.587 -0.666 -0.472  2.317 -1.257],3.6101108e+33,100,-2.7032318,2107.965782403946,5.757332,-3.967285e-06,23.300415,4975.9653,243.83748
1272.0818,11.3986,3.7193708e-08,2.2084806,-130.97909353219606,150,14813.629,35.44,20235141000.0,15000,414542,[-0.52  -0.606 -0.425  2.348 -1.253],767873.94,100,-2.6926727,2124.703950881958,6.368019,-1.8310546e-06,114.53388,14813.629,1214.1638
1266.063,2.4045415,2.0285912e-05,2.1155696,-131.40717818863234,151,3085.99,35.65,554225700.0,15100,418107,[-0.537 -0.62  -0.386  2.346 -1.273],924.7342,100,-2.5490265,2141.848646879196,5.627365,-3.8146973e-07,19.043432,3085.99,201.9602
1266.1576,1.0927116,0.003003256,1.8898648,-131.92909257396303,152,1386.0321,35.76,1675445.9,15200,421683,[-0.486 -0.604 -0.384  2.351 -1.32 ],2.9706855,100,-2.1846237,2157.634277820587,5.4806824,-1.0757446e-05,1.0399296,1386.0321,14.932725
1275.4834,2.7423415,0.00012531104,1.830121,-131.52229052879576,153,3528.7322,35.48,346908400.0,15300,425231,[-0.509 -0.61  -0.391  2.353 -1.316],150250.44,100,-2.3673859,2172.534853696823,4.9845963,-4.348755e-06,14.683559,3528.7322,229.26059
1406.3175,1.754555,1.6876532e-10,1.7775197,-128.51662800470652,154,2481.1863,32.4,60663484.0,15400,428471,[-0.501 -0.608 -0.418  2.315 -1.331],29240165000000.0,100,-2.3004456,2187.5510017871857,4.9989777,6.8664554e-07,5.5994844,2481.1863,47.360443
1294.4578,1.0823073,0.041300986,1.9455159,-130.34386649762342,155,1402.3455,34.85,1448093.2,15500,431956,[-0.592 -0.594 -0.442  2.366 -1.303],1.9604535,100,-2.8238678,2203.5619723796844,5.10585,-5.8746336e-06,0.9370337,1402.3455,9.587918
1316.8806,1.0973159,0.0544657,2.0966847,-129.73156680906038,156,1447.1255,34.28,2645424.2,15600,435384,[-0.605 -0.607 -0.448  2.377 -1.283],2.9656262,100,-2.9010086,2218.6838269233704,5.661682,3.8146973e-07,1.2547929,1447.1255,16.98788
1187.7528,1.2987752,0.00094666576,2.199245,-133.62965220309496,157,1554.4437,37.86,54030100.0,15700,439170,[-0.591 -0.627 -0.449  2.373 -1.28 ],55.391094,100,-2.4094315,2233.9468688964844,5.7682953,-2.3651123e-06,6.2924027,1554.4437,93.53822
1246.2273,1.0987,0.039514035,1.7422369,-131.99935915381425,158,1371.6401,36.19,1588549.1,15800,442789,[-0.595 -0.65  -0.451  2.353 -1.29 ],2.6446505,100,-2.441269,2248.8690164089203,4.3269043,-5.340576e-06,1.0274804,1371.6401,7.691036
1301.7395,9.725246,7.6844217e-13,1.8412936,-130.87244604582855,159,12814.069,34.82,15230403000.0,15900,446271,[-0.616 -0.632 -0.453  2.359 -1.314],196311060000000.0,100,-2.3271484,2262.7057480812073,5.146042,8.010864e-06,96.93117,12814.069,3282.1794
1316.8148,1.077237,0.011354445,2.029801,-130.16385223402224,160,1419.4236,34.38,1200231.6,16000,449709,[-0.595 -0.587 -0.42   2.407 -1.331],2.3025885,100,-2.5520248,2279.3584673404694,5.45977,-1.0604858e-05,0.8390192,1419.4236,5.207622
1297.8551,1.1590629,0.00491552,1.9237986,-130.48496120110218,161,1505.8633,34.81,3376389.2,16100,453190,[-0.573 -0.584 -0.412  2.4   -1.341],5.1803102,100,-2.6621246,2293.147185564041,5.257202,-2.822876e-06,1.4373249,1505.8633,12.586313
1261.5455,1.4049094,0.0002591231,1.9964842,-131.91909349770884,162,1779.5789,35.86,16144085.0,16200,456776,[-0.581 -0.567 -0.42   2.382 -1.34 ],112.88602,100,-2.306778,2307.306225538254,5.1687927,-7.5531007e-06,3.215068,1779.5789,59.73449
1475.8055,1.0510243,0.1862822,1.8842262,-126.81888613012732,163,1552.0983,30.91,342901.16,16300,459867,[-0.561 -0.576 -0.403  2.4   -1.338],1.2185224,100,-2.5020142,2320.7908730506897,5.993286,3.2806397e-06,0.40251237,1552.0983,4.395241
1358.4852,1.5525334,2.3871705e-09,1.982991,-129.602009496198,164,2107.4314,33.48,75050170.0,16400,463215,[-0.552 -0.586 -0.402  2.398 -1.347],46025576000.0,100,-2.2451935,2333.9500987529755,5.8538895,9.155274e-06,6.45308,2107.4314,216.4701
1169.1406,31.26964,7.417956e-09,1.6928052,-134.36471435198487,165,37454.035,38.44,124538910000.0,16500,467059,[-0.519 -0.604 -0.368  2.421 -1.343],5897805.5,100,-2.3450012,2349.88281083107,4.788864,-4.196167e-06,307.94907,37454.035,3260.8235
1229.8833,1.3124754,0.0064252443,1.8707665,-132.85796657201442,166,1618.0356,36.74,6745021.0,16600,470733,[-0.521 -0.576 -0.392  2.448 -1.339],5.1658435,100,-2.297577,2366.5712480545044,5.091362,-1.5258789e-06,2.1077871,1618.0356,19.869158
1245.6572,2.0845177,4.587144e-05,1.9407043,-131.96581701197954,167,2622.278,36.21,149212270.0,16700,474354,[-0.52  -0.6   -0.412  2.48  -1.355],1715.6907,100,-2.4654465,2382.3193757534027,5.3499374,,9.956726,2622.278,118.932755
1330.0504,1.0923232,0.118658125,1.9628776,-129.51768545545593,168,1454.0756,33.99,2194428.5,16800,477753,[-0.523 -0.579 -0.431  2.464 -1.354],2.4056802,100,-2.7516327,2397.076545715332,5.5332413,8.850097e-06,1.1345574,1454.0756,17.757046
1305.632,12.26465,5.924912e-10,1.8805096,-130.58137294980853,169,16268.787,34.69,22590394000.0,16900,481222,[-0.488 -0.588 -0.432  2.457 -1.366],10959500000.0,100,-2.3575058,2411.944695711136,5.7003555,-1.1444092e-06,116.29351,16268.787,1222.5686
1305.426,1.3696921,0.00017892601,2.2308438,-130.68905930730895,170,1795.0482,34.71,53371748.0,17000,484693,[-0.507 -0.649 -0.468  2.477 -1.391],92.373634,100,-2.4387589,2428.802804708481,6.219185,-4.653931e-06,5.6403985,1795.0482,61.790154
1367.6754,19.2704,3.0874304e-21,1.9349991,-129.50400601837288,171,26909.045,33.29,71953860000.0,17100,488022,[-0.512 -0.656 -0.447  2.498 -1.398],2.096723e+27,100,-2.3391647,2443.974203109741,6.563011,1.9836425e-06,200.88396,26909.045,2124.6182
1143.7836,1.0786172,0.007406202,1.9135048,-135.1102191517383,172,1233.1907,39.23,1720565.1,17200,491945,[-0.61  -0.638 -0.402  2.522 -1.417],3.0644226,100,-2.3071442,2461.0046212673187,5.053192,3.5858154e-06,1.1601254,1233.1907,8.006438
1322.3685,1.711555,0.0010783527,1.9070709,-130.18557643959687,173,2274.222,34.27,80223540.0,17300,495372,[-0.59  -0.629 -0.401  2.51  -1.426],100.87364,100,-2.3775253,2475.0087168216705,5.092125,7.400513e-06,6.8438697,2274.222,133.41736
1114.5558,3.6635458,1.1244056e-07,1.9222977,-135.86930408573267,174,4152.6895,40.14,1007289500.0,17400,499386,[-0.619 -0.582 -0.374  2.476 -1.427],31421.27,100,-2.352211,2491.2350840568542,4.9069138,-9.918213e-07,28.953394,4152.6895,401.2532
1269.1445,2.0860856,4.04069e-08,1.5846391,-131.89043854146053,175,2658.3281,35.7,176992530.0,17500,502956,[-0.568 -0.544 -0.358  2.411 -1.442],11127785.0,100,-2.08255,2507.4896907806396,5.1358643,-4.196167e-06,10.494059,2658.3281,138.62173
1011.58044,40.73766,,1.6566939,-140.14162650240004,176,40746.72,44.0,165148660000.0,17600,507356,[-0.553 -0.558 -0.333  2.469 -1.459],inf,100,-2.0008698,2524.9337723255157,4.908493,-2.4414062e-06,432.80115,40746.72,35096.195
1250.6451,1.0177131,0.31984538,2.0916805,-131.91781124141963,177,1273.8163,36.08,154989.86,17700,510964,[-0.553 -0.653 -0.41   2.424 -1.444],1.1234168,100,-2.4130402,2541.9999809265137,5.53862,1.1444092e-05,0.31972656,1273.8163,2.9401383
1252.3464,23.94877,1.0636681e-08,2.1341481,-131.76861371605975,178,30543.111,36.01,90619920000.0,17800,514565,[-0.549 -0.659 -0.415  2.425 -1.442],1994539700000000.0,100,-2.4644852,2555.093202114105,6.387779,-7.6293944e-08,243.12491,30543.111,2560.5862
1127.0907,1.4170822,7.972892e-05,1.8230119,-135.56273666476926,179,1604.5232,39.74,52326610.0,17900,518539,[-0.56  -0.641 -0.375  2.452 -1.429],925.5032,100,-2.2904358,2575.0657007694244,4.979042,-8.087158e-06,6.433544,1604.5232,85.227646
1198.8499,1.8614738,2.1417243e-05,1.9903038,-133.01369216144764,180,2251.7273,37.45,131241270.0,18000,522284,[-0.579 -0.652 -0.395  2.439 -1.435],41907.508,100,-2.4740295,2590.362307071686,5.1125565,-1.7547608e-06,10.169262,2251.7273,307.3014
912.95483,1.3958519,5.2763673e-05,2.0191524,-143.95983652151284,181,1283.8708,48.18,6015935.5,18100,527102,[-0.56  -0.665 -0.371  2.425 -1.42 ],27845.42,100,-2.2106476,2607.743147611618,5.9417496,5.41687e-06,2.7225525,1283.8708,36.59014
954.4364,1.5067868,3.921844e-15,1.7884942,-142.35845284051857,182,1447.32,46.34,28908360.0,18200,531736,[-0.52  -0.674 -0.368  2.408 -1.416],8.283027e+21,100,-2.3629074,2624.9120876789093,6.845955,-7.476807e-06,5.661263,1447.32,94.67377
1045.9204,3.52625,3.7654827e-06,1.9089042,-137.75614925066105,183,3751.7578,42.41,869377200.0,18300,535977,[-0.568 -0.674 -0.371  2.445 -1.413],50723216.0,100,-2.5002594,2642.1333224773407,4.7873993,-2.8991699e-06,28.446487,3751.7578,492.6686
1030.5778,1.7275083,3.6137878e-06,1.7583987,-138.90703795501793,184,1778.392,43.12,64551816.0,18400,540289,[-0.514 -0.673 -0.364  2.441 -1.444],829002.4,100,-2.3306274,2659.682763814926,4.848114,7.171631e-06,7.900343,1778.392,104.65504
1129.4132,2.1954637,0.001026564,1.877499,-135.90141600839328,185,2528.7979,39.76,216057140.0,18500,544265,[-0.498 -0.634 -0.365  2.438 -1.422],1755.6139,100,-2.1062012,2674.865243911743,5.394165,-9.765625e-06,13.345908,2528.7979,174.28148
1216.3156,1.2287372,0.009472406,1.8813126,-132.4286808296135,186,1493.3004,36.92,2808502.5,18600,547957,[-0.527 -0.639 -0.36   2.446 -1.413],3.2770782,100,-2.6391373,2689.50701212883,6.0319824,-4.5013426e-06,1.3810606,1493.3004,9.694696
1015.6583,42.98318,5.974771e-12,1.7131774,-139.385175833675,187,44468.543,43.69,189725740000.0,18700,552326,[-0.533 -0.615 -0.351  2.411 -1.408],92984570000.0,100,-2.2989426,2706.063661813736,4.7736664,-6.408691e-06,430.39227,44468.543,10127.744
1317.2012,1.7878486,3.055994e-05,1.9188752,-130.11006795964838,188,2380.1345,34.35,174848020.0,18800,555761,[-0.534 -0.644 -0.39   2.405 -1.409],23530.557,100,-2.5553055,2723.42241358757,5.0833664,2.1362305e-06,10.279408,2380.1345,121.72994
1035.3696,1.1593397,0.002413787,2.0747256,-138.1916784382413,189,1200.8723,42.82,4085657.0,18900,560043,[-0.578 -0.652 -0.374  2.396 -1.396],6.590964,100,-2.4159775,2740.1816387176514,5.0605392,-1.1444092e-06,1.9741907,1200.8723,16.655886
1019.7827,2.770402,1.2567814e-07,1.8660189,-139.33809077021655,190,2876.5781,43.55,516051360.0,19000,564398,[-0.585 -0.667 -0.369  2.408 -1.416],33743732.0,100,-2.2149658,2756.199778318405,5.164192,1.9836425e-06,22.61369,2876.5781,346.23325
1121.366,1.0759393,0.0875424,1.9181526,-135.48749105932632,191,1210.7876,39.86,2047393.2,19100,568384,[-0.615 -0.62  -0.376  2.397 -1.435],2.966686,100,-2.3013687,2773.409191131592,6.8719254,-4.043579e-06,1.2971817,1210.7876,10.301069
1126.1163,2.2300997,4.4595395e-06,2.1263466,-134.66817530179537,192,2530.347,39.56,170733400.0,19200,572340,[-0.637 -0.619 -0.375  2.392 -1.448],2414.8787,100,-2.6497574,2787.7841029167175,6.3302307,-3.1280517e-06,11.65723,2530.347,144.77718
987.7503,2.018969,0.00046939705,1.8682729,-139.85477119764582,193,2049.6833,44.66,126385860.0,19300,576806,[-0.626 -0.595 -0.353  2.389 -1.437],403.56442,100,-2.5239792,2805.969702720642,5.3007507,-3.0517579e-06,11.977767,2049.6833,132.41975
930.0621,1.2999337,0.0032867724,2.0453296,-142.56430634195866,194,1215.5695,47.26,8602777.0,19400,581532,[-0.63  -0.562 -0.346  2.385 -1.424],118.418495,100,-2.3691254,2823.6207106113434,5.555931,-4.5013426e-06,3.1997755,1215.5695,22.241209
1075.3972,1.4297606,0.0012749938,2.0154672,-136.65829259859964,195,1540.7334,41.35,10131978.0,19500,585667,[-0.644 -0.584 -0.35   2.38  -1.417],102.63574,100,-2.4291306,2838.502983570099,6.330261,-5.340576e-06,2.9651182,1540.7334,22.671806
928.4503,1.1131167,0.0029408608,1.8854907,-142.57084071056772,196,1033.8955,47.32,3060538.5,19600,590399,[-0.624 -0.593 -0.345  2.328 -1.44 ],14.487692,100,-2.2713394,2856.063443660736,5.020813,1.5258789e-07,1.9042149,1033.8955,28.576136
996.7327,1.1284262,0.0016793187,1.6595103,-139.87384087353982,197,1121.7363,44.39,4988277.5,19700,594838,[-0.609 -0.577 -0.338  2.33  -1.447],79.86318,100,-2.4553146,2872.2404539585114,4.9042435,-3.8146973e-07,2.250545,1121.7363,20.395298
948.6912,1.9858196,8.050097e-05,1.7936456,-142.13204734007334,198,1922.0894,46.5,76357860.0,19800,599488,[-0.617 -0.595 -0.356  2.326 -1.462],9623803.0,100,-2.1886978,2889.6446549892426,6.8370895,1.0070801e-05,9.485351,1922.0894,118.060684
863.305,3.1727617,0.00013128777,1.9376873,-145.33631231675744,199,2828.9075,50.42,534035070.0,19900,604530,[-0.648 -0.584 -0.347  2.31  -1.457],3123.1787,100,-2.6032486,2908.6659264564514,5.4307785,1.0757446e-05,27.271433,2828.9075,649.35455
756.8692,3.7916944,3.710774e-07,1.7509288,-151.8047407397162,200,2953.264,56.82,713195300.0,20000,610212,[-0.647 -0.604 -0.331  2.346 -1.505],81255.0,100,-2.1758423,2929.403429746628,5.2381287,3.0517579e-06,35.580563,2953.264,376.9046
917.38257,3.0487068,9.527897e-09,1.7048724,-142.52175358508393,201,2804.2651,47.7,324945820.0,20100,614982,[-0.654 -0.631 -0.322  2.349 -1.52 ],1754491900.0,100,-2.3184128,2948.050849914551,5.6299744,-9.231568e-06,19.751041,2804.2651,342.04535
